Workbook

Sheet SAM0_NEW
A1: SAM | B1: 1 a_AGRICULT | C1: 2 a_COAL | D1: 3 a_OIL | E1: 4 a_GAS | F1: 5 a_MINING | G1: 6 a_FOODPRO | H1: 7 a_TEXTILES | I1: 8 a_WOODPRO | J1: 9 a_PAPERPRO | K1: 10 a_PETROLCOAL | L1: 11 a_CHEMICAL | M1: 12 a_NONMET | N1: 13 a_IRONSTL | O1: 14 a_NONFERR | P1: 15 a_MACHINE | Q1: 16 a_TRANSEQ | R1: 17 a_OTHERIND | S1: 18 a_TnD | T1: 19 a_eNuclear | U1: 20 a_eCoal | V1: 21 a_eGas | W1: 22 a_eOil | X1: 23 a_eWind | Y1: 24 a_eSolar | Z1: 25 a_eHydro | AA1: 26 a_eOther | AB1: 27 a_CONSTRUC | AC1: 28 a_LTRP | AD1: 29 a_WTRP | AE1: 30 a_ATRP | AF1: 31 a_SER | AG1: 32 c_AGRICULT | AH1: 33 c_COAL | AI1: 34 c_OIL | AJ1: 35 c_GAS | AK1: 36 c_MINING | AL1: 37 c_FOODPRO | AM1: 38 c_TEXTILES | AN1: 39 c_WOODPRO | AO1: 40 c_PAPERPRO | AP1: 41 c_PETROLCOAL | AQ1: 42 c_CHEMICAL | AR1: 43 c_NONMET | AS1: 44 c_IRONSTL | AT1: 45 c_NONFERR | AU1: 46 c_MACHINE | AV1: 47 c_TRANSEQ | AW1: 48 c_OTHERIND | AX1: 49 c_ELEC | AY1: 50 c_CONSTRUC | AZ1: 51 c_LTRP | BA1: 52 c_WTRP | BB1: 53 c_ATRP | BC1: 54 c_SER | BD1: 55 Land | BE1: 56 UnSkLab | BF1: 57 SkLab | BG1: 58 Capital | BH1: 59 NatRes | BI1: 60 tmm_r_01KOR | BJ1: 61 tmm_r_02CHN | BK1: 62 tmm_r_03JPN | BL1: 63 tmm_r_04RUS | BM1: 64 tmm_r_05MNG | BN1: 65 tmm_r_06PRK | BO1: 66 tmm_r_07NAM | BP1: 67 tmm_r_08LAM | BQ1: 68 tmm_r_09WEU | BR1: 69 tmm_r_10EEU | BS1: 70 tmm_r_11FSU | BT1: 71 tmm_r_12MEA | BU1: 72 tmm_r_13AFR | BV1: 73 tmm_r_14CPA | BW1: 74 tmm_r_15SAS | BX1: 75 tmm_r_16PAS | BY1: 76 tmm_r_17PAO | BZ1: 77 tee_r_01KOR | CA1: 78 tee_r_02CHN | CB1: 79 tee_r_03JPN | CC1: 80 tee_r_04RUS | CD1: 81 tee_r_05MNG | CE1: 82 tee_r_06PRK | CF1: 83 tee_r_07NAM | CG1: 84 tee_r_08LAM | CH1: 85 tee_r_09WEU | CI1: 86 tee_r_10EEU | CJ1: 87 tee_r_11FSU | CK1: 88 tee_r_12MEA | CL1: 89 tee_r_13AFR | CM1: 90 tee_r_14CPA | CN1: 91 tee_r_15SAS | CO1: 92 tee_r_16PAS | CP1: 93 tee_r_17PAO | CQ1: 94 tf_Land | CR1: 95 tf_UnSkLab | CS1: 96 tf_SkLab | CT1: 97 tf_Capital | CU1: 98 tf_NatRes | CV1: 99 M1c20__R1r | CW1: 100 M2c21__R1r | CX1: 101 M3c22__R1r | CY1: 102 M1c20__R2r | CZ1: 103 M2c21__R2r | DA1: 104 M3c22__R2r | DB1: 105 M1c20__R3r | DC1: 106 M2c21__R3r | DD1: 107 M3c22__R3r | DE1: 108 M1c20__R4r | DF1: 109 M2c21__R4r | DG1: 110 M3c22__R4r | DH1: 111 M1c20__R5r | DI1: 112 M2c21__R5r | DJ1: 113 M3c22__R5r | DK1: 114 M1c20__R6r | DL1: 115 M2c21__R6r | DM1: 116 M3c22__R6r | DN1: 117 M1c20__R7r | DO1: 118 M2c21__R7r | DP1: 119 M3c22__R7r | DQ1: 120 M1c20__R8r | DR1: 121 M2c21__R8r | DS1: 122 M3c22__R8r | DT1: 123 M1c20__R9r | DU1: 124 M2c21__R9r | DV1: 125 M3c22__R9r | DW1: 126 M1c20__R10r | DX1: 127 M2c21__R10r | DY1: 128 M3c22__R10r | DZ1: 129 M1c20__R11r | EA1: 130 M2c21__R11r | EB1: 131 M3c22__R11r | EC1: 132 M1c20__R12r | ED1: 133 M2c21__R12r | EE1: 134 M3c22__R12r | EF1: 135 M1c20__R13r | EG1: 136 M2c21__R13r | EH1: 137 M3c22__R13r | EI1: 138 M1c20__R14r | EJ1: 139 M2c21__R14r | EK1: 140 M3c22__R14r | EL1: 141 M1c20__R15r | EM1: 142 M2c21__R15r | EN1: 143 M3c22__R15r | EO1: 144 M1c20__R16r | EP1: 145 M2c21__R16r | EQ1: 146 M3c22__R16r | ER1: 147 M1c20__R17r | ES1: 148 M2c21__R17r | ET1: 149 M3c22__R17r | EU1: 150 M1c20_L_pvst | EV1: 151 M2c21_W_pvst | EW1: 152 M3c22_A_pvst | EX1: 153 ww_r_01KOR | EY1: 154 ww_r_02CHN | EZ1: 155 ww_r_03JPN | FA1: 156 ww_r_04RUS | FB1: 157 ww_r_05MNG | FC1: 158 ww_r_06PRK | FD1: 159 ww_r_07NAM | FE1: 160 ww_r_08LAM | FF1: 161 ww_r_09WEU | FG1: 162 ww_r_10EEU | FH1: 163 ww_r_11FSU | FI1: 164 ww_r_12MEA | FJ1: 165 ww_r_13AFR | FK1: 166 ww_r_14CPA | FL1: 167 ww_r_15SAS | FM1: 168 ww_r_16PAS | FN1: 169 ww_r_17PAO | FO1: 170 PRIV | FP1: 171 PRODTAX | FQ1: 172 DIRTAX | FR1: 173 GOVT | FS1: 174 CGDS | FT1: Total
A2: 1 a_AGRICULT | B2: 0 | C2: 0 | D2: 0 | E2: 0 | F2: 0 | G2: 0 | H2: 0 | I2: 0 | J2: 0 | K2: 0 | L2: 0 | M2: 0 | N2: 0 | O2: 0 | P2: 0 | Q2: 0 | R2: 0 | S2: 0 | T2: 0 | U2: 0 | V2: 0 | W2: 0 | X2: 0 | Y2: 0 | Z2: 0 | AA2: 0 | AB2: 0 | AC2: 0 | AD2: 0 | AE2: 0 | AF2: 0 | AG2: 1059.48 | AH2: 0 | AI2: 0 | AJ2: 0 | AK2: 0 | AL2: 0 | AM2: 0 | AN2: 0 | AO2: 0 | AP2: 0 | AQ2: 0 | AR2: 0 | AS2: 0 | AT2: 0 | AU2: 0 | AV2: 0 | AW2: 0 | AX2: 0 | AY2: 0 | AZ2: 0 | BA2: 0 | BB2: 0 | BC2: 0 | BD2: 0 | BE2: 0 | BF2: 0 | BG2: 0 | BH2: 0 | BI2: 0 | BJ2: 0 | BK2: 0 | BL2: 0 | BM2: 0 | BN2: 0 | BO2: 0 | BP2: 0 | BQ2: 0 | BR2: 0 | BS2: 0 | BT2: 0 | BU2: 0 | BV2: 0 | BW2: 0 | BX2: 0 | BY2: 0 | BZ2: 0 | CA2: 0 | CB2: 0 | CC2: 0 | CD2: 0 | CE2: 0 | CF2: 0 | CG2: 0 | CH2: 0 | CI2: 0 | CJ2: 0 | CK2: 0 | CL2: 0 | CM2: 0 | CN2: 0 | CO2: 0 | CP2: 0 | CQ2: 0 | CR2: 0 | CS2: 0 | CT2: 0 | CU2: 0 | CV2: 0 | CW2: 0 | CX2: 0 | CY2: 0 | CZ2: 0 | DA2: 0 | DB2: 0 | DC2: 0 | DD2: 0 | DE2: 0 | DF2: 0 | DG2: 0 | DH2: 0 | DI2: 0 | DJ2: 0 | DK2: 0 | DL2: 0 | DM2: 0 | DN2: 0 | DO2: 0 | DP2: 0 | DQ2: 0 | DR2: 0 | DS2: 0 | DT2: 0 | DU2: 0 | DV2: 0 | DW2: 0 | DX2: 0 | DY2: 0 | DZ2: 0 | EA2: 0 | EB2: 0 | EC2: 0 | ED2: 0 | EE2: 0 | EF2: 0 | EG2: 0 | EH2: 0 | EI2: 0 | EJ2: 0 | EK2: 0 | EL2: 0 | EM2: 0 | EN2: 0 | EO2: 0 | EP2: 0 | EQ2: 0 | ER2: 0 | ES2: 0 | ET2: 0 | EU2: 0 | EV2: 0 | EW2: 0 | EX2: 0 | EY2: 0 | EZ2: 0 | FA2: 0 | FB2: 0 | FC2: 0 | FD2: 0 | FE2: 0 | FF2: 0 | FG2: 0 | FH2: 0 | FI2: 0 | FJ2: 0 | FK2: 0 | FL2: 0 | FM2: 0 | FN2: 0 | FO2: 0 | FP2: 0 | FQ2: 0 | FR2: 0 | FS2: 0 | FT2: 1059.48
A3: 2 a_COAL | B3: 0 | C3: 0 | D3: 0 | E3: 0 | F3: 0 | G3: 0 | H3: 0 | I3: 0 | J3: 0 | K3: 0 | L3: 0 | M3: 0 | N3: 0 | O3: 0 | P3: 0 | Q3: 0 | R3: 0 | S3: 0 | T3: 0 | U3: 0 | V3: 0 | W3: 0 | X3: 0 | Y3: 0 | Z3: 0 | AA3: 0 | AB3: 0 | AC3: 0 | AD3: 0 | AE3: 0 | AF3: 0 | AG3: 0 | AH3: 808.37598 | AI3: 0 | AJ3: 0 | AK3: 0 | AL3: 0 | AM3: 0 | AN3: 0 | AO3: 0 | AP3: 0 | AQ3: 0 | AR3: 0 | AS3: 0 | AT3: 0 | AU3: 0 | AV3: 0 | AW3: 0 | AX3: 0 | AY3: 0 | AZ3: 0 | BA3: 0 | BB3: 0 | BC3: 0 | BD3: 0 | BE3: 0 | BF3: 0 | BG3: 0 | BH3: 0 | BI3: 0 | BJ3: 0 | BK3: 0 | BL3: 0 | BM3: 0 | BN3: 0 | BO3: 0 | BP3: 0 | BQ3: 0 | BR3: 0 | BS3: 0 | BT3: 0 | BU3: 0 | BV3: 0 | BW3: 0 | BX3: 0 | BY3: 0 | BZ3: 0 | CA3: 0 | CB3: 0 | CC3: 0 | CD3: 0 | CE3: 0 | CF3: 0 | CG3: 0 | CH3: 0 | CI3: 0 | CJ3: 0 | CK3: 0 | CL3: 0 | CM3: 0 | CN3: 0 | CO3: 0 | CP3: 0 | CQ3: 0 | CR3: 0 | CS3: 0 | CT3: 0 | CU3: 0 | CV3: 0 | CW3: 0 | CX3: 0 | CY3: 0 | CZ3: 0 | DA3: 0 | DB3: 0 | DC3: 0 | DD3: 0 | DE3: 0 | DF3: 0 | DG3: 0 | DH3: 0 | DI3: 0 | DJ3: 0 | DK3: 0 | DL3: 0 | DM3: 0 | DN3: 0 | DO3: 0 | DP3: 0 | DQ3: 0 | DR3: 0 | DS3: 0 | DT3: 0 | DU3: 0 | DV3: 0 | DW3: 0 | DX3: 0 | DY3: 0 | DZ3: 0 | EA3: 0 | EB3: 0 | EC3: 0 | ED3: 0 | EE3: 0 | EF3: 0 | EG3: 0 | EH3: 0 | EI3: 0 | EJ3: 0 | EK3: 0 | EL3: 0 | EM3: 0 | EN3: 0 | EO3: 0 | EP3: 0 | EQ3: 0 | ER3: 0 | ES3: 0 | ET3: 0 | EU3: 0 | EV3: 0 | EW3: 0 | EX3: 0 | EY3: 0 | EZ3: 0 | FA3: 0 | FB3: 0 | FC3: 0 | FD3: 0 | FE3: 0 | FF3: 0 | FG3: 0 | FH3: 0 | FI3: 0 | FJ3: 0 | FK3: 0 | FL3: 0 | FM3: 0 | FN3: 0 | FO3: 0 | FP3: 0 | FQ3: 0 | FR3: 0 | FS3: 0 | FT3: 808.37598
A4: 3 a_OIL | B4: 0 | C4: 0 | D4: 0 | E4: 0 | F4: 0 | G4: 0 | H4: 0 | I4: 0 | J4: 0 | K4: 0 | L4: 0 | M4: 0 | N4: 0 | O4: 0 | P4: 0 | Q4: 0 | R4: 0 | S4: 0 | T4: 0 | U4: 0 | V4: 0 | W4: 0 | X4: 0 | Y4: 0 | Z4: 0 | AA4: 0 | AB4: 0 | AC4: 0 | AD4: 0 | AE4: 0 | AF4: 0 | AG4: 0 | AH4: 0 | AI4: 10.0702 | AJ4: 0 | AK4: 0 | AL4: 0 | AM4: 0 | AN4: 0 | AO4: 0 | AP4: 0 | AQ4: 0 | AR4: 0 | AS4: 0 | AT4: 0 | AU4: 0 | AV4: 0 | AW4: 0 | AX4: 0 | AY4: 0 | AZ4: 0 | BA4: 0 | BB4: 0 | BC4: 0 | BD4: 0 | BE4: 0 | BF4: 0 | BG4: 0 | BH4: 0 | BI4: 0 | BJ4: 0 | BK4: 0 | BL4: 0 | BM4: 0 | BN4: 0 | BO4: 0 | BP4: 0 | BQ4: 0 | BR4: 0 | BS4: 0 | BT4: 0 | BU4: 0 | BV4: 0 | BW4: 0 | BX4: 0 | BY4: 0 | BZ4: 0 | CA4: 0 | CB4: 0 | CC4: 0 | CD4: 0 | CE4: 0 | CF4: 0 | CG4: 0 | CH4: 0 | CI4: 0 | CJ4: 0 | CK4: 0 | CL4: 0 | CM4: 0 | CN4: 0 | CO4: 0 | CP4: 0 | CQ4: 0 | CR4: 0 | CS4: 0 | CT4: 0 | CU4: 0 | CV4: 0 | CW4: 0 | CX4: 0 | CY4: 0 | CZ4: 0 | DA4: 0 | DB4: 0 | DC4: 0 | DD4: 0 | DE4: 0 | DF4: 0 | DG4: 0 | DH4: 0 | DI4: 0 | DJ4: 0 | DK4: 0 | DL4: 0 | DM4: 0 | DN4: 0 | DO4: 0 | DP4: 0 | DQ4: 0 | DR4: 0 | DS4: 0 | DT4: 0 | DU4: 0 | DV4: 0 | DW4: 0 | DX4: 0 | DY4: 0 | DZ4: 0 | EA4: 0 | EB4: 0 | EC4: 0 | ED4: 0 | EE4: 0 | EF4: 0 | EG4: 0 | EH4: 0 | EI4: 0 | EJ4: 0 | EK4: 0 | EL4: 0 | EM4: 0 | EN4: 0 | EO4: 0 | EP4: 0 | EQ4: 0 | ER4: 0 | ES4: 0 | ET4: 0 | EU4: 0 | EV4: 0 | EW4: 0 | EX4: 0 | EY4: 0 | EZ4: 0 | FA4: 0 | FB4: 0 | FC4: 0 | FD4: 0 | FE4: 0 | FF4: 0 | FG4: 0 | FH4: 0 | FI4: 0 | FJ4: 0 | FK4: 0 | FL4: 0 | FM4: 0 | FN4: 0 | FO4: 0 | FP4: 0 | FQ4: 0 | FR4: 0 | FS4: 0 | FT4: 10.0702
A5: 4 a_GAS | B5: 0 | C5: 0 | D5: 0 | E5: 0 | F5: 0 | G5: 0 | H5: 0 | I5: 0 | J5: 0 | K5: 0 | L5: 0 | M5: 0 | N5: 0 | O5: 0 | P5: 0 | Q5: 0 | R5: 0 | S5: 0 | T5: 0 | U5: 0 | V5: 0 | W5: 0 | X5: 0 | Y5: 0 | Z5: 0 | AA5: 0 | AB5: 0 | AC5: 0 | AD5: 0 | AE5: 0 | AF5: 0 | AG5: 0 | AH5: 0 | AI5: 0 | AJ5: 4.01954 | AK5: 0 | AL5: 0 | AM5: 0 | AN5: 0 | AO5: 0 | AP5: 0 | AQ5: 0 | AR5: 0 | AS5: 0 | AT5: 0 | AU5: 0 | AV5: 0 | AW5: 0 | AX5: 0 | AY5: 0 | AZ5: 0 | BA5: 0 | BB5: 0 | BC5: 0 | BD5: 0 | BE5: 0 | BF5: 0 | BG5: 0 | BH5: 0 | BI5: 0 | BJ5: 0 | BK5: 0 | BL5: 0 | BM5: 0 | BN5: 0 | BO5: 0 | BP5: 0 | BQ5: 0 | BR5: 0 | BS5: 0 | BT5: 0 | BU5: 0 | BV5: 0 | BW5: 0 | BX5: 0 | BY5: 0 | BZ5: 0 | CA5: 0 | CB5: 0 | CC5: 0 | CD5: 0 | CE5: 0 | CF5: 0 | CG5: 0 | CH5: 0 | CI5: 0 | CJ5: 0 | CK5: 0 | CL5: 0 | CM5: 0 | CN5: 0 | CO5: 0 | CP5: 0 | CQ5: 0 | CR5: 0 | CS5: 0 | CT5: 0 | CU5: 0 | CV5: 0 | CW5: 0 | CX5: 0 | CY5: 0 | CZ5: 0 | DA5: 0 | DB5: 0 | DC5: 0 | DD5: 0 | DE5: 0 | DF5: 0 | DG5: 0 | DH5: 0 | DI5: 0 | DJ5: 0 | DK5: 0 | DL5: 0 | DM5: 0 | DN5: 0 | DO5: 0 | DP5: 0 | DQ5: 0 | DR5: 0 | DS5: 0 | DT5: 0 | DU5: 0 | DV5: 0 | DW5: 0 | DX5: 0 | DY5: 0 | DZ5: 0 | EA5: 0 | EB5: 0 | EC5: 0 | ED5: 0 | EE5: 0 | EF5: 0 | EG5: 0 | EH5: 0 | EI5: 0 | EJ5: 0 | EK5: 0 | EL5: 0 | EM5: 0 | EN5: 0 | EO5: 0 | EP5: 0 | EQ5: 0 | ER5: 0 | ES5: 0 | ET5: 0 | EU5: 0 | EV5: 0 | EW5: 0 | EX5: 0 | EY5: 0 | EZ5: 0 | FA5: 0 | FB5: 0 | FC5: 0 | FD5: 0 | FE5: 0 | FF5: 0 | FG5: 0 | FH5: 0 | FI5: 0 | FJ5: 0 | FK5: 0 | FL5: 0 | FM5: 0 | FN5: 0 | FO5: 0 | FP5: 0 | FQ5: 0 | FR5: 0 | FS5: 0 | FT5: 4.01954
A6: 5 a_MINING | B6: 0 | C6: 0 | D6: 0 | E6: 0 | F6: 0 | G6: 0 | H6: 0 | I6: 0 | J6: 0 | K6: 0 | L6: 0 | M6: 0 | N6: 0 | O6: 0 | P6: 0 | Q6: 0 | R6: 0 | S6: 0 | T6: 0 | U6: 0 | V6: 0 | W6: 0 | X6: 0 | Y6: 0 | Z6: 0 | AA6: 0 | AB6: 0 | AC6: 0 | AD6: 0 | AE6: 0 | AF6: 0 | AG6: 0 | AH6: 0 | AI6: 0 | AJ6: 0 | AK6: 1140.59 | AL6: 0 | AM6: 0 | AN6: 0 | AO6: 0 | AP6: 0 | AQ6: 0 | AR6: 0 | AS6: 0 | AT6: 0 | AU6: 0 | AV6: 0 | AW6: 0 | AX6: 0 | AY6: 0 | AZ6: 0 | BA6: 0 | BB6: 0 | BC6: 0 | BD6: 0 | BE6: 0 | BF6: 0 | BG6: 0 | BH6: 0 | BI6: 0 | BJ6: 0 | BK6: 0 | BL6: 0 | BM6: 0 | BN6: 0 | BO6: 0 | BP6: 0 | BQ6: 0 | BR6: 0 | BS6: 0 | BT6: 0 | BU6: 0 | BV6: 0 | BW6: 0 | BX6: 0 | BY6: 0 | BZ6: 0 | CA6: 0 | CB6: 0 | CC6: 0 | CD6: 0 | CE6: 0 | CF6: 0 | CG6: 0 | CH6: 0 | CI6: 0 | CJ6: 0 | CK6: 0 | CL6: 0 | CM6: 0 | CN6: 0 | CO6: 0 | CP6: 0 | CQ6: 0 | CR6: 0 | CS6: 0 | CT6: 0 | CU6: 0 | CV6: 0 | CW6: 0 | CX6: 0 | CY6: 0 | CZ6: 0 | DA6: 0 | DB6: 0 | DC6: 0 | DD6: 0 | DE6: 0 | DF6: 0 | DG6: 0 | DH6: 0 | DI6: 0 | DJ6: 0 | DK6: 0 | DL6: 0 | DM6: 0 | DN6: 0 | DO6: 0 | DP6: 0 | DQ6: 0 | DR6: 0 | DS6: 0 | DT6: 0 | DU6: 0 | DV6: 0 | DW6: 0 | DX6: 0 | DY6: 0 | DZ6: 0 | EA6: 0 | EB6: 0 | EC6: 0 | ED6: 0 | EE6: 0 | EF6: 0 | EG6: 0 | EH6: 0 | EI6: 0 | EJ6: 0 | EK6: 0 | EL6: 0 | EM6: 0 | EN6: 0 | EO6: 0 | EP6: 0 | EQ6: 0 | ER6: 0 | ES6: 0 | ET6: 0 | EU6: 0 | EV6: 0 | EW6: 0 | EX6: 0 | EY6: 0 | EZ6: 0 | FA6: 0 | FB6: 0 | FC6: 0 | FD6: 0 | FE6: 0 | FF6: 0 | FG6: 0 | FH6: 0 | FI6: 0 | FJ6: 0 | FK6: 0 | FL6: 0 | FM6: 0 | FN6: 0 | FO6: 0 | FP6: 0 | FQ6: 0 | FR6: 0 | FS6: 0 | FT6: 1140.59
A7: 6 a_FOODPRO | B7: 0 | C7: 0 | D7: 0 | E7: 0 | F7: 0 | G7: 0 | H7: 0 | I7: 0 | J7: 0 | K7: 0 | L7: 0 | M7: 0 | N7: 0 | O7: 0 | P7: 0 | Q7: 0 | R7: 0 | S7: 0 | T7: 0 | U7: 0 | V7: 0 | W7: 0 | X7: 0 | Y7: 0 | Z7: 0 | AA7: 0 | AB7: 0 | AC7: 0 | AD7: 0 | AE7: 0 | AF7: 0 | AG7: 0 | AH7: 0 | AI7: 0 | AJ7: 0 | AK7: 0 | AL7: 1128.1 | AM7: 0 | AN7: 0 | AO7: 0 | AP7: 0 | AQ7: 0 | AR7: 0 | AS7: 0 | AT7: 0 | AU7: 0 | AV7: 0 | AW7: 0 | AX7: 0 | AY7: 0 | AZ7: 0 | BA7: 0 | BB7: 0 | BC7: 0 | BD7: 0 | BE7: 0 | BF7: 0 | BG7: 0 | BH7: 0 | BI7: 0 | BJ7: 0 | BK7: 0 | BL7: 0 | BM7: 0 | BN7: 0 | BO7: 0 | BP7: 0 | BQ7: 0 | BR7: 0 | BS7: 0 | BT7: 0 | BU7: 0 | BV7: 0 | BW7: 0 | BX7: 0 | BY7: 0 | BZ7: 0 | CA7: 0 | CB7: 0 | CC7: 0 | CD7: 0 | CE7: 0 | CF7: 0 | CG7: 0 | CH7: 0 | CI7: 0 | CJ7: 0 | CK7: 0 | CL7: 0 | CM7: 0 | CN7: 0 | CO7: 0 | CP7: 0 | CQ7: 0 | CR7: 0 | CS7: 0 | CT7: 0 | CU7: 0 | CV7: 0 | CW7: 0 | CX7: 0 | CY7: 0 | CZ7: 0 | DA7: 0 | DB7: 0 | DC7: 0 | DD7: 0 | DE7: 0 | DF7: 0 | DG7: 0 | DH7: 0 | DI7: 0 | DJ7: 0 | DK7: 0 | DL7: 0 | DM7: 0 | DN7: 0 | DO7: 0 | DP7: 0 | DQ7: 0 | DR7: 0 | DS7: 0 | DT7: 0 | DU7: 0 | DV7: 0 | DW7: 0 | DX7: 0 | DY7: 0 | DZ7: 0 | EA7: 0 | EB7: 0 | EC7: 0 | ED7: 0 | EE7: 0 | EF7: 0 | EG7: 0 | EH7: 0 | EI7: 0 | EJ7: 0 | EK7: 0 | EL7: 0 | EM7: 0 | EN7: 0 | EO7: 0 | EP7: 0 | EQ7: 0 | ER7: 0 | ES7: 0 | ET7: 0 | EU7: 0 | EV7: 0 | EW7: 0 | EX7: 0 | EY7: 0 | EZ7: 0 | FA7: 0 | FB7: 0 | FC7: 0 | FD7: 0 | FE7: 0 | FF7: 0 | FG7: 0 | FH7: 0 | FI7: 0 | FJ7: 0 | FK7: 0 | FL7: 0 | FM7: 0 | FN7: 0 | FO7: 0 | FP7: 0 | FQ7: 0 | FR7: 0 | FS7: 0 | FT7: 1128.1
A8: 7 a_TEXTILES | B8: 0 | C8: 0 | D8: 0 | E8: 0 | F8: 0 | G8: 0 | H8: 0 | I8: 0 | J8: 0 | K8: 0 | L8: 0 | M8: 0 | N8: 0 | O8: 0 | P8: 0 | Q8: 0 | R8: 0 | S8: 0 | T8: 0 | U8: 0 | V8: 0 | W8: 0 | X8: 0 | Y8: 0 | Z8: 0 | AA8: 0 | AB8: 0 | AC8: 0 | AD8: 0 | AE8: 0 | AF8: 0 | AG8: 0 | AH8: 0 | AI8: 0 | AJ8: 0 | AK8: 0 | AL8: 0 | AM8: 544.68402 | AN8: 0 | AO8: 0 | AP8: 0 | AQ8: 0 | AR8: 0 | AS8: 0 | AT8: 0 | AU8: 0 | AV8: 0 | AW8: 0 | AX8: 0 | AY8: 0 | AZ8: 0 | BA8: 0 | BB8: 0 | BC8: 0 | BD8: 0 | BE8: 0 | BF8: 0 | BG8: 0 | BH8: 0 | BI8: 0 | BJ8: 0 | BK8: 0 | BL8: 0 | BM8: 0 | BN8: 0 | BO8: 0 | BP8: 0 | BQ8: 0 | BR8: 0 | BS8: 0 | BT8: 0 | BU8: 0 | BV8: 0 | BW8: 0 | BX8: 0 | BY8: 0 | BZ8: 0 | CA8: 0 | CB8: 0 | CC8: 0 | CD8: 0 | CE8: 0 | CF8: 0 | CG8: 0 | CH8: 0 | CI8: 0 | CJ8: 0 | CK8: 0 | CL8: 0 | CM8: 0 | CN8: 0 | CO8: 0 | CP8: 0 | CQ8: 0 | CR8: 0 | CS8: 0 | CT8: 0 | CU8: 0 | CV8: 0 | CW8: 0 | CX8: 0 | CY8: 0 | CZ8: 0 | DA8: 0 | DB8: 0 | DC8: 0 | DD8: 0 | DE8: 0 | DF8: 0 | DG8: 0 | DH8: 0 | DI8: 0 | DJ8: 0 | DK8: 0 | DL8: 0 | DM8: 0 | DN8: 0 | DO8: 0 | DP8: 0 | DQ8: 0 | DR8: 0 | DS8: 0 | DT8: 0 | DU8: 0 | DV8: 0 | DW8: 0 | DX8: 0 | DY8: 0 | DZ8: 0 | EA8: 0 | EB8: 0 | EC8: 0 | ED8: 0 | EE8: 0 | EF8: 0 | EG8: 0 | EH8: 0 | EI8: 0 | EJ8: 0 | EK8: 0 | EL8: 0 | EM8: 0 | EN8: 0 | EO8: 0 | EP8: 0 | EQ8: 0 | ER8: 0 | ES8: 0 | ET8: 0 | EU8: 0 | EV8: 0 | EW8: 0 | EX8: 0 | EY8: 0 | EZ8: 0 | FA8: 0 | FB8: 0 | FC8: 0 | FD8: 0 | FE8: 0 | FF8: 0 | FG8: 0 | FH8: 0 | FI8: 0 | FJ8: 0 | FK8: 0 | FL8: 0 | FM8: 0 | FN8: 0 | FO8: 0 | FP8: 0 | FQ8: 0 | FR8: 0 | FS8: 0 | FT8: 544.68402
A9: 8 a_WOODPRO | B9: 0 | C9: 0 | D9: 0 | E9: 0 | F9: 0 | G9: 0 | H9: 0 | I9: 0 | J9: 0 | K9: 0 | L9: 0 | M9: 0 | N9: 0 | O9: 0 | P9: 0 | Q9: 0 | R9: 0 | S9: 0 | T9: 0 | U9: 0 | V9: 0 | W9: 0 | X9: 0 | Y9: 0 | Z9: 0 | AA9: 0 | AB9: 0 | AC9: 0 | AD9: 0 | AE9: 0 | AF9: 0 | AG9: 0 | AH9: 0 | AI9: 0 | AJ9: 0 | AK9: 0 | AL9: 0 | AM9: 0 | AN9: 62.323399 | AO9: 0 | AP9: 0 | AQ9: 0 | AR9: 0 | AS9: 0 | AT9: 0 | AU9: 0 | AV9: 0 | AW9: 0 | AX9: 0 | AY9: 0 | AZ9: 0 | BA9: 0 | BB9: 0 | BC9: 0 | BD9: 0 | BE9: 0 | BF9: 0 | BG9: 0 | BH9: 0 | BI9: 0 | BJ9: 0 | BK9: 0 | BL9: 0 | BM9: 0 | BN9: 0 | BO9: 0 | BP9: 0 | BQ9: 0 | BR9: 0 | BS9: 0 | BT9: 0 | BU9: 0 | BV9: 0 | BW9: 0 | BX9: 0 | BY9: 0 | BZ9: 0 | CA9: 0 | CB9: 0 | CC9: 0 | CD9: 0 | CE9: 0 | CF9: 0 | CG9: 0 | CH9: 0 | CI9: 0 | CJ9: 0 | CK9: 0 | CL9: 0 | CM9: 0 | CN9: 0 | CO9: 0 | CP9: 0 | CQ9: 0 | CR9: 0 | CS9: 0 | CT9: 0 | CU9: 0 | CV9: 0 | CW9: 0 | CX9: 0 | CY9: 0 | CZ9: 0 | DA9: 0 | DB9: 0 | DC9: 0 | DD9: 0 | DE9: 0 | DF9: 0 | DG9: 0 | DH9: 0 | DI9: 0 | DJ9: 0 | DK9: 0 | DL9: 0 | DM9: 0 | DN9: 0 | DO9: 0 | DP9: 0 | DQ9: 0 | DR9: 0 | DS9: 0 | DT9: 0 | DU9: 0 | DV9: 0 | DW9: 0 | DX9: 0 | DY9: 0 | DZ9: 0 | EA9: 0 | EB9: 0 | EC9: 0 | ED9: 0 | EE9: 0 | EF9: 0 | EG9: 0 | EH9: 0 | EI9: 0 | EJ9: 0 | EK9: 0 | EL9: 0 | EM9: 0 | EN9: 0 | EO9: 0 | EP9: 0 | EQ9: 0 | ER9: 0 | ES9: 0 | ET9: 0 | EU9: 0 | EV9: 0 | EW9: 0 | EX9: 0 | EY9: 0 | EZ9: 0 | FA9: 0 | FB9: 0 | FC9: 0 | FD9: 0 | FE9: 0 | FF9: 0 | FG9: 0 | FH9: 0 | FI9: 0 | FJ9: 0 | FK9: 0 | FL9: 0 | FM9: 0 | FN9: 0 | FO9: 0 | FP9: 0 | FQ9: 0 | FR9: 0 | FS9: 0 | FT9: 62.323399
A10: 9 a_PAPERPRO | B10: 0 | C10: 0 | D10: 0 | E10: 0 | F10: 0 | G10: 0 | H10: 0 | I10: 0 | J10: 0 | K10: 0 | L10: 0 | M10: 0 | N10: 0 | O10: 0 | P10: 0 | Q10: 0 | R10: 0 | S10: 0 | T10: 0 | U10: 0 | V10: 0 | W10: 0 | X10: 0 | Y10: 0 | Z10: 0 | AA10: 0 | AB10: 0 | AC10: 0 | AD10: 0 | AE10: 0 | AF10: 0 | AG10: 0 | AH10: 0 | AI10: 0 | AJ10: 0 | AK10: 0 | AL10: 0 | AM10: 0 | AN10: 0 | AO10: 117.599 | AP10: 0 | AQ10: 0 | AR10: 0 | AS10: 0 | AT10: 0 | AU10: 0 | AV10: 0 | AW10: 0 | AX10: 0 | AY10: 0 | AZ10: 0 | BA10: 0 | BB10: 0 | BC10: 0 | BD10: 0 | BE10: 0 | BF10: 0 | BG10: 0 | BH10: 0 | BI10: 0 | BJ10: 0 | BK10: 0 | BL10: 0 | BM10: 0 | BN10: 0 | BO10: 0 | BP10: 0 | BQ10: 0 | BR10: 0 | BS10: 0 | BT10: 0 | BU10: 0 | BV10: 0 | BW10: 0 | BX10: 0 | BY10: 0 | BZ10: 0 | CA10: 0 | CB10: 0 | CC10: 0 | CD10: 0 | CE10: 0 | CF10: 0 | CG10: 0 | CH10: 0 | CI10: 0 | CJ10: 0 | CK10: 0 | CL10: 0 | CM10: 0 | CN10: 0 | CO10: 0 | CP10: 0 | CQ10: 0 | CR10: 0 | CS10: 0 | CT10: 0 | CU10: 0 | CV10: 0 | CW10: 0 | CX10: 0 | CY10: 0 | CZ10: 0 | DA10: 0 | DB10: 0 | DC10: 0 | DD10: 0 | DE10: 0 | DF10: 0 | DG10: 0 | DH10: 0 | DI10: 0 | DJ10: 0 | DK10: 0 | DL10: 0 | DM10: 0 | DN10: 0 | DO10: 0 | DP10: 0 | DQ10: 0 | DR10: 0 | DS10: 0 | DT10: 0 | DU10: 0 | DV10: 0 | DW10: 0 | DX10: 0 | DY10: 0 | DZ10: 0 | EA10: 0 | EB10: 0 | EC10: 0 | ED10: 0 | EE10: 0 | EF10: 0 | EG10: 0 | EH10: 0 | EI10: 0 | EJ10: 0 | EK10: 0 | EL10: 0 | EM10: 0 | EN10: 0 | EO10: 0 | EP10: 0 | EQ10: 0 | ER10: 0 | ES10: 0 | ET10: 0 | EU10: 0 | EV10: 0 | EW10: 0 | EX10: 0 | EY10: 0 | EZ10: 0 | FA10: 0 | FB10: 0 | FC10: 0 | FD10: 0 | FE10: 0 | FF10: 0 | FG10: 0 | FH10: 0 | FI10: 0 | FJ10: 0 | FK10: 0 | FL10: 0 | FM10: 0 | FN10: 0 | FO10: 0 | FP10: 0 | FQ10: 0 | FR10: 0 | FS10: 0 | FT10: 117.599
A11: 10 a_PETROLCOAL | B11: 0 | C11: 0 | D11: 0 | E11: 0 | F11: 0 | G11: 0 | H11: 0 | I11: 0 | J11: 0 | K11: 0 | L11: 0 | M11: 0 | N11: 0 | O11: 0 | P11: 0 | Q11: 0 | R11: 0 | S11: 0 | T11: 0 | U11: 0 | V11: 0 | W11: 0 | X11: 0 | Y11: 0 | Z11: 0 | AA11: 0 | AB11: 0 | AC11: 0 | AD11: 0 | AE11: 0 | AF11: 0 | AG11: 0 | AH11: 0 | AI11: 0 | AJ11: 0 | AK11: 0 | AL11: 0 | AM11: 0 | AN11: 0 | AO11: 0 | AP11: 49.981499 | AQ11: 0 | AR11: 0 | AS11: 0 | AT11: 0 | AU11: 0 | AV11: 0 | AW11: 0 | AX11: 0 | AY11: 0 | AZ11: 0 | BA11: 0 | BB11: 0 | BC11: 0 | BD11: 0 | BE11: 0 | BF11: 0 | BG11: 0 | BH11: 0 | BI11: 0 | BJ11: 0 | BK11: 0 | BL11: 0 | BM11: 0 | BN11: 0 | BO11: 0 | BP11: 0 | BQ11: 0 | BR11: 0 | BS11: 0 | BT11: 0 | BU11: 0 | BV11: 0 | BW11: 0 | BX11: 0 | BY11: 0 | BZ11: 0 | CA11: 0 | CB11: 0 | CC11: 0 | CD11: 0 | CE11: 0 | CF11: 0 | CG11: 0 | CH11: 0 | CI11: 0 | CJ11: 0 | CK11: 0 | CL11: 0 | CM11: 0 | CN11: 0 | CO11: 0 | CP11: 0 | CQ11: 0 | CR11: 0 | CS11: 0 | CT11: 0 | CU11: 0 | CV11: 0 | CW11: 0 | CX11: 0 | CY11: 0 | CZ11: 0 | DA11: 0 | DB11: 0 | DC11: 0 | DD11: 0 | DE11: 0 | DF11: 0 | DG11: 0 | DH11: 0 | DI11: 0 | DJ11: 0 | DK11: 0 | DL11: 0 | DM11: 0 | DN11: 0 | DO11: 0 | DP11: 0 | DQ11: 0 | DR11: 0 | DS11: 0 | DT11: 0 | DU11: 0 | DV11: 0 | DW11: 0 | DX11: 0 | DY11: 0 | DZ11: 0 | EA11: 0 | EB11: 0 | EC11: 0 | ED11: 0 | EE11: 0 | EF11: 0 | EG11: 0 | EH11: 0 | EI11: 0 | EJ11: 0 | EK11: 0 | EL11: 0 | EM11: 0 | EN11: 0 | EO11: 0 | EP11: 0 | EQ11: 0 | ER11: 0 | ES11: 0 | ET11: 0 | EU11: 0 | EV11: 0 | EW11: 0 | EX11: 0 | EY11: 0 | EZ11: 0 | FA11: 0 | FB11: 0 | FC11: 0 | FD11: 0 | FE11: 0 | FF11: 0 | FG11: 0 | FH11: 0 | FI11: 0 | FJ11: 0 | FK11: 0 | FL11: 0 | FM11: 0 | FN11: 0 | FO11: 0 | FP11: 0 | FQ11: 0 | FR11: 0 | FS11: 0 | FT11: 49.981499
A12: 11 a_CHEMICAL | B12: 0 | C12: 0 | D12: 0 | E12: 0 | F12: 0 | G12: 0 | H12: 0 | I12: 0 | J12: 0 | K12: 0 | L12: 0 | M12: 0 | N12: 0 | O12: 0 | P12: 0 | Q12: 0 | R12: 0 | S12: 0 | T12: 0 | U12: 0 | V12: 0 | W12: 0 | X12: 0 | Y12: 0 | Z12: 0 | AA12: 0 | AB12: 0 | AC12: 0 | AD12: 0 | AE12: 0 | AF12: 0 | AG12: 0 | AH12: 0 | AI12: 0 | AJ12: 0 | AK12: 0 | AL12: 0 | AM12: 0 | AN12: 0 | AO12: 0 | AP12: 0 | AQ12: 164.869 | AR12: 0 | AS12: 0 | AT12: 0 | AU12: 0 | AV12: 0 | AW12: 0 | AX12: 0 | AY12: 0 | AZ12: 0 | BA12: 0 | BB12: 0 | BC12: 0 | BD12: 0 | BE12: 0 | BF12: 0 | BG12: 0 | BH12: 0 | BI12: 0 | BJ12: 0 | BK12: 0 | BL12: 0 | BM12: 0 | BN12: 0 | BO12: 0 | BP12: 0 | BQ12: 0 | BR12: 0 | BS12: 0 | BT12: 0 | BU12: 0 | BV12: 0 | BW12: 0 | BX12: 0 | BY12: 0 | BZ12: 0 | CA12: 0 | CB12: 0 | CC12: 0 | CD12: 0 | CE12: 0 | CF12: 0 | CG12: 0 | CH12: 0 | CI12: 0 | CJ12: 0 | CK12: 0 | CL12: 0 | CM12: 0 | CN12: 0 | CO12: 0 | CP12: 0 | CQ12: 0 | CR12: 0 | CS12: 0 | CT12: 0 | CU12: 0 | CV12: 0 | CW12: 0 | CX12: 0 | CY12: 0 | CZ12: 0 | DA12: 0 | DB12: 0 | DC12: 0 | DD12: 0 | DE12: 0 | DF12: 0 | DG12: 0 | DH12: 0 | DI12: 0 | DJ12: 0 | DK12: 0 | DL12: 0 | DM12: 0 | DN12: 0 | DO12: 0 | DP12: 0 | DQ12: 0 | DR12: 0 | DS12: 0 | DT12: 0 | DU12: 0 | DV12: 0 | DW12: 0 | DX12: 0 | DY12: 0 | DZ12: 0 | EA12: 0 | EB12: 0 | EC12: 0 | ED12: 0 | EE12: 0 | EF12: 0 | EG12: 0 | EH12: 0 | EI12: 0 | EJ12: 0 | EK12: 0 | EL12: 0 | EM12: 0 | EN12: 0 | EO12: 0 | EP12: 0 | EQ12: 0 | ER12: 0 | ES12: 0 | ET12: 0 | EU12: 0 | EV12: 0 | EW12: 0 | EX12: 0 | EY12: 0 | EZ12: 0 | FA12: 0 | FB12: 0 | FC12: 0 | FD12: 0 | FE12: 0 | FF12: 0 | FG12: 0 | FH12: 0 | FI12: 0 | FJ12: 0 | FK12: 0 | FL12: 0 | FM12: 0 | FN12: 0 | FO12: 0 | FP12: 0 | FQ12: 0 | FR12: 0 | FS12: 0 | FT12: 164.869
A13: 12 a_NONMET | B13: 0 | C13: 0 | D13: 0 | E13: 0 | F13: 0 | G13: 0 | H13: 0 | I13: 0 | J13: 0 | K13: 0 | L13: 0 | M13: 0 | N13: 0 | O13: 0 | P13: 0 | Q13: 0 | R13: 0 | S13: 0 | T13: 0 | U13: 0 | V13: 0 | W13: 0 | X13: 0 | Y13: 0 | Z13: 0 | AA13: 0 | AB13: 0 | AC13: 0 | AD13: 0 | AE13: 0 | AF13: 0 | AG13: 0 | AH13: 0 | AI13: 0 | AJ13: 0 | AK13: 0 | AL13: 0 | AM13: 0 | AN13: 0 | AO13: 0 | AP13: 0 | AQ13: 0 | AR13: 166.082 | AS13: 0 | AT13: 0 | AU13: 0 | AV13: 0 | AW13: 0 | AX13: 0 | AY13: 0 | AZ13: 0 | BA13: 0 | BB13: 0 | BC13: 0 | BD13: 0 | BE13: 0 | BF13: 0 | BG13: 0 | BH13: 0 | BI13: 0 | BJ13: 0 | BK13: 0 | BL13: 0 | BM13: 0 | BN13: 0 | BO13: 0 | BP13: 0 | BQ13: 0 | BR13: 0 | BS13: 0 | BT13: 0 | BU13: 0 | BV13: 0 | BW13: 0 | BX13: 0 | BY13: 0 | BZ13: 0 | CA13: 0 | CB13: 0 | CC13: 0 | CD13: 0 | CE13: 0 | CF13: 0 | CG13: 0 | CH13: 0 | CI13: 0 | CJ13: 0 | CK13: 0 | CL13: 0 | CM13: 0 | CN13: 0 | CO13: 0 | CP13: 0 | CQ13: 0 | CR13: 0 | CS13: 0 | CT13: 0 | CU13: 0 | CV13: 0 | CW13: 0 | CX13: 0 | CY13: 0 | CZ13: 0 | DA13: 0 | DB13: 0 | DC13: 0 | DD13: 0 | DE13: 0 | DF13: 0 | DG13: 0 | DH13: 0 | DI13: 0 | DJ13: 0 | DK13: 0 | DL13: 0 | DM13: 0 | DN13: 0 | DO13: 0 | DP13: 0 | DQ13: 0 | DR13: 0 | DS13: 0 | DT13: 0 | DU13: 0 | DV13: 0 | DW13: 0 | DX13: 0 | DY13: 0 | DZ13: 0 | EA13: 0 | EB13: 0 | EC13: 0 | ED13: 0 | EE13: 0 | EF13: 0 | EG13: 0 | EH13: 0 | EI13: 0 | EJ13: 0 | EK13: 0 | EL13: 0 | EM13: 0 | EN13: 0 | EO13: 0 | EP13: 0 | EQ13: 0 | ER13: 0 | ES13: 0 | ET13: 0 | EU13: 0 | EV13: 0 | EW13: 0 | EX13: 0 | EY13: 0 | EZ13: 0 | FA13: 0 | FB13: 0 | FC13: 0 | FD13: 0 | FE13: 0 | FF13: 0 | FG13: 0 | FH13: 0 | FI13: 0 | FJ13: 0 | FK13: 0 | FL13: 0 | FM13: 0 | FN13: 0 | FO13: 0 | FP13: 0 | FQ13: 0 | FR13: 0 | FS13: 0 | FT13: 166.082
... A176: Total | B176: 1059.4788 | C176: 808.37647 | D176: 10.070165 | E176: 4.019502 | F176: 1140.5937 | G176: 1128.102 | H176: 544.68342 | I176: 62.323432 | J176: 117.59893 | K176: 49.981411 | L176: 164.86932 | M176: 166.08187 | N176: 41.40483 | O176: 14.781861 | P176: 189.17033 | Q176: 90.716849 | R176: 47.322959 | S176: 51.908677 | T176: 0.00444 | U176: 15.244358 | V176: 11.477975 | W176: 32.298914 | X176: 0.00445 | Y176: 0.037955 | Z176: 109.69851 | AA176: 1.343365 | AB176: 3102.7157 | AC176: 2211.9972 | AD176: 434.24824 | AE176: 800.23475 | AF176: 15450.415 | AG176: 1232.2227 | AH176: 823.11087 | AI176: 48.014202 | AJ176: 14.892567 | AK176: 1159.4127 | AL176: 1978.0477 | AM176: 1669.6218 | AN176: 117.05545 | AO176: 194.92238 | AP176: 249.81229 | AQ176: 512.18843 | AR176: 340.51737 | AS176: 144.90834 | AT176: 37.257857 | AU176: 826.69528 | AV176: 274.42395 | AW176: 317.8558 | AX176: 318.20832 | AY176: 3240.7313 | AZ176: 2235.3914 | BA176: 469.39907 | BB176: 878.45407 | BC176: 12510.239 | BD176: 693.41089 | BE176: 4747.4961 | BF176: 2379.7551 | BG176: 7754.8121 | BH176: 171.1006 | BI176: 0 | BJ176: 0 | BK176: 0 | BL176: 0 | BM176: 0 | BN176: 0 | BO176: 0 | BP176: 0 | BQ176: 0 | BR176: 0 | BS176: 0 | BT176: 0 | BU176: 0 | BV176: 0 | BW176: 0 | BX176: 0 | BY176: 0 | BZ176: 0.007928 | CA176: 4.99357 | CB176: 0.015166 | CC176: 0.005305 | CD176: 5e-05 | CE176: 0 | CF176: 0.033714 | CG176: 0.050864 | CH176: 0.299586 | CI176: 0.016691 | CJ176: 0.003622 | CK176: 0.059739 | CL176: 1.5281 | CM176: 0.017714 | CN176: 0.087008 | CO176: 0.064553 | CP176: 0.00512 | CQ176: 6.40613 | CR176: 61.7841 | CS176: 30.9653 | CT176: 72.767799 | CU176: 1.57932 | CV176: 2.38575 | CW176: 2.3617 | CX176: 2.3 | CY176: 84.521797 | CZ176: 85.399597 | DA176: 16.833599 | DB176: 4.78516 | DC176: 4.54097 | DD176: 2.6981 | DE176: 2.3 | DF176: 2.68767 | DG176: 2.3 | DH176: 2.3 | DI176: 2.3 | DJ176: 2.3 | DK176: 2.3 | DL176: 2.3 | DM176: 2.3 | DN176: 2.95154 | DO176: 2.88243 | DP176: 2.41113 | DQ176: 2.33946 | DR176: 2.3 | DS176: 2.3 | DT176: 7.71382 | DU176: 7.26183 | DV176: 5.97949 | DW176: 2.30357 | DX176: 2.31176 | DY176: 2.3 | DZ176: 2.3 | EA176: 2.3 | EB176: 2.3 | EC176: 2.36505 | ED176: 2.47443 | EE176: 2.3 | EF176: 2.3 | EG176: 2.3 | EH176: 2.3 | EI176: 2.3 | EJ176: 2.3 | EK176: 2.3 | EL176: 2.31036 | EM176: 2.66762 | EN176: 2.3 | EO176: 3.80723 | EP176: 3.6255 | EQ176: 2.34756 | ER176: 2.74627 | ES176: 2.61256 | ET176: 2.31735 | EU176: 132.03 | EV176: 132.6264 | EW176: 57.887402 | EX176: 60.856946 | EY176: 3785.2558 | EZ176: 249.08596 | FA176: 26.147168 | FB176: 3.30648 | FC176: 0 | FD176: 530.83376 | FE176: 72.616366 | FF176: 652.8249 | FG176: 32.500354 | FH176: 22.901867 | FI176: 98.849621 | FJ176: 45.615328 | FK176: 26.381604 | FL176: 196.07793 | FM176: 344.80795 | FN176: 73.989034 | FO176: 15096.781 | FP176: 399.526 | FQ176: 649.79797 | FR176: 1049.3165 | FS176: 4789.8848 | FT176: 102234.3

Sheet SAM1
A1: SAM | B1: 1 a_AGRICULT | C1: 2 a_COAL | D1: 3 a_OIL | E1: 4 a_GAS | F1: 5 a_MINING | G1: 6 a_FOODPRO | H1: 7 a_TEXTILES | I1: 8 a_WOODPRO | J1: 9 a_PAPERPRO | K1: 10 a_PETROLCOAL | L1: 11 a_CHEMICAL | M1: 12 a_NONMET | N1: 13 a_IRONSTL | O1: 14 a_NONFERR | P1: 15 a_MACHINE | Q1: 16 a_TRANSEQ | R1: 17 a_OTHERIND | S1: 18 a_TnD | T1: 19 a_eNuclear | U1: 20 a_eCoal | V1: 21 a_eGas | W1: 22 a_eOil | X1: 23 a_eWind | Y1: 24 a_eSolar | Z1: 25 a_eHydro | AA1: 26 a_eOther | AB1: 27 a_CONSTRUC | AC1: 28 a_LTRP | AD1: 29 a_WTRP | AE1: 30 a_ATRP | AF1: 31 a_SER | AG1: 32 c_AGRICULT | AH1: 33 c_COAL | AI1: 34 c_OIL | AJ1: 35 c_GAS | AK1: 36 c_MINING | AL1: 37 c_FOODPRO | AM1: 38 c_TEXTILES | AN1: 39 c_WOODPRO | AO1: 40 c_PAPERPRO | AP1: 41 c_PETROLCOAL | AQ1: 42 c_CHEMICAL | AR1: 43 c_NONMET | AS1: 44 c_IRONSTL | AT1: 45 c_NONFERR | AU1: 46 c_MACHINE | AV1: 47 c_TRANSEQ | AW1: 48 c_OTHERIND | AX1: 49 c_ELEC | AY1: 50 c_CONSTRUC | AZ1: 51 c_LTRP | BA1: 52 c_WTRP | BB1: 53 c_ATRP | BC1: 54 c_SER | BD1: 55 Land | BE1: 56 UnSkLab | BF1: 57 SkLab | BG1: 58 Capital | BH1: 59 NatRes | BI1: 60 tmm_r_01KOR | BJ1: 61 tmm_r_02CHN | BK1: 62 tmm_r_03JPN | BL1: 63 tmm_r_04RUS | BM1: 64 tmm_r_05MNG | BN1: 65 tmm_r_06PRK | BO1: 66 tmm_r_07NAM | BP1: 67 tmm_r_08LAM | BQ1: 68 tmm_r_09WEU | BR1: 69 tmm_r_10EEU | BS1: 70 tmm_r_11FSU | BT1: 71 tmm_r_12MEA | BU1: 72 tmm_r_13AFR | BV1: 73 tmm_r_14CPA | BW1: 74 tmm_r_15SAS | BX1: 75 tmm_r_16PAS | BY1: 76 tmm_r_17PAO | BZ1: 77 tee_r_01KOR | CA1: 78 tee_r_02CHN | CB1: 79 tee_r_03JPN | CC1: 80 tee_r_04RUS | CD1: 81 tee_r_05MNG | CE1: 82 tee_r_06PRK | CF1: 83 tee_r_07NAM | CG1: 84 tee_r_08LAM | CH1: 85 tee_r_09WEU | CI1: 86 tee_r_10EEU | CJ1: 87 tee_r_11FSU | CK1: 88 tee_r_12MEA | CL1: 89 tee_r_13AFR | CM1: 90 tee_r_14CPA | CN1: 91 tee_r_15SAS | CO1: 92 tee_r_16PAS | CP1: 93 tee_r_17PAO | CQ1: 94 tf_Land | CR1: 95 tf_UnSkLab | CS1: 96 tf_SkLab | CT1: 97 tf_Capital | CU1: 98 tf_NatRes | CV1: 99 M1c20__R1r | CW1: 100 M2c21__R1r | CX1: 101 M3c22__R1r | CY1: 102 M1c20__R2r | CZ1: 103 M2c21__R2r | DA1: 104 M3c22__R2r | DB1: 105 M1c20__R3r | DC1: 106 M2c21__R3r | DD1: 107 M3c22__R3r | DE1: 108 M1c20__R4r | DF1: 109 M2c21__R4r | DG1: 110 M3c22__R4r | DH1: 111 M1c20__R5r | DI1: 112 M2c21__R5r | DJ1: 113 M3c22__R5r | DK1: 114 M1c20__R6r | DL1: 115 M2c21__R6r | DM1: 116 M3c22__R6r | DN1: 117 M1c20__R7r | DO1: 118 M2c21__R7r | DP1: 119 M3c22__R7r | DQ1: 120 M1c20__R8r | DR1: 121 M2c21__R8r | DS1: 122 M3c22__R8r | DT1: 123 M1c20__R9r | DU1: 124 M2c21__R9r | DV1: 125 M3c22__R9r | DW1: 126 M1c20__R10r | DX1: 127 M2c21__R10r | DY1: 128 M3c22__R10r | DZ1: 129 M1c20__R11r | EA1: 130 M2c21__R11r | EB1: 131 M3c22__R11r | EC1: 132 M1c20__R12r | ED1: 133 M2c21__R12r | EE1: 134 M3c22__R12r | EF1: 135 M1c20__R13r | EG1: 136 M2c21__R13r | EH1: 137 M3c22__R13r | EI1: 138 M1c20__R14r | EJ1: 139 M2c21__R14r | EK1: 140 M3c22__R14r | EL1: 141 M1c20__R15r | EM1: 142 M2c21__R15r | EN1: 143 M3c22__R15r | EO1: 144 M1c20__R16r | EP1: 145 M2c21__R16r | EQ1: 146 M3c22__R16r | ER1: 147 M1c20__R17r | ES1: 148 M2c21__R17r | ET1: 149 M3c22__R17r | EU1: 150 M1c20_L_pvst | EV1: 151 M2c21_W_pvst | EW1: 152 M3c22_A_pvst | EX1: 153 ww_r_01KOR | EY1: 154 ww_r_02CHN | EZ1: 155 ww_r_03JPN | FA1: 156 ww_r_04RUS | FB1: 157 ww_r_05MNG | FC1: 158 ww_r_06PRK | FD1: 159 ww_r_07NAM | FE1: 160 ww_r_08LAM | FF1: 161 ww_r_09WEU | FG1: 162 ww_r_10EEU | FH1: 163 ww_r_11FSU | FI1: 164 ww_r_12MEA | FJ1: 165 ww_r_13AFR | FK1: 166 ww_r_14CPA | FL1: 167 ww_r_15SAS | FM1: 168 ww_r_16PAS | FN1: 169 ww_r_17PAO | FO1: 170 PRIV | FP1: 171 PRODTAX | FQ1: 172 DIRTAX | FR1: 173 GOVT | FS1: 174 CGDS | FT1: Total
A2: 1 a_AGRICULT | B2: 0 | C2: 0 | D2: 0 | E2: 0 | F2: 0 | G2: 0 | H2: 0 | I2: 0 | J2: 0 | K2: 0 | L2: 0 | M2: 0 | N2: 0 | O2: 0 | P2: 0 | Q2: 0 | R2: 0 | S2: 0 | T2: 0 | U2: 0 | V2: 0 | W2: 0 | X2: 0 | Y2: 0 | Z2: 0 | AA2: 0 | AB2: 0 | AC2: 0 | AD2: 0 | AE2: 0 | AF2: 0 | AG2: 1085.021 | AH2: 0 | AI2: 0 | AJ2: 0 | AK2: 0 | AL2: 0 | AM2: 0 | AN2: 0 | AO2: 0 | AP2: 0 | AQ2: 0 | AR2: 0 | AS2: 0 | AT2: 0 | AU2: 0 | AV2: 0 | AW2: 0 | AX2: 0 | AY2: 0 | AZ2: 0 | BA2: 0 | BB2: 0 | BC2: 0 | BD2: 0 | BE2: 0 | BF2: 0 | BG2: 0 | BH2: 0 | BI2: 0 | BJ2: 0 | BK2: 0 | BL2: 0 | BM2: 0 | BN2: 0 | BO2: 0 | BP2: 0 | BQ2: 0 | BR2: 0 | BS2: 0 | BT2: 0 | BU2: 0 | BV2: 0 | BW2: 0 | BX2: 0 | BY2: 0 | BZ2: 0 | CA2: 0 | CB2: 0 | CC2: 0 | CD2: 0 | CE2: 0 | CF2: 0 | CG2: 0 | CH2: 0 | CI2: 0 | CJ2: 0 | CK2: 0 | CL2: 0 | CM2: 0 | CN2: 0 | CO2: 0 | CP2: 0 | CQ2: 0 | CR2: 0 | CS2: 0 | CT2: 0 | CU2: 0 | CV2: 0 | CW2: 0 | CX2: 0 | CY2: 0 | CZ2: 0 | DA2: 0 | DB2: 0 | DC2: 0 | DD2: 0 | DE2: 0 | DF2: 0 | DG2: 0 | DH2: 0 | DI2: 0 | DJ2: 0 | DK2: 0 | DL2: 0 | DM2: 0 | DN2: 0 | DO2: 0 | DP2: 0 | DQ2: 0 | DR2: 0 | DS2: 0 | DT2: 0 | DU2: 0 | DV2: 0 | DW2: 0 | DX2: 0 | DY2: 0 | DZ2: 0 | EA2: 0 | EB2: 0 | EC2: 0 | ED2: 0 | EE2: 0 | EF2: 0 | EG2: 0 | EH2: 0 | EI2: 0 | EJ2: 0 | EK2: 0 | EL2: 0 | EM2: 0 | EN2: 0 | EO2: 0 | EP2: 0 | EQ2: 0 | ER2: 0 | ES2: 0 | ET2: 0 | EU2: 0 | EV2: 0 | EW2: 0 | EX2: 0 | EY2: 0 | EZ2: 0 | FA2: 0 | FB2: 0 | FC2: 0 | FD2: 0 | FE2: 0 | FF2: 0 | FG2: 0 | FH2: 0 | FI2: 0 | FJ2: 0 | FK2: 0 | FL2: 0 | FM2: 0 | FN2: 0 | FO2: 0 | FP2: 0 | FQ2: 0 | FR2: 0 | FS2: 0 | FT2: 1085.021 | FU2: {=TRANSPOSE(B176:FS176)} -> 1085.0197 | FV2: =FU2-FT2 -> -0.001296
A3: 2 a_COAL | B3: 0 | C3: 0 | D3: 0 | E3: 0 | F3: 0 | G3: 0 | H3: 0 | I3: 0 | J3: 0 | K3: 0 | L3: 0 | M3: 0 | N3: 0 | O3: 0 | P3: 0 | Q3: 0 | R3: 0 | S3: 0 | T3: 0 | U3: 0 | V3: 0 | W3: 0 | X3: 0 | Y3: 0 | Z3: 0 | AA3: 0 | AB3: 0 | AC3: 0 | AD3: 0 | AE3: 0 | AF3: 0 | AG3: 0 | AH3: 864.36005 | AI3: 0 | AJ3: 0 | AK3: 0 | AL3: 0 | AM3: 0 | AN3: 0 | AO3: 0 | AP3: 0 | AQ3: 0 | AR3: 0 | AS3: 0 | AT3: 0 | AU3: 0 | AV3: 0 | AW3: 0 | AX3: 0 | AY3: 0 | AZ3: 0 | BA3: 0 | BB3: 0 | BC3: 0 | BD3: 0 | BE3: 0 | BF3: 0 | BG3: 0 | BH3: 0 | BI3: 0 | BJ3: 0 | BK3: 0 | BL3: 0 | BM3: 0 | BN3: 0 | BO3: 0 | BP3: 0 | BQ3: 0 | BR3: 0 | BS3: 0 | BT3: 0 | BU3: 0 | BV3: 0 | BW3: 0 | BX3: 0 | BY3: 0 | BZ3: 0 | CA3: 0 | CB3: 0 | CC3: 0 | CD3: 0 | CE3: 0 | CF3: 0 | CG3: 0 | CH3: 0 | CI3: 0 | CJ3: 0 | CK3: 0 | CL3: 0 | CM3: 0 | CN3: 0 | CO3: 0 | CP3: 0 | CQ3: 0 | CR3: 0 | CS3: 0 | CT3: 0 | CU3: 0 | CV3: 0 | CW3: 0 | CX3: 0 | CY3: 0 | CZ3: 0 | DA3: 0 | DB3: 0 | DC3: 0 | DD3: 0 | DE3: 0 | DF3: 0 | DG3: 0 | DH3: 0 | DI3: 0 | DJ3: 0 | DK3: 0 | DL3: 0 | DM3: 0 | DN3: 0 | DO3: 0 | DP3: 0 | DQ3: 0 | DR3: 0 | DS3: 0 | DT3: 0 | DU3: 0 | DV3: 0 | DW3: 0 | DX3: 0 | DY3: 0 | DZ3: 0 | EA3: 0 | EB3: 0 | EC3: 0 | ED3: 0 | EE3: 0 | EF3: 0 | EG3: 0 | EH3: 0 | EI3: 0 | EJ3: 0 | EK3: 0 | EL3: 0 | EM3: 0 | EN3: 0 | EO3: 0 | EP3: 0 | EQ3: 0 | ER3: 0 | ES3: 0 | ET3: 0 | EU3: 0 | EV3: 0 | EW3: 0 | EX3: 0 | EY3: 0 | EZ3: 0 | FA3: 0 | FB3: 0 | FC3: 0 | FD3: 0 | FE3: 0 | FF3: 0 | FG3: 0 | FH3: 0 | FI3: 0 | FJ3: 0 | FK3: 0 | FL3: 0 | FM3: 0 | FN3: 0 | FO3: 0 | FP3: 0 | FQ3: 0 | FR3: 0 | FS3: 0 | FT3: 864.36005 | FU3: 864.36018 | FV3: =FU3-FT3 -> 0.0001356
A4: 3 a_OIL | B4: 0 | C4: 0 | D4: 0 | E4: 0 | F4: 0 | G4: 0 | H4: 0 | I4: 0 | J4: 0 | K4: 0 | L4: 0 | M4: 0 | N4: 0 | O4: 0 | P4: 0 | Q4: 0 | R4: 0 | S4: 0 | T4: 0 | U4: 0 | V4: 0 | W4: 0 | X4: 0 | Y4: 0 | Z4: 0 | AA4: 0 | AB4: 0 | AC4: 0 | AD4: 0 | AE4: 0 | AF4: 0 | AG4: 0 | AH4: 0 | AI4: 11.770181 | AJ4: 0 | AK4: 0 | AL4: 0 | AM4: 0 | AN4: 0 | AO4: 0 | AP4: 0 | AQ4: 0 | AR4: 0 | AS4: 0 | AT4: 0 | AU4: 0 | AV4: 0 | AW4: 0 | AX4: 0 | AY4: 0 | AZ4: 0 | BA4: 0 | BB4: 0 | BC4: 0 | BD4: 0 | BE4: 0 | BF4: 0 | BG4: 0 | BH4: 0 | BI4: 0 | BJ4: 0 | BK4: 0 | BL4: 0 | BM4: 0 | BN4: 0 | BO4: 0 | BP4: 0 | BQ4: 0 | BR4: 0 | BS4: 0 | BT4: 0 | BU4: 0 | BV4: 0 | BW4: 0 | BX4: 0 | BY4: 0 | BZ4: 0 | CA4: 0 | CB4: 0 | CC4: 0 | CD4: 0 | CE4: 0 | CF4: 0 | CG4: 0 | CH4: 0 | CI4: 0 | CJ4: 0 | CK4: 0 | CL4: 0 | CM4: 0 | CN4: 0 | CO4: 0 | CP4: 0 | CQ4: 0 | CR4: 0 | CS4: 0 | CT4: 0 | CU4: 0 | CV4: 0 | CW4: 0 | CX4: 0 | CY4: 0 | CZ4: 0 | DA4: 0 | DB4: 0 | DC4: 0 | DD4: 0 | DE4: 0 | DF4: 0 | DG4: 0 | DH4: 0 | DI4: 0 | DJ4: 0 | DK4: 0 | DL4: 0 | DM4: 0 | DN4: 0 | DO4: 0 | DP4: 0 | DQ4: 0 | DR4: 0 | DS4: 0 | DT4: 0 | DU4: 0 | DV4: 0 | DW4: 0 | DX4: 0 | DY4: 0 | DZ4: 0 | EA4: 0 | EB4: 0 | EC4: 0 | ED4: 0 | EE4: 0 | EF4: 0 | EG4: 0 | EH4: 0 | EI4: 0 | EJ4: 0 | EK4: 0 | EL4: 0 | EM4: 0 | EN4: 0 | EO4: 0 | EP4: 0 | EQ4: 0 | ER4: 0 | ES4: 0 | ET4: 0 | EU4: 0 | EV4: 0 | EW4: 0 | EX4: 0 | EY4: 0 | EZ4: 0 | FA4: 0 | FB4: 0 | FC4: 0 | FD4: 0 | FE4: 0 | FF4: 0 | FG4: 0 | FH4: 0 | FI4: 0 | FJ4: 0 | FK4: 0 | FL4: 0 | FM4: 0 | FN4: 0 | FO4: 0 | FP4: 0 | FQ4: 0 | FR4: 0 | FS4: 0 | FT4: 11.770181 | FU4: 11.77021 | FV4: =FU4-FT4 -> 2.9595e-05
A5: 4 a_GAS | B5: 0 | C5: 0 | D5: 0 | E5: 0 | F5: 0 | G5: 0 | H5: 0 | I5: 0 | J5: 0 | K5: 0 | L5: 0 | M5: 0 | N5: 0 | O5: 0 | P5: 0 | Q5: 0 | R5: 0 | S5: 0 | T5: 0 | U5: 0 | V5: 0 | W5: 0 | X5: 0 | Y5: 0 | Z5: 0 | AA5: 0 | AB5: 0 | AC5: 0 | AD5: 0 | AE5: 0 | AF5: 0 | AG5: 0 | AH5: 0 | AI5: 0 | AJ5: 4.5672483 | AK5: 0 | AL5: 0 | AM5: 0 | AN5: 0 | AO5: 0 | AP5: 0 | AQ5: 0 | AR5: 0 | AS5: 0 | AT5: 0 | AU5: 0 | AV5: 0 | AW5: 0 | AX5: 0 | AY5: 0 | AZ5: 0 | BA5: 0 | BB5: 0 | BC5: 0 | BD5: 0 | BE5: 0 | BF5: 0 | BG5: 0 | BH5: 0 | BI5: 0 | BJ5: 0 | BK5: 0 | BL5: 0 | BM5: 0 | BN5: 0 | BO5: 0 | BP5: 0 | BQ5: 0 | BR5: 0 | BS5: 0 | BT5: 0 | BU5: 0 | BV5: 0 | BW5: 0 | BX5: 0 | BY5: 0 | BZ5: 0 | CA5: 0 | CB5: 0 | CC5: 0 | CD5: 0 | CE5: 0 | CF5: 0 | CG5: 0 | CH5: 0 | CI5: 0 | CJ5: 0 | CK5: 0 | CL5: 0 | CM5: 0 | CN5: 0 | CO5: 0 | CP5: 0 | CQ5: 0 | CR5: 0 | CS5: 0 | CT5: 0 | CU5: 0 | CV5: 0 | CW5: 0 | CX5: 0 | CY5: 0 | CZ5: 0 | DA5: 0 | DB5: 0 | DC5: 0 | DD5: 0 | DE5: 0 | DF5: 0 | DG5: 0 | DH5: 0 | DI5: 0 | DJ5: 0 | DK5: 0 | DL5: 0 | DM5: 0 | DN5: 0 | DO5: 0 | DP5: 0 | DQ5: 0 | DR5: 0 | DS5: 0 | DT5: 0 | DU5: 0 | DV5: 0 | DW5: 0 | DX5: 0 | DY5: 0 | DZ5: 0 | EA5: 0 | EB5: 0 | EC5: 0 | ED5: 0 | EE5: 0 | EF5: 0 | EG5: 0 | EH5: 0 | EI5: 0 | EJ5: 0 | EK5: 0 | EL5: 0 | EM5: 0 | EN5: 0 | EO5: 0 | EP5: 0 | EQ5: 0 | ER5: 0 | ES5: 0 | ET5: 0 | EU5: 0 | EV5: 0 | EW5: 0 | EX5: 0 | EY5: 0 | EZ5: 0 | FA5: 0 | FB5: 0 | FC5: 0 | FD5: 0 | FE5: 0 | FF5: 0 | FG5: 0 | FH5: 0 | FI5: 0 | FJ5: 0 | FK5: 0 | FL5: 0 | FM5: 0 | FN5: 0 | FO5: 0 | FP5: 0 | FQ5: 0 | FR5: 0 | FS5: 0 | FT5: 4.5672483 | FU5: 4.5672659 | FV5: =FU5-FT5 -> 1.75324e-05
A6: 5 a_MINING | B6: 0 | C6: 0 | D6: 0 | E6: 0 | F6: 0 | G6: 0 | H6: 0 | I6: 0 | J6: 0 | K6: 0 | L6: 0 | M6: 0 | N6: 0 | O6: 0 | P6: 0 | Q6: 0 | R6: 0 | S6: 0 | T6: 0 | U6: 0 | V6: 0 | W6: 0 | X6: 0 | Y6: 0 | Z6: 0 | AA6: 0 | AB6: 0 | AC6: 0 | AD6: 0 | AE6: 0 | AF6: 0 | AG6: 0 | AH6: 0 | AI6: 0 | AJ6: 0 | AK6: 1175.7698 | AL6: 0 | AM6: 0 | AN6: 0 | AO6: 0 | AP6: 0 | AQ6: 0 | AR6: 0 | AS6: 0 | AT6: 0 | AU6: 0 | AV6: 0 | AW6: 0 | AX6: 0 | AY6: 0 | AZ6: 0 | BA6: 0 | BB6: 0 | BC6: 0 | BD6: 0 | BE6: 0 | BF6: 0 | BG6: 0 | BH6: 0 | BI6: 0 | BJ6: 0 | BK6: 0 | BL6: 0 | BM6: 0 | BN6: 0 | BO6: 0 | BP6: 0 | BQ6: 0 | BR6: 0 | BS6: 0 | BT6: 0 | BU6: 0 | BV6: 0 | BW6: 0 | BX6: 0 | BY6: 0 | BZ6: 0 | CA6: 0 | CB6: 0 | CC6: 0 | CD6: 0 | CE6: 0 | CF6: 0 | CG6: 0 | CH6: 0 | CI6: 0 | CJ6: 0 | CK6: 0 | CL6: 0 | CM6: 0 | CN6: 0 | CO6: 0 | CP6: 0 | CQ6: 0 | CR6: 0 | CS6: 0 | CT6: 0 | CU6: 0 | CV6: 0 | CW6: 0 | CX6: 0 | CY6: 0 | CZ6: 0 | DA6: 0 | DB6: 0 | DC6: 0 | DD6: 0 | DE6: 0 | DF6: 0 | DG6: 0 | DH6: 0 | DI6: 0 | DJ6: 0 | DK6: 0 | DL6: 0 | DM6: 0 | DN6: 0 | DO6: 0 | DP6: 0 | DQ6: 0 | DR6: 0 | DS6: 0 | DT6: 0 | DU6: 0 | DV6: 0 | DW6: 0 | DX6: 0 | DY6: 0 | DZ6: 0 | EA6: 0 | EB6: 0 | EC6: 0 | ED6: 0 | EE6: 0 | EF6: 0 | EG6: 0 | EH6: 0 | EI6: 0 | EJ6: 0 | EK6: 0 | EL6: 0 | EM6: 0 | EN6: 0 | EO6: 0 | EP6: 0 | EQ6: 0 | ER6: 0 | ES6: 0 | ET6: 0 | EU6: 0 | EV6: 0 | EW6: 0 | EX6: 0 | EY6: 0 | EZ6: 0 | FA6: 0 | FB6: 0 | FC6: 0 | FD6: 0 | FE6: 0 | FF6: 0 | FG6: 0 | FH6: 0 | FI6: 0 | FJ6: 0 | FK6: 0 | FL6: 0 | FM6: 0 | FN6: 0 | FO6: 0 | FP6: 0 | FQ6: 0 | FR6: 0 | FS6: 0 | FT6: 1175.7698 | FU6: 1175.774 | FV6: =FU6-FT6 -> 0.004233
A7: 6 a_FOODPRO | B7: 0 | C7: 0 | D7: 0 | E7: 0 | F7: 0 | G7: 0 | H7: 0 | I7: 0 | J7: 0 | K7: 0 | L7: 0 | M7: 0 | N7: 0 | O7: 0 | P7: 0 | Q7: 0 | R7: 0 | S7: 0 | T7: 0 | U7: 0 | V7: 0 | W7: 0 | X7: 0 | Y7: 0 | Z7: 0 | AA7: 0 | AB7: 0 | AC7: 0 | AD7: 0 | AE7: 0 | AF7: 0 | AG7: 0 | AH7: 0 | AI7: 0 | AJ7: 0 | AK7: 0 | AL7: 1169.4211 | AM7: 0 | AN7: 0 | AO7: 0 | AP7: 0 | AQ7: 0 | AR7: 0 | AS7: 0 | AT7: 0 | AU7: 0 | AV7: 0 | AW7: 0 | AX7: 0 | AY7: 0 | AZ7: 0 | BA7: 0 | BB7: 0 | BC7: 0 | BD7: 0 | BE7: 0 | BF7: 0 | BG7: 0 | BH7: 0 | BI7: 0 | BJ7: 0 | BK7: 0 | BL7: 0 | BM7: 0 | BN7: 0 | BO7: 0 | BP7: 0 | BQ7: 0 | BR7: 0 | BS7: 0 | BT7: 0 | BU7: 0 | BV7: 0 | BW7: 0 | BX7: 0 | BY7: 0 | BZ7: 0 | CA7: 0 | CB7: 0 | CC7: 0 | CD7: 0 | CE7: 0 | CF7: 0 | CG7: 0 | CH7: 0 | CI7: 0 | CJ7: 0 | CK7: 0 | CL7: 0 | CM7: 0 | CN7: 0 | CO7: 0 | CP7: 0 | CQ7: 0 | CR7: 0 | CS7: 0 | CT7: 0 | CU7: 0 | CV7: 0 | CW7: 0 | CX7: 0 | CY7: 0 | CZ7: 0 | DA7: 0 | DB7: 0 | DC7: 0 | DD7: 0 | DE7: 0 | DF7: 0 | DG7: 0 | DH7: 0 | DI7: 0 | DJ7: 0 | DK7: 0 | DL7: 0 | DM7: 0 | DN7: 0 | DO7: 0 | DP7: 0 | DQ7: 0 | DR7: 0 | DS7: 0 | DT7: 0 | DU7: 0 | DV7: 0 | DW7: 0 | DX7: 0 | DY7: 0 | DZ7: 0 | EA7: 0 | EB7: 0 | EC7: 0 | ED7: 0 | EE7: 0 | EF7: 0 | EG7: 0 | EH7: 0 | EI7: 0 | EJ7: 0 | EK7: 0 | EL7: 0 | EM7: 0 | EN7: 0 | EO7: 0 | EP7: 0 | EQ7: 0 | ER7: 0 | ES7: 0 | ET7: 0 | EU7: 0 | EV7: 0 | EW7: 0 | EX7: 0 | EY7: 0 | EZ7: 0 | FA7: 0 | FB7: 0 | FC7: 0 | FD7: 0 | FE7: 0 | FF7: 0 | FG7: 0 | FH7: 0 | FI7: 0 | FJ7: 0 | FK7: 0 | FL7: 0 | FM7: 0 | FN7: 0 | FO7: 0 | FP7: 0 | FQ7: 0 | FR7: 0 | FS7: 0 | FT7: 1169.4211 | FU7: 1169.4226 | FV7: =FU7-FT7 -> 0.001472
A8: 7 a_TEXTILES | B8: 0 | C8: 0 | D8: 0 | E8: 0 | F8: 0 | G8: 0 | H8: 0 | I8: 0 | J8: 0 | K8: 0 | L8: 0 | M8: 0 | N8: 0 | O8: 0 | P8: 0 | Q8: 0 | R8: 0 | S8: 0 | T8: 0 | U8: 0 | V8: 0 | W8: 0 | X8: 0 | Y8: 0 | Z8: 0 | AA8: 0 | AB8: 0 | AC8: 0 | AD8: 0 | AE8: 0 | AF8: 0 | AG8: 0 | AH8: 0 | AI8: 0 | AJ8: 0 | AK8: 0 | AL8: 0 | AM8: 555.88409 | AN8: 0 | AO8: 0 | AP8: 0 | AQ8: 0 | AR8: 0 | AS8: 0 | AT8: 0 | AU8: 0 | AV8: 0 | AW8: 0 | AX8: 0 | AY8: 0 | AZ8: 0 | BA8: 0 | BB8: 0 | BC8: 0 | BD8: 0 | BE8: 0 | BF8: 0 | BG8: 0 | BH8: 0 | BI8: 0 | BJ8: 0 | BK8: 0 | BL8: 0 | BM8: 0 | BN8: 0 | BO8: 0 | BP8: 0 | BQ8: 0 | BR8: 0 | BS8: 0 | BT8: 0 | BU8: 0 | BV8: 0 | BW8: 0 | BX8: 0 | BY8: 0 | BZ8: 0 | CA8: 0 | CB8: 0 | CC8: 0 | CD8: 0 | CE8: 0 | CF8: 0 | CG8: 0 | CH8: 0 | CI8: 0 | CJ8: 0 | CK8: 0 | CL8: 0 | CM8: 0 | CN8: 0 | CO8: 0 | CP8: 0 | CQ8: 0 | CR8: 0 | CS8: 0 | CT8: 0 | CU8: 0 | CV8: 0 | CW8: 0 | CX8: 0 | CY8: 0 | CZ8: 0 | DA8: 0 | DB8: 0 | DC8: 0 | DD8: 0 | DE8: 0 | DF8: 0 | DG8: 0 | DH8: 0 | DI8: 0 | DJ8: 0 | DK8: 0 | DL8: 0 | DM8: 0 | DN8: 0 | DO8: 0 | DP8: 0 | DQ8: 0 | DR8: 0 | DS8: 0 | DT8: 0 | DU8: 0 | DV8: 0 | DW8: 0 | DX8: 0 | DY8: 0 | DZ8: 0 | EA8: 0 | EB8: 0 | EC8: 0 | ED8: 0 | EE8: 0 | EF8: 0 | EG8: 0 | EH8: 0 | EI8: 0 | EJ8: 0 | EK8: 0 | EL8: 0 | EM8: 0 | EN8: 0 | EO8: 0 | EP8: 0 | EQ8: 0 | ER8: 0 | ES8: 0 | ET8: 0 | EU8: 0 | EV8: 0 | EW8: 0 | EX8: 0 | EY8: 0 | EZ8: 0 | FA8: 0 | FB8: 0 | FC8: 0 | FD8: 0 | FE8: 0 | FF8: 0 | FG8: 0 | FH8: 0 | FI8: 0 | FJ8: 0 | FK8: 0 | FL8: 0 | FM8: 0 | FN8: 0 | FO8: 0 | FP8: 0 | FQ8: 0 | FR8: 0 | FS8: 0 | FT8: 555.88409 | FU8: 555.88377 | FV8: =FU8-FT8 -> -0.00032059
A9: 8 a_WOODPRO | B9: 0 | C9: 0 | D9: 0 | E9: 0 | F9: 0 | G9: 0 | H9: 0 | I9: 0 | J9: 0 | K9: 0 | L9: 0 | M9: 0 | N9: 0 | O9: 0 | P9: 0 | Q9: 0 | R9: 0 | S9: 0 | T9: 0 | U9: 0 | V9: 0 | W9: 0 | X9: 0 | Y9: 0 | Z9: 0 | AA9: 0 | AB9: 0 | AC9: 0 | AD9: 0 | AE9: 0 | AF9: 0 | AG9: 0 | AH9: 0 | AI9: 0 | AJ9: 0 | AK9: 0 | AL9: 0 | AM9: 0 | AN9: 63.18935 | AO9: 0 | AP9: 0 | AQ9: 0 | AR9: 0 | AS9: 0 | AT9: 0 | AU9: 0 | AV9: 0 | AW9: 0 | AX9: 0 | AY9: 0 | AZ9: 0 | BA9: 0 | BB9: 0 | BC9: 0 | BD9: 0 | BE9: 0 | BF9: 0 | BG9: 0 | BH9: 0 | BI9: 0 | BJ9: 0 | BK9: 0 | BL9: 0 | BM9: 0 | BN9: 0 | BO9: 0 | BP9: 0 | BQ9: 0 | BR9: 0 | BS9: 0 | BT9: 0 | BU9: 0 | BV9: 0 | BW9: 0 | BX9: 0 | BY9: 0 | BZ9: 0 | CA9: 0 | CB9: 0 | CC9: 0 | CD9: 0 | CE9: 0 | CF9: 0 | CG9: 0 | CH9: 0 | CI9: 0 | CJ9: 0 | CK9: 0 | CL9: 0 | CM9: 0 | CN9: 0 | CO9: 0 | CP9: 0 | CQ9: 0 | CR9: 0 | CS9: 0 | CT9: 0 | CU9: 0 | CV9: 0 | CW9: 0 | CX9: 0 | CY9: 0 | CZ9: 0 | DA9: 0 | DB9: 0 | DC9: 0 | DD9: 0 | DE9: 0 | DF9: 0 | DG9: 0 | DH9: 0 | DI9: 0 | DJ9: 0 | DK9: 0 | DL9: 0 | DM9: 0 | DN9: 0 | DO9: 0 | DP9: 0 | DQ9: 0 | DR9: 0 | DS9: 0 | DT9: 0 | DU9: 0 | DV9: 0 | DW9: 0 | DX9: 0 | DY9: 0 | DZ9: 0 | EA9: 0 | EB9: 0 | EC9: 0 | ED9: 0 | EE9: 0 | EF9: 0 | EG9: 0 | EH9: 0 | EI9: 0 | EJ9: 0 | EK9: 0 | EL9: 0 | EM9: 0 | EN9: 0 | EO9: 0 | EP9: 0 | EQ9: 0 | ER9: 0 | ES9: 0 | ET9: 0 | EU9: 0 | EV9: 0 | EW9: 0 | EX9: 0 | EY9: 0 | EZ9: 0 | FA9: 0 | FB9: 0 | FC9: 0 | FD9: 0 | FE9: 0 | FF9: 0 | FG9: 0 | FH9: 0 | FI9: 0 | FJ9: 0 | FK9: 0 | FL9: 0 | FM9: 0 | FN9: 0 | FO9: 0 | FP9: 0 | FQ9: 0 | FR9: 0 | FS9: 0 | FT9: 63.18935 | FU9: 63.189392 | FV9: =FU9-FT9 -> 4.2026e-05
A10: 9 a_PAPERPRO | B10: 0 | C10: 0 | D10: 0 | E10: 0 | F10: 0 | G10: 0 | H10: 0 | I10: 0 | J10: 0 | K10: 0 | L10: 0 | M10: 0 | N10: 0 | O10: 0 | P10: 0 | Q10: 0 | R10: 0 | S10: 0 | T10: 0 | U10: 0 | V10: 0 | W10: 0 | X10: 0 | Y10: 0 | Z10: 0 | AA10: 0 | AB10: 0 | AC10: 0 | AD10: 0 | AE10: 0 | AF10: 0 | AG10: 0 | AH10: 0 | AI10: 0 | AJ10: 0 | AK10: 0 | AL10: 0 | AM10: 0 | AN10: 0 | AO10: 120.91399 | AP10: 0 | AQ10: 0 | AR10: 0 | AS10: 0 | AT10: 0 | AU10: 0 | AV10: 0 | AW10: 0 | AX10: 0 | AY10: 0 | AZ10: 0 | BA10: 0 | BB10: 0 | BC10: 0 | BD10: 0 | BE10: 0 | BF10: 0 | BG10: 0 | BH10: 0 | BI10: 0 | BJ10: 0 | BK10: 0 | BL10: 0 | BM10: 0 | BN10: 0 | BO10: 0 | BP10: 0 | BQ10: 0 | BR10: 0 | BS10: 0 | BT10: 0 | BU10: 0 | BV10: 0 | BW10: 0 | BX10: 0 | BY10: 0 | BZ10: 0 | CA10: 0 | CB10: 0 | CC10: 0 | CD10: 0 | CE10: 0 | CF10: 0 | CG10: 0 | CH10: 0 | CI10: 0 | CJ10: 0 | CK10: 0 | CL10: 0 | CM10: 0 | CN10: 0 | CO10: 0 | CP10: 0 | CQ10: 0 | CR10: 0 | CS10: 0 | CT10: 0 | CU10: 0 | CV10: 0 | CW10: 0 | CX10: 0 | CY10: 0 | CZ10: 0 | DA10: 0 | DB10: 0 | DC10: 0 | DD10: 0 | DE10: 0 | DF10: 0 | DG10: 0 | DH10: 0 | DI10: 0 | DJ10: 0 | DK10: 0 | DL10: 0 | DM10: 0 | DN10: 0 | DO10: 0 | DP10: 0 | DQ10: 0 | DR10: 0 | DS10: 0 | DT10: 0 | DU10: 0 | DV10: 0 | DW10: 0 | DX10: 0 | DY10: 0 | DZ10: 0 | EA10: 0 | EB10: 0 | EC10: 0 | ED10: 0 | EE10: 0 | EF10: 0 | EG10: 0 | EH10: 0 | EI10: 0 | EJ10: 0 | EK10: 0 | EL10: 0 | EM10: 0 | EN10: 0 | EO10: 0 | EP10: 0 | EQ10: 0 | ER10: 0 | ES10: 0 | ET10: 0 | EU10: 0 | EV10: 0 | EW10: 0 | EX10: 0 | EY10: 0 | EZ10: 0 | FA10: 0 | FB10: 0 | FC10: 0 | FD10: 0 | FE10: 0 | FF10: 0 | FG10: 0 | FH10: 0 | FI10: 0 | FJ10: 0 | FK10: 0 | FL10: 0 | FM10: 0 | FN10: 0 | FO10: 0 | FP10: 0 | FQ10: 0 | FR10: 0 | FS10: 0 | FT10: 120.91399 | FU10: 120.91394 | FV10: =FU10-FT10 -> -4.542e-05
A11: 10 a_PETROLCOAL | B11: 0 | C11: 0 | D11: 0 | E11: 0 | F11: 0 | G11: 0 | H11: 0 | I11: 0 | J11: 0 | K11: 0 | L11: 0 | M11: 0 | N11: 0 | O11: 0 | P11: 0 | Q11: 0 | R11: 0 | S11: 0 | T11: 0 | U11: 0 | V11: 0 | W11: 0 | X11: 0 | Y11: 0 | Z11: 0 | AA11: 0 | AB11: 0 | AC11: 0 | AD11: 0 | AE11: 0 | AF11: 0 | AG11: 0 | AH11: 0 | AI11: 0 | AJ11: 0 | AK11: 0 | AL11: 0 | AM11: 0 | AN11: 0 | AO11: 0 | AP11: 49.766174 | AQ11: 0 | AR11: 0 | AS11: 0 | AT11: 0 | AU11: 0 | AV11: 0 | AW11: 0 | AX11: 0 | AY11: 0 | AZ11: 0 | BA11: 0 | BB11: 0 | BC11: 0 | BD11: 0 | BE11: 0 | BF11: 0 | BG11: 0 | BH11: 0 | BI11: 0 | BJ11: 0 | BK11: 0 | BL11: 0 | BM11: 0 | BN11: 0 | BO11: 0 | BP11: 0 | BQ11: 0 | BR11: 0 | BS11: 0 | BT11: 0 | BU11: 0 | BV11: 0 | BW11: 0 | BX11: 0 | BY11: 0 | BZ11: 0 | CA11: 0 | CB11: 0 | CC11: 0 | CD11: 0 | CE11: 0 | CF11: 0 | CG11: 0 | CH11: 0 | CI11: 0 | CJ11: 0 | CK11: 0 | CL11: 0 | CM11: 0 | CN11: 0 | CO11: 0 | CP11: 0 | CQ11: 0 | CR11: 0 | CS11: 0 | CT11: 0 | CU11: 0 | CV11: 0 | CW11: 0 | CX11: 0 | CY11: 0 | CZ11: 0 | DA11: 0 | DB11: 0 | DC11: 0 | DD11: 0 | DE11: 0 | DF11: 0 | DG11: 0 | DH11: 0 | DI11: 0 | DJ11: 0 | DK11: 0 | DL11: 0 | DM11: 0 | DN11: 0 | DO11: 0 | DP11: 0 | DQ11: 0 | DR11: 0 | DS11: 0 | DT11: 0 | DU11: 0 | DV11: 0 | DW11: 0 | DX11: 0 | DY11: 0 | DZ11: 0 | EA11: 0 | EB11: 0 | EC11: 0 | ED11: 0 | EE11: 0 | EF11: 0 | EG11: 0 | EH11: 0 | EI11: 0 | EJ11: 0 | EK11: 0 | EL11: 0 | EM11: 0 | EN11: 0 | EO11: 0 | EP11: 0 | EQ11: 0 | ER11: 0 | ES11: 0 | ET11: 0 | EU11: 0 | EV11: 0 | EW11: 0 | EX11: 0 | EY11: 0 | EZ11: 0 | FA11: 0 | FB11: 0 | FC11: 0 | FD11: 0 | FE11: 0 | FF11: 0 | FG11: 0 | FH11: 0 | FI11: 0 | FJ11: 0 | FK11: 0 | FL11: 0 | FM11: 0 | FN11: 0 | FO11: 0 | FP11: 0 | FQ11: 0 | FR11: 0 | FS11: 0 | FT11: 49.766174 | FU11: 49.766207 | FV11: =FU11-FT11 -> 3.2437e-05
A12: 11 a_CHEMICAL | B12: 0 | C12: 0 | D12: 0 | E12: 0 | F12: 0 | G12: 0 | H12: 0 | I12: 0 | J12: 0 | K12: 0 | L12: 0 | M12: 0 | N12: 0 | O12: 0 | P12: 0 | Q12: 0 | R12: 0 | S12: 0 | T12: 0 | U12: 0 | V12: 0 | W12: 0 | X12: 0 | Y12: 0 | Z12: 0 | AA12: 0 | AB12: 0 | AC12: 0 | AD12: 0 | AE12: 0 | AF12: 0 | AG12: 0 | AH12: 0 | AI12: 0 | AJ12: 0 | AK12: 0 | AL12: 0 | AM12: 0 | AN12: 0 | AO12: 0 | AP12: 0 | AQ12: 170.06422 | AR12: 0 | AS12: 0 | AT12: 0 | AU12: 0 | AV12: 0 | AW12: 0 | AX12: 0 | AY12: 0 | AZ12: 0 | BA12: 0 | BB12: 0 | BC12: 0 | BD12: 0 | BE12: 0 | BF12: 0 | BG12: 0 | BH12: 0 | BI12: 0 | BJ12: 0 | BK12: 0 | BL12: 0 | BM12: 0 | BN12: 0 | BO12: 0 | BP12: 0 | BQ12: 0 | BR12: 0 | BS12: 0 | BT12: 0 | BU12: 0 | BV12: 0 | BW12: 0 | BX12: 0 | BY12: 0 | BZ12: 0 | CA12: 0 | CB12: 0 | CC12: 0 | CD12: 0 | CE12: 0 | CF12: 0 | CG12: 0 | CH12: 0 | CI12: 0 | CJ12: 0 | CK12: 0 | CL12: 0 | CM12: 0 | CN12: 0 | CO12: 0 | CP12: 0 | CQ12: 0 | CR12: 0 | CS12: 0 | CT12: 0 | CU12: 0 | CV12: 0 | CW12: 0 | CX12: 0 | CY12: 0 | CZ12: 0 | DA12: 0 | DB12: 0 | DC12: 0 | DD12: 0 | DE12: 0 | DF12: 0 | DG12: 0 | DH12: 0 | DI12: 0 | DJ12: 0 | DK12: 0 | DL12: 0 | DM12: 0 | DN12: 0 | DO12: 0 | DP12: 0 | DQ12: 0 | DR12: 0 | DS12: 0 | DT12: 0 | DU12: 0 | DV12: 0 | DW12: 0 | DX12: 0 | DY12: 0 | DZ12: 0 | EA12: 0 | EB12: 0 | EC12: 0 | ED12: 0 | EE12: 0 | EF12: 0 | EG12: 0 | EH12: 0 | EI12: 0 | EJ12: 0 | EK12: 0 | EL12: 0 | EM12: 0 | EN12: 0 | EO12: 0 | EP12: 0 | EQ12: 0 | ER12: 0 | ES12: 0 | ET12: 0 | EU12: 0 | EV12: 0 | EW12: 0 | EX12: 0 | EY12: 0 | EZ12: 0 | FA12: 0 | FB12: 0 | FC12: 0 | FD12: 0 | FE12: 0 | FF12: 0 | FG12: 0 | FH12: 0 | FI12: 0 | FJ12: 0 | FK12: 0 | FL12: 0 | FM12: 0 | FN12: 0 | FO12: 0 | FP12: 0 | FQ12: 0 | FR12: 0 | FS12: 0 | FT12: 170.06422 | FU12: 170.06466 | FV12: =FU12-FT12 -> 0.0004381
A13: 12 a_NONMET | B13: 0 | C13: 0 | D13: 0 | E13: 0 | F13: 0 | G13: 0 | H13: 0 | I13: 0 | J13: 0 | K13: 0 | L13: 0 | M13: 0 | N13: 0 | O13: 0 | P13: 0 | Q13: 0 | R13: 0 | S13: 0 | T13: 0 | U13: 0 | V13: 0 | W13: 0 | X13: 0 | Y13: 0 | Z13: 0 | AA13: 0 | AB13: 0 | AC13: 0 | AD13: 0 | AE13: 0 | AF13: 0 | AG13: 0 | AH13: 0 | AI13: 0 | AJ13: 0 | AK13: 0 | AL13: 0 | AM13: 0 | AN13: 0 | AO13: 0 | AP13: 0 | AQ13: 0 | AR13: 169.27431 | AS13: 0 | AT13: 0 | AU13: 0 | AV13: 0 | AW13: 0 | AX13: 0 | AY13: 0 | AZ13: 0 | BA13: 0 | BB13: 0 | BC13: 0 | BD13: 0 | BE13: 0 | BF13: 0 | BG13: 0 | BH13: 0 | BI13: 0 | BJ13: 0 | BK13: 0 | BL13: 0 | BM13: 0 | BN13: 0 | BO13: 0 | BP13: 0 | BQ13: 0 | BR13: 0 | BS13: 0 | BT13: 0 | BU13: 0 | BV13: 0 | BW13: 0 | BX13: 0 | BY13: 0 | BZ13: 0 | CA13: 0 | CB13: 0 | CC13: 0 | CD13: 0 | CE13: 0 | CF13: 0 | CG13: 0 | CH13: 0 | CI13: 0 | CJ13: 0 | CK13: 0 | CL13: 0 | CM13: 0 | CN13: 0 | CO13: 0 | CP13: 0 | CQ13: 0 | CR13: 0 | CS13: 0 | CT13: 0 | CU13: 0 | CV13: 0 | CW13: 0 | CX13: 0 | CY13: 0 | CZ13: 0 | DA13: 0 | DB13: 0 | DC13: 0 | DD13: 0 | DE13: 0 | DF13: 0 | DG13: 0 | DH13: 0 | DI13: 0 | DJ13: 0 | DK13: 0 | DL13: 0 | DM13: 0 | DN13: 0 | DO13: 0 | DP13: 0 | DQ13: 0 | DR13: 0 | DS13: 0 | DT13: 0 | DU13: 0 | DV13: 0 | DW13: 0 | DX13: 0 | DY13: 0 | DZ13: 0 | EA13: 0 | EB13: 0 | EC13: 0 | ED13: 0 | EE13: 0 | EF13: 0 | EG13: 0 | EH13: 0 | EI13: 0 | EJ13: 0 | EK13: 0 | EL13: 0 | EM13: 0 | EN13: 0 | EO13: 0 | EP13: 0 | EQ13: 0 | ER13: 0 | ES13: 0 | ET13: 0 | EU13: 0 | EV13: 0 | EW13: 0 | EX13: 0 | EY13: 0 | EZ13: 0 | FA13: 0 | FB13: 0 | FC13: 0 | FD13: 0 | FE13: 0 | FF13: 0 | FG13: 0 | FH13: 0 | FI13: 0 | FJ13: 0 | FK13: 0 | FL13: 0 | FM13: 0 | FN13: 0 | FO13: 0 | FP13: 0 | FQ13: 0 | FR13: 0 | FS13: 0 | FT13: 169.27431 | FU13: 169.27428 | FV13: =FU13-FT13 -> -2.561e-05
A14: 13 a_IRONSTL | B14: 0 | C14: 0 | D14: 0 | E14: 0 | F14: 0 | G14: 0 | H14: 0 | I14: 0 | J14: 0 | K14: 0 | L14: 0 | M14: 0 | N14: 0 | O14: 0 | P14: 0 | Q14: 0 | R14: 0 | S14: 0 | T14: 0 | U14: 0 | V14: 0 | W14: 0 | X14: 0 | Y14: 0 | Z14: 0 | AA14: 0 | AB14: 0 | AC14: 0 | AD14: 0 | AE14: 0 | AF14: 0 | AG14: 0 | AH14: 0 | AI14: 0 | AJ14: 0 | AK14: 0 | AL14: 0 | AM14: 0 | AN14: 0 | AO14: 0 | AP14: 0 | AQ14: 0 | AR14: 0 | AS14: 43.794666 | AT14: 0 | AU14: 0 | AV14: 0 | AW14: 0 | AX14: 0 | AY14: 0 | AZ14: 0 | BA14: 0 | BB14: 0 | BC14: 0 | BD14: 0 | BE14: 0 | BF14: 0 | BG14: 0 | BH14: 0 | BI14: 0 | BJ14: 0 | BK14: 0 | BL14: 0 | BM14: 0 | BN14: 0 | BO14: 0 | BP14: 0 | BQ14: 0 | BR14: 0 | BS14: 0 | BT14: 0 | BU14: 0 | BV14: 0 | BW14: 0 | BX14: 0 | BY14: 0 | BZ14: 0 | CA14: 0 | CB14: 0 | CC14: 0 | CD14: 0 | CE14: 0 | CF14: 0 | CG14: 0 | CH14: 0 | CI14: 0 | CJ14: 0 | CK14: 0 | CL14: 0 | CM14: 0 | CN14: 0 | CO14: 0 | CP14: 0 | CQ14: 0 | CR14: 0 | CS14: 0 | CT14: 0 | CU14: 0 | CV14: 0 | CW14: 0 | CX14: 0 | CY14: 0 | CZ14: 0 | DA14: 0 | DB14: 0 | DC14: 0 | DD14: 0 | DE14: 0 | DF14: 0 | DG14: 0 | DH14: 0 | DI14: 0 | DJ14: 0 | DK14: 0 | DL14: 0 | DM14: 0 | DN14: 0 | DO14: 0 | DP14: 0 | DQ14: 0 | DR14: 0 | DS14: 0 | DT14: 0 | DU14: 0 | DV14: 0 | DW14: 0 | DX14: 0 | DY14: 0 | DZ14: 0 | EA14: 0 | EB14: 0 | EC14: 0 | ED14: 0 | EE14: 0 | EF14: 0 | EG14: 0 | EH14: 0 | EI14: 0 | EJ14: 0 | EK14: 0 | EL14: 0 | EM14: 0 | EN14: 0 | EO14: 0 | EP14: 0 | EQ14: 0 | ER14: 0 | ES14: 0 | ET14: 0 | EU14: 0 | EV14: 0 | EW14: 0 | EX14: 0 | EY14: 0 | EZ14: 0 | FA14: 0 | FB14: 0 | FC14: 0 | FD14: 0 | FE14: 0 | FF14: 0 | FG14: 0 | FH14: 0 | FI14: 0 | FJ14: 0 | FK14: 0 | FL14: 0 | FM14: 0 | FN14: 0 | FO14: 0 | FP14: 0 | FQ14: 0 | FR14: 0 | FS14: 0 | FT14: 43.794666 | FU14: 43.79466 | FV14: =FU14-FT14 -> -6.612e-06
... A175: 174 CGDS | B175: 0 | C175: 0 | D175: 0 | E175: 0 | F175: 0 | G175: 0 | H175: 0 | I175: 0 | J175: 0 | K175: 0 | L175: 0 | M175: 0 | N175: 0 | O175: 0 | P175: 0 | Q175: 0 | R175: 0 | S175: 0 | T175: 0 | U175: 0 | V175: 0 | W175: 0 | X175: 0 | Y175: 0 | Z175: 0 | AA175: 0 | AB175: 0 | AC175: 0 | AD175: 0 | AE175: 0 | AF175: 0 | AG175: 0 | AH175: 0 | AI175: 0 | AJ175: 0 | AK175: 0 | AL175: 0 | AM175: 0 | AN175: 0 | AO175: 0 | AP175: 0 | AQ175: 0 | AR175: 0 | AS175: 0 | AT175: 0 | AU175: 0 | AV175: 0 | AW175: 0 | AX175: 0 | AY175: 0 | AZ175: 0 | BA175: 0 | BB175: 0 | BC175: 0 | BD175: 0 | BE175: 0 | BF175: 0 | BG175: 0 | BH175: 0 | BI175: 0 | BJ175: 0 | BK175: 0 | BL175: 0 | BM175: 0 | BN175: 0 | BO175: 0 | BP175: 0 | BQ175: 0 | BR175: 0 | BS175: 0 | BT175: 0 | BU175: 0 | BV175: 0 | BW175: 0 | BX175: 0 | BY175: 0 | BZ175: 0 | CA175: 0 | CB175: 0 | CC175: 0 | CD175: 0 | CE175: 0 | CF175: 0 | CG175: 0 | CH175: 0 | CI175: 0 | CJ175: 0 | CK175: 0 | CL175: 0 | CM175: 0 | CN175: 0 | CO175: 0 | CP175: 0 | CQ175: 0 | CR175: 0 | CS175: 0 | CT175: 0 | CU175: 0 | CV175: 0 | CW175: 0 | CX175: 0 | CY175: 0 | CZ175: 0 | DA175: 0 | DB175: 0 | DC175: 0 | DD175: 0 | DE175: 0 | DF175: 0 | DG175: 0 | DH175: 0 | DI175: 0 | DJ175: 0 | DK175: 0 | DL175: 0 | DM175: 0 | DN175: 0 | DO175: 0 | DP175: 0 | DQ175: 0 | DR175: 0 | DS175: 0 | DT175: 0 | DU175: 0 | DV175: 0 | DW175: 0 | DX175: 0 | DY175: 0 | DZ175: 0 | EA175: 0 | EB175: 0 | EC175: 0 | ED175: 0 | EE175: 0 | EF175: 0 | EG175: 0 | EH175: 0 | EI175: 0 | EJ175: 0 | EK175: 0 | EL175: 0 | EM175: 0 | EN175: 0 | EO175: 0 | EP175: 0 | EQ175: 0 | ER175: 0 | ES175: 0 | ET175: 0 | EU175: 53.998734 | EV175: -35.955677 | EW175: -49.041389 | EX175: -49.636803 | EY175: -588.94305 | EZ175: -5.3837743 | FA175: -5.9738188 | FB175: -1.0443982 | FC175: 0 | FD175: -38.17894 | FE175: -73.070572 | FF175: -91.913666 | FG175: -23.521416 | FH175: -25.13588 | FI175: -40.448418 | FJ175: -73.479759 | FK175: -45.672382 | FL175: 55.4716 | FM175: -201.32442 | FN175: -43.21085 | FO175: 6929.8135 | FP175: 0 | FQ175: 0 | FR175: -1154.7988 | FS175: 0 | FT175: 4492.5498 | FU175: 4492.5496 | FV175: =FU175-FT175 -> -0.0001293
A176: Total | B176: 1085.0197 | C176: 864.36018 | D176: 11.77021 | E176: 4.5672659 | F176: 1175.774 | G176: 1169.4226 | H176: 555.88377 | I176: 63.189392 | J176: 120.91394 | K176: 49.766207 | L176: 170.06466 | M176: 169.27428 | N176: 43.79466 | O176: 15.200352 | P176: 202.79702 | Q176: 103.4296 | R176: 49.601915 | S176: 55.821424 | T176: 0.0044174939 | U176: 15.39746 | V176: 11.119208 | W176: 31.079851 | X176: 0.0044321343 | Y176: 0.037897956 | Z176: 121.71966 | AA176: 1.3340912 | AB176: 3174.7067 | AC176: 2143.6242 | AD176: 434.9945 | AE176: 780.9343 | AF176: 14882.738 | AG176: 1229.2651 | AH176: 878.60815 | AI176: 46.404448 | AJ176: 14.334417 | AK176: 1192.1232 | AL176: 1881.9989 | AM176: 1518.8616 | AN176: 110.91365 | AO176: 188.47712 | AP176: 235.44726 | AQ176: 479.1446 | AR176: 324.4045 | AS176: 138.95046 | AT176: 35.655707 | AU176: 766.88959 | AV176: 265.12619 | AW176: 287.87799 | AX176: 317.63727 | AY176: 3288.8419 | AZ176: 2161.5828 | BA176: 465.68581 | BB176: 853.6227 | BC176: 17288.503 | BD176: 706.67801 | BE176: 3970.4871 | BF176: 1899.4306 | BG176: 6558.6662 | BH176: 181.38409 | BI176: 0 | BJ176: 0 | BK176: 0 | BL176: 0 | BM176: 0 | BN176: 0 | BO176: 0 | BP176: 0 | BQ176: 0 | BR176: 0 | BS176: 0 | BT176: 0 | BU176: 0 | BV176: 0 | BW176: 0 | BX176: 0 | BY176: 0 | BZ176: 0.0077907634 | CA176: 4.8816733 | CB176: 0.014659544 | CC176: 0.0051174955 | CD176: 4.298678e-05 | CE176: 0 | CF176: 0.032605249 | CG176: 0.049525827 | CH176: 0.29156324 | CI176: 0.016159918 | CJ176: 0.0035077431 | CK176: 0.057984781 | CL176: 1.5137566 | CM176: 0.017311241 | CN176: 0.084936894 | CO176: 0.062673494 | CP176: 0.0049597663 | CQ176: 5.9141126 | CR176: 58.423576 | CS176: 29.340807 | CT176: 68.888626 | CU176: 1.5166693 | CV176: 2.4231923 | CW176: 2.3732939 | CX176: 2.2767632 | CY176: 84.087036 | CZ176: 84.278145 | DA176: 16.453394 | DB176: 4.8273287 | DC176: 4.539731 | DD176: 2.6714292 | DE176: 2.3390203 | DF176: 2.7091997 | DG176: 2.2767632 | DH176: 2.3390203 | DI176: 2.3133934 | DJ176: 2.2767632 | DK176: 2.3390203 | DL176: 2.3133934 | DM176: 2.2767632 | DN176: 2.9981275 | DO176: 2.8978841 | DP176: 2.3867085 | DQ176: 2.3777535 | DR176: 2.3133934 | DS176: 2.2767632 | DT176: 7.7366328 | DU176: 7.1775842 | DV176: 5.8500438 | DW176: 2.3425248 | DX176: 2.32499 | DY176: 2.2767632 | DZ176: 2.3390203 | EA176: 2.3133934 | EB176: 2.2767632 | EC176: 2.4061644 | ED176: 2.4914649 | EE176: 2.2767632 | EF176: 2.3390203 | EG176: 2.3133934 | EH176: 2.2767632 | EI176: 2.3390203 | EJ176: 2.3133934 | EK176: 2.2767632 | EL176: 2.3493474 | EM176: 2.6798282 | EN176: 2.2767632 | EO176: 3.8364358 | EP176: 3.6144526 | EQ176: 2.3237138 | ER176: 2.7822824 | ES176: 2.6232963 | ET176: 2.2939665 | EU176: 132.20088 | EV176: 131.5904 | EW176: 57.024109 | EX176: 65.758646 | EY176: 3540.1436 | EZ176: 231.76239 | FA176: 24.237176 | FB176: 3.1970263 | FC176: 0 | FD176: 528.51351 | FE176: 74.811535 | FF176: 600.23196 | FG176: 30.916734 | FH176: 23.969923 | FI176: 98.752257 | FJ176: 48.729244 | FK176: 26.916603 | FL176: 202.24135 | FM176: 346.36496 | FN176: 71.944394 | FO176: 12794.074 | FP176: 373.19632 | FQ176: 522.57977 | FR176: 895.77482 | FS176: 4492.5496 | FT176: 100604.77 | FV176: =SUM(FV2:FV175) -> 3.9249485e-07

Sheet 셀 변화율
A1: SAM | B1: 1 a_AGRICULT | C1: 2 a_COAL | D1: 3 a_OIL | E1: 4 a_GAS | F1: 5 a_MINING | G1: 6 a_FOODPRO | H1: 7 a_TEXTILES | I1: 8 a_WOODPRO | J1: 9 a_PAPERPRO | K1: 10 a_PETROLCOAL | L1: 11 a_CHEMICAL | M1: 12 a_NONMET | N1: 13 a_IRONSTL | O1: 14 a_NONFERR | P1: 15 a_MACHINE | Q1: 16 a_TRANSEQ | R1: 17 a_OTHERIND | S1: 18 a_TnD | T1: 19 a_eNuclear | U1: 20 a_eCoal | V1: 21 a_eGas | W1: 22 a_eOil | X1: 23 a_eWind | Y1: 24 a_eSolar | Z1: 25 a_eHydro | AA1: 26 a_eOther | AB1: 27 a_CONSTRUC | AC1: 28 a_LTRP | AD1: 29 a_WTRP | AE1: 30 a_ATRP | AF1: 31 a_SER | AG1: 32 c_AGRICULT | AH1: 33 c_COAL | AI1: 34 c_OIL | AJ1: 35 c_GAS | AK1: 36 c_MINING | AL1: 37 c_FOODPRO | AM1: 38 c_TEXTILES | AN1: 39 c_WOODPRO | AO1: 40 c_PAPERPRO | AP1: 41 c_PETROLCOAL | AQ1: 42 c_CHEMICAL | AR1: 43 c_NONMET | AS1: 44 c_IRONSTL | AT1: 45 c_NONFERR | AU1: 46 c_MACHINE | AV1: 47 c_TRANSEQ | AW1: 48 c_OTHERIND | AX1: 49 c_ELEC | AY1: 50 c_CONSTRUC | AZ1: 51 c_LTRP | BA1: 52 c_WTRP | BB1: 53 c_ATRP | BC1: 54 c_SER | BD1: 55 Land | BE1: 56 UnSkLab | BF1: 57 SkLab | BG1: 58 Capital | BH1: 59 NatRes | BI1: 60 tmm_r_01KOR | BJ1: 61 tmm_r_02CHN | BK1: 62 tmm_r_03JPN | BL1: 63 tmm_r_04RUS | BM1: 64 tmm_r_05MNG | BN1: 65 tmm_r_06PRK | BO1: 66 tmm_r_07NAM | BP1: 67 tmm_r_08LAM | BQ1: 68 tmm_r_09WEU | BR1: 69 tmm_r_10EEU | BS1: 70 tmm_r_11FSU | BT1: 71 tmm_r_12MEA | BU1: 72 tmm_r_13AFR | BV1: 73 tmm_r_14CPA | BW1: 74 tmm_r_15SAS | BX1: 75 tmm_r_16PAS | BY1: 76 tmm_r_17PAO | BZ1: 77 tee_r_01KOR | CA1: 78 tee_r_02CHN | CB1: 79 tee_r_03JPN | CC1: 80 tee_r_04RUS | CD1: 81 tee_r_05MNG | CE1: 82 tee_r_06PRK | CF1: 83 tee_r_07NAM | CG1: 84 tee_r_08LAM | CH1: 85 tee_r_09WEU | CI1: 86 tee_r_10EEU | CJ1: 87 tee_r_11FSU | CK1: 88 tee_r_12MEA | CL1: 89 tee_r_13AFR | CM1: 90 tee_r_14CPA | CN1: 91 tee_r_15SAS | CO1: 92 tee_r_16PAS | CP1: 93 tee_r_17PAO | CQ1: 94 tf_Land | CR1: 95 tf_UnSkLab | CS1: 96 tf_SkLab | CT1: 97 tf_Capital | CU1: 98 tf_NatRes | CV1: 99 M1c20__R1r | CW1: 100 M2c21__R1r | CX1: 101 M3c22__R1r | CY1: 102 M1c20__R2r | CZ1: 103 M2c21__R2r | DA1: 104 M3c22__R2r | DB1: 105 M1c20__R3r | DC1: 106 M2c21__R3r | DD1: 107 M3c22__R3r | DE1: 108 M1c20__R4r | DF1: 109 M2c21__R4r | DG1: 110 M3c22__R4r | DH1: 111 M1c20__R5r | DI1: 112 M2c21__R5r | DJ1: 113 M3c22__R5r | DK1: 114 M1c20__R6r | DL1: 115 M2c21__R6r | DM1: 116 M3c22__R6r | DN1: 117 M1c20__R7r | DO1: 118 M2c21__R7r | DP1: 119 M3c22__R7r | DQ1: 120 M1c20__R8r | DR1: 121 M2c21__R8r | DS1: 122 M3c22__R8r | DT1: 123 M1c20__R9r | DU1: 124 M2c21__R9r | DV1: 125 M3c22__R9r | DW1: 126 M1c20__R10r | DX1: 127 M2c21__R10r | DY1: 128 M3c22__R10r | DZ1: 129 M1c20__R11r | EA1: 130 M2c21__R11r | EB1: 131 M3c22__R11r | EC1: 132 M1c20__R12r | ED1: 133 M2c21__R12r | EE1: 134 M3c22__R12r | EF1: 135 M1c20__R13r | EG1: 136 M2c21__R13r | EH1: 137 M3c22__R13r | EI1: 138 M1c20__R14r | EJ1: 139 M2c21__R14r | EK1: 140 M3c22__R14r | EL1: 141 M1c20__R15r | EM1: 142 M2c21__R15r | EN1: 143 M3c22__R15r | EO1: 144 M1c20__R16r | EP1: 145 M2c21__R16r | EQ1: 146 M3c22__R16r | ER1: 147 M1c20__R17r | ES1: 148 M2c21__R17r | ET1: 149 M3c22__R17r | EU1: 150 M1c20_L_pvst | EV1: 151 M2c21_W_pvst | EW1: 152 M3c22_A_pvst | EX1: 153 ww_r_01KOR | EY1: 154 ww_r_02CHN | EZ1: 155 ww_r_03JPN | FA1: 156 ww_r_04RUS | FB1: 157 ww_r_05MNG | FC1: 158 ww_r_06PRK | FD1: 159 ww_r_07NAM | FE1: 160 ww_r_08LAM | FF1: 161 ww_r_09WEU | FG1: 162 ww_r_10EEU | FH1: 163 ww_r_11FSU | FI1: 164 ww_r_12MEA | FJ1: 165 ww_r_13AFR | FK1: 166 ww_r_14CPA | FL1: 167 ww_r_15SAS | FM1: 168 ww_r_16PAS | FN1: 169 ww_r_17PAO | FO1: 170 PRIV | FP1: 171 PRODTAX | FQ1: 172 DIRTAX | FR1: 173 GOVT | FS1: 174 CGDS
A2: 1 a_AGRICULT | B2: =IF('SAM1'!B2=0,0,('SAM1'!B2-SAM0_NEW!B2)/SAM0_NEW!B2) -> 0 | C2: =IF('SAM1'!C2=0,0,('SAM1'!C2-SAM0_NEW!C2)/SAM0_NEW!C2) -> 0 | D2: =IF('SAM1'!D2=0,0,('SAM1'!D2-SAM0_NEW!D2)/SAM0_NEW!D2) -> 0 | E2: =IF('SAM1'!E2=0,0,('SAM1'!E2-SAM0_NEW!E2)/SAM0_NEW!E2) -> 0 | F2: =IF('SAM1'!F2=0,0,('SAM1'!F2-SAM0_NEW!F2)/SAM0_NEW!F2) -> 0 | G2: =IF('SAM1'!G2=0,0,('SAM1'!G2-SAM0_NEW!G2)/SAM0_NEW!G2) -> 0 | H2: =IF('SAM1'!H2=0,0,('SAM1'!H2-SAM0_NEW!H2)/SAM0_NEW!H2) -> 0 | I2: =IF('SAM1'!I2=0,0,('SAM1'!I2-SAM0_NEW!I2)/SAM0_NEW!I2) -> 0 | ... FS2: =IF('SAM1'!FS2=0,0,('SAM1'!FS2-SAM0_NEW!FS2)/SAM0_NEW!FS2) -> 0
A3: 2 a_COAL | B3: =IF('SAM1'!B3=0,0,('SAM1'!B3-SAM0_NEW!B3)/SAM0_NEW!B3) -> 0 | C3: =IF('SAM1'!C3=0,0,('SAM1'!C3-SAM0_NEW!C3)/SAM0_NEW!C3) -> 0 | D3: =IF('SAM1'!D3=0,0,('SAM1'!D3-SAM0_NEW!D3)/SAM0_NEW!D3) -> 0 | E3: =IF('SAM1'!E3=0,0,('SAM1'!E3-SAM0_NEW!E3)/SAM0_NEW!E3) -> 0 | F3: =IF('SAM1'!F3=0,0,('SAM1'!F3-SAM0_NEW!F3)/SAM0_NEW!F3) -> 0 | G3: =IF('SAM1'!G3=0,0,('SAM1'!G3-SAM0_NEW!G3)/SAM0_NEW!G3) -> 0 | H3: =IF('SAM1'!H3=0,0,('SAM1'!H3-SAM0_NEW!H3)/SAM0_NEW!H3) -> 0 | I3: =IF('SAM1'!I3=0,0,('SAM1'!I3-SAM0_NEW!I3)/SAM0_NEW!I3) -> 0 | ... FS3: =IF('SAM1'!FS3=0,0,('SAM1'!FS3-SAM0_NEW!FS3)/SAM0_NEW!FS3) -> 0
A4: 3 a_OIL | B4: =IF('SAM1'!B4=0,0,('SAM1'!B4-SAM0_NEW!B4)/SAM0_NEW!B4) -> 0 | C4: =IF('SAM1'!C4=0,0,('SAM1'!C4-SAM0_NEW!C4)/SAM0_NEW!C4) -> 0 | D4: =IF('SAM1'!D4=0,0,('SAM1'!D4-SAM0_NEW!D4)/SAM0_NEW!D4) -> 0 | E4: =IF('SAM1'!E4=0,0,('SAM1'!E4-SAM0_NEW!E4)/SAM0_NEW!E4) -> 0 | F4: =IF('SAM1'!F4=0,0,('SAM1'!F4-SAM0_NEW!F4)/SAM0_NEW!F4) -> 0 | G4: =IF('SAM1'!G4=0,0,('SAM1'!G4-SAM0_NEW!G4)/SAM0_NEW!G4) -> 0 | H4: =IF('SAM1'!H4=0,0,('SAM1'!H4-SAM0_NEW!H4)/SAM0_NEW!H4) -> 0 | I4: =IF('SAM1'!I4=0,0,('SAM1'!I4-SAM0_NEW!I4)/SAM0_NEW!I4) -> 0 | ... FS4: =IF('SAM1'!FS4=0,0,('SAM1'!FS4-SAM0_NEW!FS4)/SAM0_NEW!FS4) -> 0
A5: 4 a_GAS | B5: =IF('SAM1'!B5=0,0,('SAM1'!B5-SAM0_NEW!B5)/SAM0_NEW!B5) -> 0 | C5: =IF('SAM1'!C5=0,0,('SAM1'!C5-SAM0_NEW!C5)/SAM0_NEW!C5) -> 0 | D5: =IF('SAM1'!D5=0,0,('SAM1'!D5-SAM0_NEW!D5)/SAM0_NEW!D5) -> 0 | E5: =IF('SAM1'!E5=0,0,('SAM1'!E5-SAM0_NEW!E5)/SAM0_NEW!E5) -> 0 | F5: =IF('SAM1'!F5=0,0,('SAM1'!F5-SAM0_NEW!F5)/SAM0_NEW!F5) -> 0 | G5: =IF('SAM1'!G5=0,0,('SAM1'!G5-SAM0_NEW!G5)/SAM0_NEW!G5) -> 0 | H5: =IF('SAM1'!H5=0,0,('SAM1'!H5-SAM0_NEW!H5)/SAM0_NEW!H5) -> 0 | I5: =IF('SAM1'!I5=0,0,('SAM1'!I5-SAM0_NEW!I5)/SAM0_NEW!I5) -> 0 | ... FS5: =IF('SAM1'!FS5=0,0,('SAM1'!FS5-SAM0_NEW!FS5)/SAM0_NEW!FS5) -> 0
A6: 5 a_MINING | B6: =IF('SAM1'!B6=0,0,('SAM1'!B6-SAM0_NEW!B6)/SAM0_NEW!B6) -> 0 | C6: =IF('SAM1'!C6=0,0,('SAM1'!C6-SAM0_NEW!C6)/SAM0_NEW!C6) -> 0 | D6: =IF('SAM1'!D6=0,0,('SAM1'!D6-SAM0_NEW!D6)/SAM0_NEW!D6) -> 0 | E6: =IF('SAM1'!E6=0,0,('SAM1'!E6-SAM0_NEW!E6)/SAM0_NEW!E6) -> 0 | F6: =IF('SAM1'!F6=0,0,('SAM1'!F6-SAM0_NEW!F6)/SAM0_NEW!F6) -> 0 | G6: =IF('SAM1'!G6=0,0,('SAM1'!G6-SAM0_NEW!G6)/SAM0_NEW!G6) -> 0 | H6: =IF('SAM1'!H6=0,0,('SAM1'!H6-SAM0_NEW!H6)/SAM0_NEW!H6) -> 0 | I6: =IF('SAM1'!I6=0,0,('SAM1'!I6-SAM0_NEW!I6)/SAM0_NEW!I6) -> 0 | ... FS6: =IF('SAM1'!FS6=0,0,('SAM1'!FS6-SAM0_NEW!FS6)/SAM0_NEW!FS6) -> 0
A7: 6 a_FOODPRO | B7: =IF('SAM1'!B7=0,0,('SAM1'!B7-SAM0_NEW!B7)/SAM0_NEW!B7) -> 0 | C7: =IF('SAM1'!C7=0,0,('SAM1'!C7-SAM0_NEW!C7)/SAM0_NEW!C7) -> 0 | D7: =IF('SAM1'!D7=0,0,('SAM1'!D7-SAM0_NEW!D7)/SAM0_NEW!D7) -> 0 | E7: =IF('SAM1'!E7=0,0,('SAM1'!E7-SAM0_NEW!E7)/SAM0_NEW!E7) -> 0 | F7: =IF('SAM1'!F7=0,0,('SAM1'!F7-SAM0_NEW!F7)/SAM0_NEW!F7) -> 0 | G7: =IF('SAM1'!G7=0,0,('SAM1'!G7-SAM0_NEW!G7)/SAM0_NEW!G7) -> 0 | H7: =IF('SAM1'!H7=0,0,('SAM1'!H7-SAM0_NEW!H7)/SAM0_NEW!H7) -> 0 | I7: =IF('SAM1'!I7=0,0,('SAM1'!I7-SAM0_NEW!I7)/SAM0_NEW!I7) -> 0 | ... FS7: =IF('SAM1'!FS7=0,0,('SAM1'!FS7-SAM0_NEW!FS7)/SAM0_NEW!FS7) -> 0
A8: 7 a_TEXTILES | B8: =IF('SAM1'!B8=0,0,('SAM1'!B8-SAM0_NEW!B8)/SAM0_NEW!B8) -> 0 | C8: =IF('SAM1'!C8=0,0,('SAM1'!C8-SAM0_NEW!C8)/SAM0_NEW!C8) -> 0 | D8: =IF('SAM1'!D8=0,0,('SAM1'!D8-SAM0_NEW!D8)/SAM0_NEW!D8) -> 0 | E8: =IF('SAM1'!E8=0,0,('SAM1'!E8-SAM0_NEW!E8)/SAM0_NEW!E8) -> 0 | F8: =IF('SAM1'!F8=0,0,('SAM1'!F8-SAM0_NEW!F8)/SAM0_NEW!F8) -> 0 | G8: =IF('SAM1'!G8=0,0,('SAM1'!G8-SAM0_NEW!G8)/SAM0_NEW!G8) -> 0 | H8: =IF('SAM1'!H8=0,0,('SAM1'!H8-SAM0_NEW!H8)/SAM0_NEW!H8) -> 0 | I8: =IF('SAM1'!I8=0,0,('SAM1'!I8-SAM0_NEW!I8)/SAM0_NEW!I8) -> 0 | ... FS8: =IF('SAM1'!FS8=0,0,('SAM1'!FS8-SAM0_NEW!FS8)/SAM0_NEW!FS8) -> 0
A9: 8 a_WOODPRO | B9: =IF('SAM1'!B9=0,0,('SAM1'!B9-SAM0_NEW!B9)/SAM0_NEW!B9) -> 0 | C9: =IF('SAM1'!C9=0,0,('SAM1'!C9-SAM0_NEW!C9)/SAM0_NEW!C9) -> 0 | D9: =IF('SAM1'!D9=0,0,('SAM1'!D9-SAM0_NEW!D9)/SAM0_NEW!D9) -> 0 | E9: =IF('SAM1'!E9=0,0,('SAM1'!E9-SAM0_NEW!E9)/SAM0_NEW!E9) -> 0 | F9: =IF('SAM1'!F9=0,0,('SAM1'!F9-SAM0_NEW!F9)/SAM0_NEW!F9) -> 0 | G9: =IF('SAM1'!G9=0,0,('SAM1'!G9-SAM0_NEW!G9)/SAM0_NEW!G9) -> 0 | H9: =IF('SAM1'!H9=0,0,('SAM1'!H9-SAM0_NEW!H9)/SAM0_NEW!H9) -> 0 | I9: =IF('SAM1'!I9=0,0,('SAM1'!I9-SAM0_NEW!I9)/SAM0_NEW!I9) -> 0 | ... FS9: =IF('SAM1'!FS9=0,0,('SAM1'!FS9-SAM0_NEW!FS9)/SAM0_NEW!FS9) -> 0
A10: 9 a_PAPERPRO | B10: =IF('SAM1'!B10=0,0,('SAM1'!B10-SAM0_NEW!B10)/SAM0_NEW!B10) -> 0 | C10: =IF('SAM1'!C10=0,0,('SAM1'!C10-SAM0_NEW!C10)/SAM0_NEW!C10) -> 0 | D10: =IF('SAM1'!D10=0,0,('SAM1'!D10-SAM0_NEW!D10)/SAM0_NEW!D10) -> 0 | E10: =IF('SAM1'!E10=0,0,('SAM1'!E10-SAM0_NEW!E10)/SAM0_NEW!E10) -> 0 | F10: =IF('SAM1'!F10=0,0,('SAM1'!F10-SAM0_NEW!F10)/SAM0_NEW!F10) -> 0 | G10: =IF('SAM1'!G10=0,0,('SAM1'!G10-SAM0_NEW!G10)/SAM0_NEW!G10) -> 0 | H10: =IF('SAM1'!H10=0,0,('SAM1'!H10-SAM0_NEW!H10)/SAM0_NEW!H10) -> 0 | I10: =IF('SAM1'!I10=0,0,('SAM1'!I10-SAM0_NEW!I10)/SAM0_NEW!I10) -> 0 | ... FS10: =IF('SAM1'!FS10=0,0,('SAM1'!FS10-SAM0_NEW!FS10)/SAM0_NEW!FS10) -> 0
A11: 10 a_PETROLCOAL | B11: =IF('SAM1'!B11=0,0,('SAM1'!B11-SAM0_NEW!B11)/SAM0_NEW!B11) -> 0 | C11: =IF('SAM1'!C11=0,0,('SAM1'!C11-SAM0_NEW!C11)/SAM0_NEW!C11) -> 0 | D11: =IF('SAM1'!D11=0,0,('SAM1'!D11-SAM0_NEW!D11)/SAM0_NEW!D11) -> 0 | E11: =IF('SAM1'!E11=0,0,('SAM1'!E11-SAM0_NEW!E11)/SAM0_NEW!E11) -> 0 | F11: =IF('SAM1'!F11=0,0,('SAM1'!F11-SAM0_NEW!F11)/SAM0_NEW!F11) -> 0 | G11: =IF('SAM1'!G11=0,0,('SAM1'!G11-SAM0_NEW!G11)/SAM0_NEW!G11) -> 0 | H11: =IF('SAM1'!H11=0,0,('SAM1'!H11-SAM0_NEW!H11)/SAM0_NEW!H11) -> 0 | I11: =IF('SAM1'!I11=0,0,('SAM1'!I11-SAM0_NEW!I11)/SAM0_NEW!I11) -> 0 | ... FS11: =IF('SAM1'!FS11=0,0,('SAM1'!FS11-SAM0_NEW!FS11)/SAM0_NEW!FS11) -> 0
A12: 11 a_CHEMICAL | B12: =IF('SAM1'!B12=0,0,('SAM1'!B12-SAM0_NEW!B12)/SAM0_NEW!B12) -> 0 | C12: =IF('SAM1'!C12=0,0,('SAM1'!C12-SAM0_NEW!C12)/SAM0_NEW!C12) -> 0 | D12: =IF('SAM1'!D12=0,0,('SAM1'!D12-SAM0_NEW!D12)/SAM0_NEW!D12) -> 0 | E12: =IF('SAM1'!E12=0,0,('SAM1'!E12-SAM0_NEW!E12)/SAM0_NEW!E12) -> 0 | F12: =IF('SAM1'!F12=0,0,('SAM1'!F12-SAM0_NEW!F12)/SAM0_NEW!F12) -> 0 | G12: =IF('SAM1'!G12=0,0,('SAM1'!G12-SAM0_NEW!G12)/SAM0_NEW!G12) -> 0 | H12: =IF('SAM1'!H12=0,0,('SAM1'!H12-SAM0_NEW!H12)/SAM0_NEW!H12) -> 0 | I12: =IF('SAM1'!I12=0,0,('SAM1'!I12-SAM0_NEW!I12)/SAM0_NEW!I12) -> 0 | ... FS12: =IF('SAM1'!FS12=0,0,('SAM1'!FS12-SAM0_NEW!FS12)/SAM0_NEW!FS12) -> 0
A13: 12 a_NONMET | B13: =IF('SAM1'!B13=0,0,('SAM1'!B13-SAM0_NEW!B13)/SAM0_NEW!B13) -> 0 | C13: =IF('SAM1'!C13=0,0,('SAM1'!C13-SAM0_NEW!C13)/SAM0_NEW!C13) -> 0 | D13: =IF('SAM1'!D13=0,0,('SAM1'!D13-SAM0_NEW!D13)/SAM0_NEW!D13) -> 0 | E13: =IF('SAM1'!E13=0,0,('SAM1'!E13-SAM0_NEW!E13)/SAM0_NEW!E13) -> 0 | F13: =IF('SAM1'!F13=0,0,('SAM1'!F13-SAM0_NEW!F13)/SAM0_NEW!F13) -> 0 | G13: =IF('SAM1'!G13=0,0,('SAM1'!G13-SAM0_NEW!G13)/SAM0_NEW!G13) -> 0 | H13: =IF('SAM1'!H13=0,0,('SAM1'!H13-SAM0_NEW!H13)/SAM0_NEW!H13) -> 0 | I13: =IF('SAM1'!I13=0,0,('SAM1'!I13-SAM0_NEW!I13)/SAM0_NEW!I13) -> 0 | ... FS13: =IF('SAM1'!FS13=0,0,('SAM1'!FS13-SAM0_NEW!FS13)/SAM0_NEW!FS13) -> 0
... A175: 174 CGDS | B175: =IF('SAM1'!B175=0,0,('SAM1'!B175-SAM0_NEW!B175)/SAM0_NEW!B175) -> 0 | C175: =IF('SAM1'!C175=0,0,('SAM1'!C175-SAM0_NEW!C175)/SAM0_NEW!C175) -> 0 | D175: =IF('SAM1'!D175=0,0,('SAM1'!D175-SAM0_NEW!D175)/SAM0_NEW!D175) -> 0 | E175: =IF('SAM1'!E175=0,0,('SAM1'!E175-SAM0_NEW!E175)/SAM0_NEW!E175) -> 0 | F175: =IF('SAM1'!F175=0,0,('SAM1'!F175-SAM0_NEW!F175)/SAM0_NEW!F175) -> 0 | G175: =IF('SAM1'!G175=0,0,('SAM1'!G175-SAM0_NEW!G175)/SAM0_NEW!G175) -> 0 | H175: =IF('SAM1'!H175=0,0,('SAM1'!H175-SAM0_NEW!H175)/SAM0_NEW!H175) -> 0 | I175: =IF('SAM1'!I175=0,0,('SAM1'!I175-SAM0_NEW!I175)/SAM0_NEW!I175) -> 0 | ... FS175: =IF('SAM1'!FS175=0,0,('SAM1'!FS175-SAM0_NEW!FS175)/SAM0_NEW!FS175) -> 0
