Workbook

Sheet Sheet4
A1: VMGP | B1: 1 r_01KOR | C1: 2 r_02CHN | D1: 3 r_03JPN | E1: 4 r_04RUS | F1: 5 r_05MNG | G1: 6 r_06PRK | H1: 7 r_07NAM | I1: 8 r_08LAM | J1: 9 r_09WEU | K1: 10 r_10EEU | L1: 11 r_11FSU | M1: 12 r_12MEA | N1: 13 r_13AFR | O1: 14 r_14CPA | P1: 15 r_15SAS | Q1: 16 r_16PAS | R1: 17 r_17PAO | S1: Total | U1: VMIP | V1: 1 r_01KOR | W1: 2 r_02CHN | X1: 3 r_03JPN | Y1: 4 r_04RUS | Z1: 5 r_05MNG | AA1: 6 r_06PRK | AB1: 7 r_07NAM | AC1: 8 r_08LAM | AD1: 9 r_09WEU | AE1: 10 r_10EEU | AF1: 11 r_11FSU | AG1: 12 r_12MEA | AH1: 13 r_13AFR | AI1: 14 r_14CPA | AJ1: 15 r_15SAS | AK1: 16 r_16PAS | AL1: 17 r_17PAO | AM1: Total
A2: 1 pdr | B2: 9.3121071e-07 | C2: 0.0002139911 | D2: 2.8266996e-07 | E2: 2.2386444e-06 | F2: 2.2996129e-07 | G2: 8.9701389e-06 | H2: 9.3885692e-06 | I2: 0.0005639544 | J2: 0.00346568 | K2: 0.003301004 | L2: 0.01505449 | M2: 0.005768673 | N2: 0.0001905997 | O2: 1.2455692e-07 | P2: 8.3041123e-06 | Q2: 2.9981395e-05 | R2: 6.3865887e-06 | S2: 0.02862523 | U2: 1 pdr | V2: 1.0074772e-05 | W2: 0.0004589131 | X2: 1.5498358e-06 | Y2: 1.6278009e-05 | Z2: 1.9106722e-06 | AA2: 2.2785121e-05 | AB2: 6.9296613e-05 | AC2: 0.006951504 | AD2: 0.4341764 | AE2: 0.005917739 | AF2: 0.1534355 | AG2: 0.003023792 | AH2: 0.0002132227 | AI2: 1.8970635e-06 | AJ2: 0.0002853246 | AK2: 0.002389939 | AL2: 4.2173622e-05 | AM2: 0.6070183
A3: 2 wht | B3: 0.02811587 | C3: 0.1866295 | D3: 0.6071023 | E3: 0.001204543 | F3: 5.5638779e-05 | G3: 2.8926352e-05 | H3: 0.125556 | I3: 0.2339336 | J3: 2.613409 | K3: 0.1544637 | L3: 9.43884 | M3: 35.24386 | N3: 0.821752 | O3: 0.004305799 | P3: 0.1875052 | Q3: 0.218363 | R3: 0.005893066 | S3: 49.87102 | U3: 2 wht | V3: 0.1678985 | W3: 1.346002 | X3: 2.070199 | Y3: 0.004523437 | Z3: 0.0002487362 | AA3: 0.0001882663 | AB3: 0.5684947 | AC3: 9.063951 | AD3: 129.9139 | AE3: 3.023015 | AF3: 11.78537 | AG3: 143.461 | AH3: 2.723857 | AI3: 0.03809304 | AJ3: 1.554871 | AK3: 3.716911 | AL3: 0.0222531 | AM3: 309.4608
A4: 3 gro | B4: 0.03547825 | C4: 0.2149161 | D4: 0.4703493 | E4: 0.01422193 | F4: 0.002041676 | G4: 0.02538221 | H4: 0.3238413 | I4: 1.433539 | J4: 1.313668 | K4: 0.5003994 | L4: 0.4341094 | M4: 43.37849 | N4: 0.04140093 | O4: 0.02176552 | P4: 0.1322285 | Q4: 0.04536747 | R4: 0.0522377 | S4: 48.43944 | U4: 3 gro | V4: 0.121403 | W4: 0.8453037 | X4: 2.99664 | Y4: 3.412317 | Z4: 0.005259659 | AA4: 0.05443107 | AB4: 0.7774743 | AC4: 2.173058 | AD4: 168.7945 | AE4: 12.37858 | AF4: 17.62543 | AG4: 173.3977 | AH4: 0.2511308 | AI4: 0.1086856 | AJ4: 0.9542945 | AK4: 3.389633 | AL4: 0.1092605 | AM4: 387.3951
A5: 4 v_f | B5: 0.05894043 | C5: 0.3752084 | D5: 0.3864366 | E5: 0.09092227 | F5: 0.0003850489 | G5: 0.005409294 | H5: 0.6913538 | I5: 1.404369 | J5: 15.55063 | K5: 0.2795158 | L5: 6.521482 | M5: 172.9286 | N5: 0.1112077 | O5: 0.02115145 | P5: 0.4783205 | Q5: 0.1945831 | R5: 0.07654036 | S5: 199.175 | U5: 4 v_f | V5: 0.3534218 | W5: 2.375625 | X5: 53.01391 | Y5: 40.6519 | Z5: 0.001742998 | AA5: 0.02457441 | AB5: 3.549701 | AC5: 62.83224 | AD5: 1113.8 | AE5: 84.05601 | AF5: 19.20967 | AG5: 519.3646 | AH5: 1.694023 | AI5: 126.8136 | AJ5: 3.944724 | AK5: 147.1551 | AL5: 0.2715409 | AM5: 2179.112
A6: 5 osd | B6: 0.006228198 | C6: 0.01539414 | D6: 0.001974776 | E6: 0.006210703 | F6: 0.01193367 | G6: 4.3800137e-05 | H6: 0.008880231 | I6: 0.009705248 | J6: 3.741579 | K6: 0.00556298 | L6: 0.09139532 | M6: 0.7995356 | N6: 0.003352767 | O6: 0.001495401 | P6: 0.003757809 | Q6: 0.00883344 | R6: 0.001302938 | S6: 4.717186 | U6: 5 osd | V6: 0.1148041 | W6: 0.3435503 | X6: 0.0262656 | Y6: 0.07253382 | Z6: 0.1678721 | AA6: 0.0007496801 | AB6: 0.115239 | AC6: 1.239749 | AD6: 186.3417 | AE6: 12.38258 | AF6: 1.535624 | AG6: 39.35078 | AH6: 1.245239 | AI6: 0.03992759 | AJ6: 0.260117 | AK6: 139.1286 | AL6: 0.01409723 | AM6: 382.3794
A7: 6 c_b | B7: 9.7440825e-06 | C7: 5.7649846e-05 | D7: 0.000471083 | E7: 0.001931211 | F7: 5.3336301e-08 | G7: 2.2340008e-07 | H7: 0.0002006176 | I7: 1.8605886e-05 | J7: 0.002366462 | K7: 0.002337408 | L7: 0.001192461 | M7: 0.3707814 | N7: 6.7101901e-06 | O7: 1.364734e-07 | P7: 1.3552829e-05 | Q7: 4.5114e-05 | R7: 7.7901141e-06 | S7: 0.3794402 | U7: 6 c_b | V7: 0.01500953 | W7: 0.1053564 | X7: 0.2375578 | Y7: 0.8639719 | Z7: 6.1492479e-05 | AA7: 0.0003914388 | AB7: 0.1772076 | AC7: 0.05096002 | AD7: 6.260554 | AE7: 1.847636 | AF7: 0.1684881 | AG7: 0.4512727 | AH7: 0.004040361 | AI7: 0.0003013127 | AJ7: 0.01101982 | AK7: 0.07911783 | AL7: 0.007658334 | AM7: 10.28061
A8: 7 pfb | B8: 0.0005432542 | C8: 0.00326391 | D8: 0.004401328 | E8: 0.0001892081 | F8: 9.0555432e-07 | G8: 0.0001893656 | H8: 0.01030417 | I8: 0.02002153 | J8: 0.03175401 | K8: 0.02231937 | L8: 0.0507303 | M8: 0.4003652 | N8: 0.005757369 | O8: 0.0001303737 | P8: 0.01555058 | Q8: 0.03138673 | R8: 0.003212654 | S8: 0.6001203 | U8: 7 pfb | V8: 0.01287722 | W8: 0.06827416 | X8: 4.868451 | Y8: 0.8637066 | Z8: 1.5771933e-05 | AA8: 0.0003043747 | AB8: 0.1588358 | AC8: 19.03274 | AD8: 150.9914 | AE8: 1.011095 | AF8: 0.8037975 | AG8: 1.326747 | AH8: 0.6437827 | AI8: 0.003564083 | AJ8: 9.069837 | AK8: 0.5105597 | AL8: 0.02576143 | AM8: 189.3918
A9: 8 ocr | B9: 0.007822909 | C9: 0.05109521 | D9: 0.0429289 | E9: 0.007585668 | F9: 2.4113811e-05 | G9: 0.001779269 | H9: 0.2432593 | I9: 0.404486 | J9: 5.503874 | K9: 0.2213634 | L9: 2.379117 | M9: 23.46189 | N9: 0.02582556 | O9: 0.00158701 | P9: 0.01876972 | Q9: 0.06753934 | R9: 0.03393248 | S9: 32.47289 | U9: 8 ocr | V9: 0.5691648 | W9: 4.177137 | X9: 37.12442 | Y9: 15.88425 | Z9: 0.001314082 | AA9: 0.1003515 | AB9: 12.60119 | AC9: 88.63203 | AD9: 320.3502 | AE9: 26.338 | AF9: 22.70869 | AG9: 108.7675 | AH9: 2.841137 | AI9: 0.1660126 | AJ9: 24.63696 | AK9: 227.8458 | AL9: 0.9061418 | AM9: 893.6503
A10: 9 ctl | B10: 0.0009116659 | C10: 0.03164996 | D10: 0.09330142 | E10: 0.002535297 | F10: 4.9412833e-05 | G10: 0.0003608256 | H10: 0.02926713 | I10: 0.03643373 | J10: 0.4903373 | K10: 0.1457732 | L10: 0.1893076 | M10: 8.767535 | N10: 0.02261001 | O10: 0.007683645 | P10: 0.006046559 | Q10: 0.04881052 | R10: 0.2738878 | S10: 10.1465 | U10: 9 ctl | V10: 2.906852 | W10: 38.62785 | X10: 26.17495 | Y10: 2.797666 | Z10: 1.248459 | AA10: 0.2907027 | AB10: 0.3816952 | AC10: 109.5084 | AD10: 148.4174 | AE10: 11.00939 | AF10: 3.426104 | AG10: 85.6479 | AH10: 63.70251 | AI10: 120.7992 | AJ10: 1.411164 | AK10: 371.4256 | AL10: 3.524794 | AM10: 991.3007
A11: 10 oap | B11: 0.01317452 | C11: 0.05689165 | D11: 0.06038523 | E11: 0.003852748 | F11: 5.1016039e-05 | G11: 0.0008810936 | H11: 0.04679165 | I11: 0.08425903 | J11: 0.5907842 | K11: 0.4796225 | L11: 0.7614325 | M11: 8.30207 | N11: 0.002925873 | O11: 0.007295006 | P11: 0.006153835 | Q11: 0.0344122 | R11: 0.002124669 | S11: 10.45311 | U11: 10 oap | V11: 49.80087 | W11: 354.427 | X11: 14.30355 | Y11: 5.696978 | Z11: 0.004140167 | AA11: 0.1074385 | AB11: 3.12414 | AC11: 252.6581 | AD11: 241.2037 | AE11: 27.96474 | AF11: 14.27164 | AG11: 44.21563 | AH11: 15.37114 | AI11: 18.44176 | AJ11: 9.447433 | AK11: 142.7086 | AL11: 22.77903 | AM11: 1216.526
A12: 11 rmk | B12: 1.7207183e-08 | C12: 5.4017949e-07 | D12: 0.0001064501 | E12: 6.5621333e-07 | F12: 8.6451424e-09 | G12: 2.4464461e-08 | H12: 9.2128321e-06 | I12: 1.6765405e-05 | J12: 0.007956961 | K12: 0.0001102236 | L12: 9.4543997e-05 | M12: 0.0004003178 | N12: 7.4349232e-06 | O12: 4.2640345e-09 | P12: 5.1782291e-07 | Q12: 1.3164055e-06 | R12: 1.8695323e-08 | S12: 0.008705014 | U12: 11 rmk | V12: 6.738236e-05 | W12: 0.002622409 | X12: 0.00480639 | Y12: 0.001426295 | Z12: 2.608433e-05 | AA12: 0.0001121423 | AB12: 0.02671891 | AC12: 0.003619365 | AD12: 0.1770044 | AE12: 0.002794414 | AF12: 0.002308605 | AG12: 0.009811684 | AH12: 0.04734405 | AI12: 2.8099239e-05 | AJ12: 0.002761106 | AK12: 0.2158242 | AL12: 4.9267572e-05 | AM12: 0.4973247
A13: 12 wol | B13: 3.6683022e-07 | C13: 0.00117785 | D13: 0.0001050471 | E13: 1.1736823e-06 | F13: 5.8224249e-08 | G13: 9.4234001e-06 | H13: 4.6864657e-06 | I13: 8.5565816e-06 | J13: 0.006624188 | K13: 0.0001728021 | L13: 0.001202217 | M13: 0.003845774 | N13: 3.8116168e-06 | O13: 1.0951383e-07 | P13: 5.2446198e-06 | Q13: 4.2823835e-06 | R13: 4.2581942e-06 | S13: 0.01316985 | U13: 12 wol | V13: 0.2577834 | W13: 61.18645 | X13: 6.278538 | Y13: 0.002028905 | Z13: 0.0001298034 | AA13: 5.0870975e-05 | AB13: 0.009786288 | AC13: 0.3859652 | AD13: 4.554415 | AE13: 5.20226 | AF13: 0.03188853 | AG13: 0.1206821 | AH13: 0.6749924 | AI13: 0.0004355735 | AJ13: 5.258537 | AK13: 19.06471 | AL13: 0.008765653 | AM13: 103.0374
... A74: Total | B74: 94.84372 | C74: 43414 | D74: 4045.98 | E74: 1807.651 | F74: 169.9129 | G74: 661.8225 | H74: 19918.01 | I74: 8922.611 | J74: 84289.97 | K74: 10289.94 | L74: 3669.426 | M74: 89231.73 | N74: 5671.186 | O74: 693.188 | P74: 6071.453 | Q74: 5421.744 | R74: 4844.922 | S74: 289218.4 | U74: Total | V74: 49532.8 | W74: 333414.5 | X74: 125576.1 | Y74: 53165.23 | Z74: 542.9525 | AA74: 1885.499 | AB74: 635683.1 | AC74: 157473.6 | AD74: 756124.7 | AE74: 103349.6 | AF74: 34929.9 | AG74: 133014 | AH74: 70057.2 | AI74: 20345.78 | AJ74: 110154.8 | AK74: 195482.7 | AL74: 58743.68 | AM74: 2839476
A76: VMGP | B76: 1 r_01KOR | C76: 2 r_02CHN | D76: 3 r_03JPN | E76: 4 r_04RUS | F76: 5 r_05MNG | G76: 6 r_06PRK | H76: 7 r_07NAM | I76: 8 r_08LAM | J76: 9 r_09WEU | K76: 10 r_10EEU | L76: 11 r_11FSU | M76: 12 r_12MEA | N76: 13 r_13AFR | O76: 14 r_14CPA | P76: 15 r_15SAS | Q76: 16 r_16PAS | R76: 17 r_17PAO | S76: Total
A77: 1 pdr | B77: 9.3121071e-07 | C77: 0.0002139911 | D77: 2.8266996e-07 | E77: 2.2386444e-06 | F77: 2.2996129e-07 | G77: 8.9701389e-06 | H77: 9.3885692e-06 | I77: 0.0005639544 | J77: 0.00346568 | K77: 0.003301004 | L77: 0.01505449 | M77: 0.005768673 | N77: 0.0001905997 | O77: 1.2455692e-07 | P77: 8.3041123e-06 | Q77: 2.9981395e-05 | R77: 6.3865887e-06 | S77: 0.02862523
A78: 2 wht | B78: 0.02811587 | C78: 0.1866295 | D78: 0.6071023 | E78: 0.001204543 | F78: 5.5638779e-05 | G78: 2.8926352e-05 | H78: 0.125556 | I78: 0.2339336 | J78: 2.613409 | K78: 0.1544637 | L78: 9.43884 | M78: 35.24386 | N78: 0.821752 | O78: 0.004305799 | P78: 0.1875052 | Q78: 0.218363 | R78: 0.005893066 | S78: 49.87102
A79: 3 gro | B79: 0.03547825 | C79: 0.2149161 | D79: 0.4703493 | E79: 0.01422193 | F79: 0.002041676 | G79: 0.02538221 | H79: 0.3238413 | I79: 1.433539 | J79: 1.313668 | K79: 0.5003994 | L79: 0.4341094 | M79: 43.37849 | N79: 0.04140093 | O79: 0.02176552 | P79: 0.1322285 | Q79: 0.04536747 | R79: 0.0522377 | S79: 48.43944
A80: 4 v_f | B80: 0.05894043 | C80: 0.3752084 | D80: 0.3864366 | E80: 0.09092227 | F80: 0.0003850489 | G80: 0.005409294 | H80: 0.6913538 | I80: 1.404369 | J80: 15.55063 | K80: 0.2795158 | L80: 6.521482 | M80: 172.9286 | N80: 0.1112077 | O80: 0.02115145 | P80: 0.4783205 | Q80: 0.1945831 | R80: 0.07654036 | S80: 199.175
A81: 5 osd | B81: 0.006228198 | C81: 0.01539414 | D81: 0.001974776 | E81: 0.006210703 | F81: 0.01193367 | G81: 4.3800137e-05 | H81: 0.008880231 | I81: 0.009705248 | J81: 3.741579 | K81: 0.00556298 | L81: 0.09139532 | M81: 0.7995356 | N81: 0.003352767 | O81: 0.001495401 | P81: 0.003757809 | Q81: 0.00883344 | R81: 0.001302938 | S81: 4.717186
A82: 6 c_b | B82: 9.7440825e-06 | C82: 5.7649846e-05 | D82: 0.000471083 | E82: 0.001931211 | F82: 5.3336301e-08 | G82: 2.2340008e-07 | H82: 0.0002006176 | I82: 1.8605886e-05 | J82: 0.002366462 | K82: 0.002337408 | L82: 0.001192461 | M82: 0.3707814 | N82: 6.7101901e-06 | O82: 1.364734e-07 | P82: 1.3552829e-05 | Q82: 4.5114e-05 | R82: 7.7901141e-06 | S82: 0.3794402
A83: 7 pfb | B83: 0.0005432542 | C83: 0.00326391 | D83: 0.004401328 | E83: 0.0001892081 | F83: 9.0555432e-07 | G83: 0.0001893656 | H83: 0.01030417 | I83: 0.02002153 | J83: 0.03175401 | K83: 0.02231937 | L83: 0.0507303 | M83: 0.4003652 | N83: 0.005757369 | O83: 0.0001303737 | P83: 0.01555058 | Q83: 0.03138673 | R83: 0.003212654 | S83: 0.6001203
A84: 8 ocr | B84: 0.007822909 | C84: 0.05109521 | D84: 0.0429289 | E84: 0.007585668 | F84: 2.4113811e-05 | G84: 0.001779269 | H84: 0.2432593 | I84: 0.404486 | J84: 5.503874 | K84: 0.2213634 | L84: 2.379117 | M84: 23.46189 | N84: 0.02582556 | O84: 0.00158701 | P84: 0.01876972 | Q84: 0.06753934 | R84: 0.03393248 | S84: 32.47289
A85: 9 ctl | B85: 0.0009116659 | C85: 0.03164996 | D85: 0.09330142 | E85: 0.002535297 | F85: 4.9412833e-05 | G85: 0.0003608256 | H85: 0.02926713 | I85: 0.03643373 | J85: 0.4903373 | K85: 0.1457732 | L85: 0.1893076 | M85: 8.767535 | N85: 0.02261001 | O85: 0.007683645 | P85: 0.006046559 | Q85: 0.04881052 | R85: 0.2738878 | S85: 10.1465
A86: 10 oap | B86: 0.01317452 | C86: 0.05689165 | D86: 0.06038523 | E86: 0.003852748 | F86: 5.1016039e-05 | G86: 0.0008810936 | H86: 0.04679165 | I86: 0.08425903 | J86: 0.5907842 | K86: 0.4796225 | L86: 0.7614325 | M86: 8.30207 | N86: 0.002925873 | O86: 0.007295006 | P86: 0.006153835 | Q86: 0.0344122 | R86: 0.002124669 | S86: 10.45311
A87: 11 rmk | B87: 1.7207183e-08 | C87: 5.4017949e-07 | D87: 0.0001064501 | E87: 6.5621333e-07 | F87: 8.6451424e-09 | G87: 2.4464461e-08 | H87: 9.2128321e-06 | I87: 1.6765405e-05 | J87: 0.007956961 | K87: 0.0001102236 | L87: 9.4543997e-05 | M87: 0.0004003178 | N87: 7.4349232e-06 | O87: 4.2640345e-09 | P87: 5.1782291e-07 | Q87: 1.3164055e-06 | R87: 1.8695323e-08 | S87: 0.008705014
A88: 12 wol | B88: 3.6683022e-07 | C88: 0.00117785 | D88: 0.0001050471 | E88: 1.1736823e-06 | F88: 5.8224249e-08 | G88: 9.4234001e-06 | H88: 4.6864657e-06 | I88: 8.5565816e-06 | J88: 0.006624188 | K88: 0.0001728021 | L88: 0.001202217 | M88: 0.003845774 | N88: 3.8116168e-06 | O88: 1.0951383e-07 | P88: 5.2446198e-06 | Q88: 4.2823835e-06 | R88: 4.2581942e-06 | S88: 0.01316985
... A149: Total | B149: 94.84372 | C149: 43414 | D149: 4045.98 | E149: 1807.651 | F149: 169.9129 | G149: 661.8225 | H149: 19918.01 | I149: 8922.611 | J149: 84289.97 | K149: 10289.94 | L149: 3669.426 | M149: 89231.73 | N149: 5671.186 | O149: 693.188 | P149: 6071.453 | Q149: 5421.744 | R149: 4844.922 | S149: 289218.4

Sheet ISSUE1
A1: VDFB
B2: TND | C2: 원자력 | D2: 석탄 | E2: 가스 | F2: 풍력 | G2: 수력 | H2: 석유 | I2: 기타 | J2: 태양광
A3: 1 r_01KOR | B3: 4782.8422 | C3: 2100.9022 | D3: 2106.9748 | E3: 1522.279 | F3: 47.922283 | G3: 39.335682 | H3: 2722.2424 | I3: 1110.9407 | J3: 76.106659 | L3: =MIN(B3:J19) -> 0.089986
A4: 2 r_02CHN | B4: 91247.07 | C4: 7182.3222 | D4: 169488.63 | E4: 8402.604 | F4: 3942.8578 | G4: 9975.5826 | H4: 6829.2311 | I4: 7071.7466 | J4: 1080.4408
A5: 3 r_03JPN | B5: 32209.338 | C5: 2972.9106 | D5: 13347.859 | E5: 8186.9809 | F5: 528.81501 | G5: 5845.9623 | H5: 7785.9374 | I5: 8560.7687 | J5: 1898.0068
A6: 4 r_04RUS | B6: 14966.201 | C6: 4225.6017 | D6: 12535.096 | E6: 47395.857 | F6: 2.334783 | G6: 3934.3852 | H6: 3875.9993 | I6: 10024.66 | J6: 15.051793
A7: 5 r_05MNG | B7: 255.81603 | D7: 735.57337 | F7: 8.255378 | G7: 1.182436 | H7: 9.555556 | J7: 0.602846
A8: 6 r_06PRK | B8: 118.04802 | D8: 79.717208 | E8: 12.58004 | G8: 71.24374 | H8: 58.386208 | I8: 2.525715 | J8: 0.090916
A9: 7 r_07NAM | B9: 31512.336 | C9: 24453.473 | D9: 75531.316 | E9: 36718.28 | F9: 5548.6375 | G9: 8499.4379 | H9: 1868.6645 | I9: 4482.6981 | J9: 878.05812
A10: 8 r_08LAM | B10: 24394.123 | C10: 1691.0308 | D10: 2176.6413 | E10: 17025.996 | F10: 1164.0804 | G10: 7060.2712 | H10: 12419.707 | I10: 5525.9983 | J10: 168.70944
A11: 9 r_09WEU | B11: 56334.101 | C11: 13921.992 | D11: 16783.521 | E11: 9424.3216 | F11: 9214.7315 | G11: 4972.5557 | H11: 5205.434 | I11: 14448.827 | J11: 3717.7044
A12: 10 r_10EEU | B12: 11616.351 | C12: 1558.6775 | D12: 13322.479 | E12: 2212.6693 | F12: 418.18003 | G12: 793.85718 | H12: 1534.1797 | I12: 1507.9657 | J12: 123.62493
A13: 11 r_11FSU | B13: 5795.7922 | C13: 3649.4352 | D13: 11817.26 | E13: 10746.43 | F13: 51.868143 | G13: 1027.2067 | H13: 865.20665 | I13: 1862.1755 | J13: 32.009635
A14: 12 r_12MEA | B14: 12513.865 | C14: 1144.8673 | D14: 350.02558 | E14: 58274.321 | F14: 109.20218 | G14: 1642.8781 | H14: 35928.709 | I14: 30.099555 | J14: 64.403722
A15: 13 r_13AFR | B15: 2341.3516 | C15: 1980.0339 | D15: 15177.289 | E15: 2419.3429 | F15: 329.59051 | G15: 1507.1816 | H15: 1510.5353 | I15: 488.98324 | J15: 447.25464
A16: 14 r_14CPA | B16: 3156.1701 | D16: 2665.9496 | E16: 1716.7448 | F16: 5.166828 | G16: 1305.8019 | H16: 41.596205 | I16: 6.812481 | J16: 0.089986
A17: 15 r_15SAS | B17: 28965.358 | C17: 1697.5693 | D17: 77654.936 | E17: 14832.246 | F17: 550.61736 | G17: 4667.7684 | H17: 4840.2521 | I17: 3670.4307 | J17: 263.11619
A18: 16 r_16PAS | B18: 9819.5922 | C18: 161.11725 | D18: 9018.1003 | E18: 11076.938 | F18: 41.747692 | G18: 799.384 | H18: 3520.3774 | I18: 2244.8142 | J18: 89.575312
A19: 17 r_17PAO | B19: 9203.9951 | D19: 8002.7955 | E19: 3726.2117 | F19: 118.65637 | G19: 308.15863 | H19: 435.50543 | I19: 245.36708 | J19: 63.194071

Sheet VDFB_ref(한국)
A1: VDFB | B1: 1 a_pdr | C1: 2 a_wht | D1: 3 a_gro | E1: 4 a_v_f | F1: 5 a_osd | G1: 6 a_c_b | H1: 7 a_pfb | I1: 8 a_ocr | J1: 9 a_ctl | K1: 10 a_oap | L1: 11 a_rmk | M1: 12 a_wol | N1: 13 a_frs | O1: 14 a_fsh | P1: 15 a_coa | Q1: 16 a_oil | R1: 17 a_gas | S1: 18 a_oxt | T1: 19 a_cmt | U1: 20 a_omt | V1: 21 a_vol | W1: 22 a_mil | X1: 23 a_pcr | Y1: 24 a_sgr | Z1: 25 a_ofd | AA1: 26 a_b_t | AB1: 27 a_tex | AC1: 28 a_wap | AD1: 29 a_lea | AE1: 30 a_lum | AF1: 31 a_ppp | AG1: 32 a_p_c | AH1: 33 a_chm | AI1: 34 a_bph | AJ1: 35 a_rpp | AK1: 36 a_nmm | AL1: 37 a_i_s | AM1: 38 a_nfm | AN1: 39 a_fmp | AO1: 40 a_ele | AP1: 41 a_eeq | AQ1: 42 a_ome | AR1: 43 a_mvh | AS1: 44 a_otn | AT1: 45 a_omf | AU1: 46 a_TnD | AV1: 47 a_eNuclear | AW1: 48 a_eCoal | AX1: 49 a_eGas | AY1: 50 a_eWind | AZ1: 51 a_eHydro | BA1: 52 a_eOil | BB1: 53 a_eOther | BC1: 54 a_eSolar | BD1: 55 a_wtr | BE1: 56 a_cns | BF1: 57 a_trd | BG1: 58 a_afs | BH1: 59 a_otp | BI1: 60 a_wtp | BJ1: 61 a_atp | BK1: 62 a_whs | BL1: 63 a_cmn | BM1: 64 a_ofi | BN1: 65 a_ins | BO1: 66 a_rsa | BP1: 67 a_obs | BQ1: 68 a_ros | BR1: 69 a_osg | BS1: 70 a_edu | BT1: 71 a_hht | BU1: 72 a_dwe | BV1: Total | BX1: 47 a_eNuclear | BY1: 49 a_eGas | BZ1: 50 a_eWind | CA1: 53 a_eOther
A2: 1 pdr | B2: 235.44057 | C2: 0.868489 | D2: 0.781739 | E2: 73.638039 | F2: 2.892915 | G2: 0.011711 | H2: 0.208568 | I2: 14.255424 | J2: 131.65016 | K2: 104.85478 | L2: 63.238949 | M2: 0.962164 | N2: 31.834063 | O2: 13.461308 | P2: 0 | Q2: 5e-06 | R2: 3.6e-05 | S2: 5.1e-05 | T2: 0.155493 | U2: 1.927837 | V2: 0.411119 | W2: 0.63775 | X2: 5226.9941 | Y2: 0.00382 | Z2: 645.41455 | AA2: 0.683967 | AB2: 0.079924 | AC2: 0.287427 | AD2: 0.153057 | AE2: 0.007176 | AF2: 0.032847 | AG2: 0.000386 | AH2: 1.107512 | AI2: 0.110788 | AJ2: 0.134182 | AK2: 0.024969 | AL2: 0.000548 | AM2: 7.1e-05 | AN2: 0.024902 | AO2: 0.414393 | AP2: 0.566034 | AQ2: 0.696861 | AR2: 0.002354 | AS2: 0.00035 | AT2: 3.697609 | AU2: 0.016818 | AV2: 0.008877 | AW2: 0.007371 | AX2: 0.002748 | AY2: 0.000212 | AZ2: 0.000155 | BA2: 0.001055 | BB2: 0.002043 | BC2: 0.000272 | BD2: 0.01285 | BE2: 0.099394 | BF2: 1.962025 | BG2: 34.49905 | BH2: 0.033746 | BI2: 0.035975 | BJ2: 0.000348 | BK2: 1.474426 | BL2: 0.014931 | BM2: 0.001409 | BN2: 0.000626 | BO2: 0.536904 | BP2: 1.671824 | BQ2: 2.830645 | BR2: 49.857239 | BS2: 5.816187 | BT2: 0.329124 | BU2: 0.057275 | BV2: 6656.9426 | BX2: =AV2/$AV$74 -> 4.2253277e-06 | BY2: =AX2/$AX$74 -> 1.8051881e-06 | BZ2: =AY2/$AY$74 -> 4.4238293e-06 | CA2: =BB2/$BB$74 -> 1.838982e-06
A3: 2 wht | B3: 0.142582 | C3: 0.159666 | D3: 0.040317 | E3: 0.108266 | F3: 4.4e-05 | G3: 2.7e-05 | H3: 0.000498 | I3: 0.017613 | J3: 0.046907 | K3: 0.252344 | L3: 0.124276 | M3: 0.001779 | N3: 0.039717 | O3: 0.026473 | P3: 0 | Q3: 0 | R3: 0 | S3: 3e-06 | T3: 0.001656 | U3: 0.038771 | V3: 0.422944 | W3: 0.000518 | X3: 0.125336 | Y3: 0.001703 | Z3: 21.836815 | AA3: 4.331537 | AB3: 0.002157 | AC3: 0.003066 | AD3: 0.001207 | AE3: 0.000393 | AF3: 0.001655 | AG3: 3.8e-05 | AH3: 0.141492 | AI3: 0.002232 | AJ3: 0.001655 | AK3: 0.000328 | AL3: 4.1e-05 | AM3: 1.4e-05 | AN3: 0.001046 | AO3: 0.001584 | AP3: 0.002087 | AQ3: 0.003326 | AR3: 0.000442 | AS3: 7.2e-05 | AT3: 4.637761 | AU3: 0.001244 | AV3: 0.000657 | AW3: 0.000545 | AX3: 0.000203 | AY3: 1.6e-05 | AZ3: 1.1e-05 | BA3: 7.8e-05 | BB3: 0.000151 | BC3: 2e-05 | BD3: 0.000171 | BE3: 0.013583 | BF3: 0.025489 | BG3: 1.613559 | BH3: 0.000666 | BI3: 0.000658 | BJ3: 0.0001 | BK3: 0.016996 | BL3: 0.000832 | BM3: 0.000566 | BN3: 0.00036 | BO3: 0.005658 | BP3: 0.064631 | BQ3: 0.042636 | BR3: 1.567062 | BS3: 0.013567 | BT3: 0.149878 | BU3: 0.001095 | BV3: 36.040827 | BX3: =AV3/$AV$74 -> 3.127228e-07 | BY3: =AX3/$AX$74 -> 1.3335269e-07 | BZ3: =AY3/$AY$74 -> 3.3387391e-07 | CA3: =BB3/$BB$74 -> 1.3592084e-07
A4: 3 gro | B4: 0.305475 | C4: 0.125064 | D4: 0.125417 | E4: 0.267453 | F4: 0.000393 | G4: 7.5e-05 | H4: 0.001244 | I4: 0.007169 | J4: 0.294068 | K4: 1.115281 | L4: 0.365435 | M4: 0.004088 | N4: 0.173153 | O4: 0.10114 | P4: 0 | Q4: 0 | R4: 1e-06 | S4: 5e-06 | T4: 0.005926 | U4: 0.145719 | V4: 1.092175 | W4: 0.003899 | X4: 0.619689 | Y4: 0.001945 | Z4: 24.707844 | AA4: 11.284249 | AB4: 0.003065 | AC4: 0.00449 | AD4: 0.003278 | AE4: 0.002582 | AF4: 0.004444 | AG4: 3.6e-05 | AH4: 0.141205 | AI4: 0.004983 | AJ4: 0.003858 | AK4: 0.000267 | AL4: 5.1e-05 | AM4: 1.2e-05 | AN4: 0.000937 | AO4: 0.005231 | AP4: 0.006753 | AQ4: 0.008701 | AR4: 0.000254 | AS4: 0.000187 | AT4: 12.324741 | AU4: 0.000503 | AV4: 0.000265 | AW4: 0.00022 | AX4: 8.2e-05 | AY4: 6e-06 | AZ4: 5e-06 | BA4: 3.2e-05 | BB4: 6.1e-05 | BC4: 8e-06 | BD4: 0.001538 | BE4: 0.008329 | BF4: 0.022688 | BG4: 3.109436 | BH4: 0.000676 | BI4: 0.001109 | BJ4: 0.000412 | BK4: 0.006891 | BL4: 0.003966 | BM4: 0.00071 | BN4: 0.000487 | BO4: 0.003048 | BP4: 0.143204 | BQ4: 0.059911 | BR4: 0.492846 | BS4: 0.043372 | BT4: 0.418745 | BU4: 0.000437 | BV4: 57.580973 | BX4: =AV4/$AV$74 -> 1.2613629e-07 | BY4: =AX4/$AX$74 -> 5.3866604e-08 | BZ4: =AY4/$AY$74 -> 1.2520272e-07 | CA4: =BB4/$BB$74 -> 5.4908419e-08
A5: 4 v_f | B5: 51.95723 | C5: 0.833316 | D5: 0.720939 | E5: 61.92585 | F5: 0.012878 | G5: 0.014992 | H5: 0.216589 | I5: 0.945156 | J5: 11.33894 | K5: 35.375847 | L5: 5.700005 | M5: 0.278457 | N5: 32.826168 | O5: 16.160227 | P5: 0.009083 | Q5: 0.024684 | R5: 0.000441 | S5: 0.872711 | T5: 0.195181 | U5: 9.377981 | V5: 2.440901 | W5: 19.266869 | X5: 0.142149 | Y5: 0.069482 | Z5: 1869.7476 | AA5: 112.09949 | AB5: 1.96016 | AC5: 0.754505 | AD5: 0.294793 | AE5: 0.414109 | AF5: 1.407896 | AG5: 0.32057 | AH5: 16.693657 | AI5: 16.797001 | AJ5: 1.991289 | AK5: 1.793231 | AL5: 2.579478 | AM5: 1.033528 | AN5: 4.953287 | AO5: 4.270399 | AP5: 1.776151 | AQ5: 4.478749 | AR5: 1.545892 | AS5: 0.591062 | AT5: 189.26808 | AU5: 0.349841 | AV5: 0.184659 | AW5: 0.153339 | AX5: 0.057168 | AY5: 0.00441 | AZ5: 0.003228 | BA5: 0.021954 | BB5: 0.042499 | BC5: 0.005648 | BD5: 2.285331 | BE5: 7.483033 | BF5: 21.335407 | BG5: 3397.0005 | BH5: 2.299411 | BI5: 0.478476 | BJ5: 0.367359 | BK5: 2.172335 | BL5: 9.790193 | BM5: 3.728606 | BN5: 2.536878 | BO5: 1.71866 | BP5: 22.463152 | BQ5: 84.250641 | BR5: 101.6351 | BS5: 40.118088 | BT5: 98.289658 | BU5: 0.062637 | BV5: 6284.3152 | BX5: =AV5/$AV$74 -> 8.7895098e-05 | BY5: =AX5/$AX$74 -> 3.755422e-05 | BZ5: =AY5/$AY$74 -> 9.2023996e-05 | CA5: =BB5/$BB$74 -> 3.8254966e-05
A6: 5 osd | B6: 0.340968 | C6: 0.005304 | D6: 0.005957 | E6: 303.23346 | F6: 19.861965 | G6: 0.000909 | H6: 1.322587 | I6: 21.061819 | J6: 0.085841 | K6: 0.268669 | L6: 0.043457 | M6: 0.000927 | N6: 0.852224 | O6: 0.092846 | P6: 1e-06 | Q6: 1e-06 | R6: 0.000109 | S6: 1.4e-05 | T6: 0.00212 | U6: 0.027495 | V6: 37.799709 | W6: 0.022023 | X6: 0.01547 | Y6: 0.06744 | Z6: 25.173075 | AA6: 0.207009 | AB6: 0.409223 | AC6: 0.068396 | AD6: 0.027072 | AE6: 0.006072 | AF6: 0.004859 | AG6: 0.000269 | AH6: 1.89531 | AI6: 0.044099 | AJ6: 0.065126 | AK6: 0.005719 | AL6: 0.000372 | AM6: 7e-05 | AN6: 0.007888 | AO6: 0.015741 | AP6: 0.015058 | AQ6: 0.536268 | AR6: 0.021993 | AS6: 0.008238 | AT6: 0.036453 | AU6: 0.1811 | AV6: 0.095592 | AW6: 0.079378 | AX6: 0.029594 | AY6: 0.002283 | AZ6: 0.001671 | BA6: 0.011365 | BB6: 0.022 | BC6: 0.002924 | BD6: 0.004158 | BE6: 3.573989 | BF6: 1.203352 | BG6: 3.027756 | BH6: 0.002617 | BI6: 0.003633 | BJ6: 0.000163 | BK6: 0.104791 | BL6: 0.00508 | BM6: 0.000207 | BN6: 0.000179 | BO6: 0.03234 | BP6: 0.198971 | BQ6: 3.876603 | BR6: 45.812973 | BS6: 7.815326 | BT6: 1.847653 | BU6: 0.00625 | BV6: 481.60157 | BX6: =AV6/$AV$74 -> 4.5500453e-05 | BY6: =AX6/$AX$74 -> 1.9440589e-05 | BZ6: =AY6/$AY$74 -> 4.7639634e-05 | CA6: =BB6/$BB$74 -> 1.9803036e-05
A7: 6 c_b | B7: 0.000484 | C7: 7e-06 | D7: 5e-06 | E7: 0.019028 | F7: 0.000165 | G7: 0.001223 | H7: 7e-06 | I7: 0.004299 | J7: 0.003078 | K7: 0.021664 | L7: 0.006732 | M7: 4.2e-05 | N7: 0.000493 | O7: 0.000309 | P7: 0 | Q7: 0 | R7: 0.000142 | S7: 3e-06 | T7: 0.037132 | U7: 0.373038 | V7: 0.055232 | W7: 0.060189 | X7: 0.004949 | Y7: 2.602684 | Z7: 0.757977 | AA7: 0.345539 | AB7: 0.002058 | AC7: 0.002441 | AD7: 0.000399 | AE7: 0.000664 | AF7: 0.001303 | AG7: 1e-05 | AH7: 0.711104 | AI7: 0.0257 | AJ7: 0.015159 | AK7: 0.000212 | AL7: 2.2e-05 | AM7: 4e-06 | AN7: 0.000512 | AO7: 0.002804 | AP7: 0.000897 | AQ7: 0.002083 | AR7: 0.0001 | AS7: 0.000623 | AT7: 0.003378 | AU7: 0.079728 | AV7: 0.042082 | AW7: 0.034943 | AX7: 0.013028 | AY7: 0.001005 | AZ7: 0.000736 | BA7: 0.005003 | BB7: 0.009685 | BC7: 0.001287 | BD7: 0.020579 | BE7: 0.004389 | BF7: 0.088768 | BG7: 0.383803 | BH7: 0.000308 | BI7: 0.00044 | BJ7: 5.4e-05 | BK7: 0.013411 | BL7: 0.000601 | BM7: 8.1e-05 | BN7: 3e-05 | BO7: 0.003138 | BP7: 0.013053 | BQ7: 0.021515 | BR7: 0.4005 | BS7: 0.006401 | BT7: 0.002534 | BU7: 0.001031 | BV7: 6.212027 | BX7: =AV7/$AV$74 -> 2.0030443e-05 | BY7: =AX7/$AX$74 -> 8.5582209e-06 | BZ7: =AY7/$AY$74 -> 2.0971455e-05 | CA7: =BB7/$BB$74 -> 8.7178367e-06
A8: 7 pfb | B8: 0.114624 | C8: 0.001772 | D8: 0.001743 | E8: 0.113838 | F8: 0.00013 | G8: 2e-05 | H8: 0.483375 | I8: 0.08161 | J8: 0.129762 | K8: 2.043488 | L8: 0.029189 | M8: 0.036725 | N8: 0.05821 | O8: 0.033892 | P8: 0 | Q8: 0 | R8: 0 | S8: 1e-06 | T8: 0.000117 | U8: 0.0018 | V8: 0.056205 | W8: 0.001338 | X8: 0.002202 | Y8: 3.1e-05 | Z8: 3.56187 | AA8: 0.01969 | AB8: 13.675428 | AC8: 0.382628 | AD8: 0.004255 | AE8: 0.001616 | AF8: 0.002115 | AG8: 1.5e-05 | AH8: 0.133276 | AI8: 0.001466 | AJ8: 0.02169 | AK8: 0.000717 | AL8: 3e-05 | AM8: 6e-06 | AN8: 0.001048 | AO8: 0.015198 | AP8: 0.016387 | AQ8: 0.021098 | AR8: 0.000196 | AS8: 3.1e-05 | AT8: 1.704839 | AU8: 0.000527 | AV8: 0.000278 | AW8: 0.000231 | AX8: 8.6e-05 | AY8: 7e-06 | AZ8: 5e-06 | BA8: 3.3e-05 | BB8: 6.4e-05 | BC8: 9e-06 | BD8: 0.001038 | BE8: 0.008053 | BF8: 0.010456 | BG8: 0.097456 | BH8: 0.000128 | BI8: 0.000192 | BJ8: 4.5e-05 | BK8: 0.003931 | BL8: 0.000202 | BM8: 0.000378 | BN8: 0.000255 | BO8: 0.00088 | BP8: 0.142305 | BQ8: 0.192897 | BR8: 0.17802 | BS8: 0.01179 | BT8: 0.001635 | BU8: 0.000388 | BV8: 23.404963 | BX8: =AV8/$AV$74 -> 1.3232411e-07 | BY8: =AX8/$AX$74 -> 5.6494243e-08 | BZ8: =AY8/$AY$74 -> 1.4606984e-07 | CA8: =BB8/$BB$74 -> 5.7608833e-08
A9: 8 ocr | B9: 4.130362 | C9: 0.063606 | D9: 0.055306 | E9: 3.813952 | F9: 0.000744 | G9: 0.001209 | H9: 0.395214 | I9: 7.492473 | J9: 1.161414 | K9: 13.619459 | L9: 0.497035 | M9: 0.036719 | N9: 2.530796 | O9: 1.494395 | P9: 0 | Q9: 0 | R9: 0.000169 | S9: 0.730863 | T9: 0.006105 | U9: 1.800141 | V9: 19.52096 | W9: 0.349205 | X9: 0.005687 | Y9: 0.000711 | Z9: 206.87671 | AA9: 32.797665 | AB9: 1.293703 | AC9: 1.064469 | AD9: 0.235853 | AE9: 0.284295 | AF9: 0.807214 | AG9: 0.446764 | AH9: 9.733463 | AI9: 45.283653 | AJ9: 2.276019 | AK9: 1.19409 | AL9: 1.402591 | AM9: 0.790947 | AN9: 1.685414 | AO9: 2.37076 | AP9: 0.748996 | AQ9: 2.559663 | AR9: 1.130874 | AS9: 0.183675 | AT9: 10.001121 | AU9: 0.318549 | AV9: 0.168163 | AW9: 0.139633 | AX9: 0.05206 | AY9: 0.004016 | AZ9: 0.002939 | BA9: 0.019992 | BB9: 0.038701 | BC9: 0.005144 | BD9: 0.587722 | BE9: 12.66799 | BF9: 8.85835 | BG9: 112.37621 | BH9: 0.678653 | BI9: 0.224258 | BJ9: 0.062141 | BK9: 2.318262 | BL9: 2.579051 | BM9: 3.311424 | BN9: 2.944999 | BO9: 0.785087 | BP9: 11.126168 | BQ9: 20.491463 | BR9: 17.272818 | BS9: 5.230567 | BT9: 171.5985 | BU9: 0.002668 | BV9: 754.73999 | BX9: =AV9/$AV$74 -> 8.0043233e-05 | BY9: =AX9/$AX$74 -> 3.4198724e-05 | BZ9: =AY9/$AY$74 -> 8.3802351e-05 | CA9: =BB9/$BB$74 -> 3.4836241e-05
A10: 9 ctl | B10: 15.107322 | C10: 0.187669 | D10: 0.167183 | E10: 17.780748 | F10: 0.052013 | G10: 0.003682 | H10: 0.096685 | I10: 1.226386 | J10: 15.849827 | K10: 5.270207 | L10: 1.001124 | M10: 0.09894 | N10: 7.095388 | O10: 3.420288 | P10: 2e-06 | Q10: 1e-06 | R10: 6.1e-05 | S10: 1.7e-05 | T10: 1373.3213 | U10: 1969.2418 | V10: 0.014822 | W10: 177.75938 | X10: 0.010142 | Y10: 0.005055 | Z10: 8.04484 | AA10: 0.56244 | AB10: 0.125394 | AC10: 0.822699 | AD10: 0.834084 | AE10: 0.001551 | AF10: 0.019425 | AG10: 0.000231 | AH10: 3.959442 | AI10: 2.071414 | AJ10: 0.468879 | AK10: 0.004705 | AL10: 0.000407 | AM10: 6.9e-05 | AN10: 0.012933 | AO10: 0.05325 | AP10: 0.027294 | AQ10: 0.038939 | AR10: 0.005519 | AS10: 0.003069 | AT10: 3.136763 | AU10: 0.010479 | AV10: 0.005533 | AW10: 0.004594 | AX10: 0.001713 | AY10: 0.000132 | AZ10: 9.7e-05 | BA10: 0.000658 | BB10: 0.001273 | BC10: 0.000169 | BD10: 0.092654 | BE10: 0.277041 | BF10: 0.218586 | BG10: 13.917237 | BH10: 0.006896 | BI10: 0.021545 | BJ10: 0.001131 | BK10: 0.258588 | BL10: 0.007294 | BM10: 0.002477 | BN10: 0.001612 | BO10: 0.017438 | BP10: 6.52196 | BQ10: 0.576975 | BR10: 9.205024 | BS10: 1.550872 | BT10: 7.088772 | BU10: 0.032165 | BV10: 3647.7263 | BX10: =AV10/$AV$74 -> 2.6336305e-06 | BY10: =AX10/$AX$74 -> 1.1252865e-06 | BZ10: =AY10/$AY$74 -> 2.7544598e-06 | CA10: =BB10/$BB$74 -> 1.1458757e-06
A11: 10 oap | B11: 30.425673 | C11: 0.488341 | D11: 0.422117 | E11: 39.005024 | F11: 0.018775 | G11: 0.00872 | H11: 0.12509 | I11: 0.994843 | J11: 4.705757 | K11: 194.10297 | L11: 2.436938 | M11: 0.194511 | N11: 18.864622 | O11: 9.151719 | P11: 3e-06 | Q11: 4e-06 | R11: 7.3e-05 | S11: 5.5e-05 | T11: 2156.2468 | U11: 5354.9321 | V11: 0.059535 | W11: 5.577849 | X11: 0.047678 | Y11: 0.0019 | Z11: 177.1863 | AA11: 1.002662 | AB11: 0.219804 | AC11: 1.606163 | AD11: 2.451217 | AE11: 0.003507 | AF11: 0.051044 | AG11: 0.000734 | AH11: 12.755547 | AI11: 3.981852 | AJ11: 1.716106 | AK11: 0.01337 | AL11: 0.001041 | AM11: 0.000173 | AN11: 0.041641 | AO11: 0.123886 | AP11: 0.037093 | AQ11: 0.056703 | AR11: 0.014749 | AS11: 0.0061 | AT11: 24.888119 | AU11: 0.017261 | AV11: 0.009111 | AW11: 0.007566 | AX11: 0.002821 | AY11: 0.000218 | AZ11: 0.000159 | BA11: 0.001083 | BB11: 0.002097 | BC11: 0.000279 | BD11: 0.309035 | BE11: 1.01551 | BF11: 0.29635 | BG11: 569.74512 | BH11: 0.013419 | BI11: 0.020456 | BJ11: 0.000729 | BK11: 0.530362 | BL11: 0.014927 | BM11: 0.007213 | BN11: 0.004984 | BO11: 0.113277 | BP11: 11.368984 | BQ11: 2.634498 | BR11: 20.111753 | BS11: 4.045336 | BT11: 36.11095 | BU11: 0.043697 | BV11: 8690.3961 | BX11: =AV11/$AV$74 -> 4.3367084e-06 | BY11: =AX11/$AX$74 -> 1.8531426e-06 | BZ11: =AY11/$AY$74 -> 4.549032e-06 | CA11: =BB11/$BB$74 -> 1.8875894e-06
A12: 11 rmk | B12: 5.95259 | C12: 0.079613 | D12: 0.06985 | E12: 6.064141 | F12: 0.01349 | G12: 0.00155 | H12: 0.363832 | I12: 0.258452 | J12: 1.796222 | K12: 2.166675 | L12: 4.563596 | M12: 0.0025 | N12: 3.073132 | O12: 1.446148 | P12: 4e-06 | Q12: 4e-06 | R12: 2.7e-05 | S12: 0.00011 | T12: 41.395596 | U12: 61.305004 | V12: 0.119518 | W12: 1330.238 | X12: 0.040568 | Y12: 0.005242 | Z12: 1.184258 | AA12: 0.120573 | AB12: 0.086092 | AC12: 0.130921 | AD12: 0.2494 | AE12: 0.009816 | AF12: 0.020413 | AG12: 0.000962 | AH12: 2.424747 | AI12: 0.095773 | AJ12: 0.080398 | AK12: 0.01374 | AL12: 0.001988 | AM12: 0.000646 | AN12: 0.029328 | AO12: 0.016253 | AP12: 0.012813 | AQ12: 0.027647 | AR12: 0.111241 | AS12: 0.037194 | AT12: 0.892537 | AU12: 0.020786 | AV12: 0.010972 | AW12: 0.009111 | AX12: 0.003397 | AY12: 0.000262 | AZ12: 0.000192 | BA12: 0.001304 | BB12: 0.002525 | BC12: 0.000336 | BD12: 0.010979 | BE12: 0.04441 | BF12: 0.240534 | BG12: 30.445326 | BH12: 0.013955 | BI12: 0.049557 | BJ12: 0.002293 | BK12: 0.488509 | BL12: 0.021233 | BM12: 0.003583 | BN12: 0.002421 | BO12: 0.171569 | BP12: 0.500091 | BQ12: 0.834749 | BR12: 17.252857 | BS12: 0.86902 | BT12: 0.123523 | BU12: 0.021839 | BV12: 1515.648 | BX12: =AV12/$AV$74 -> 5.2225183e-06 | BY12: =AX12/$AX$74 -> 2.2315226e-06 | BZ12: =AY12/$AY$74 -> 5.4671853e-06 | CA12: =BB12/$BB$74 -> 2.2728485e-06
A13: 12 wol | B13: 0.071781 | C13: 0.00289 | D13: 0.002623 | E13: 0.343521 | F13: 0.002976 | G13: 5.9e-05 | H13: 2.3e-05 | I13: 0.041359 | J13: 0.078114 | K13: 0.143535 | L13: 0.002315 | M13: 0.146274 | N13: 0.015404 | O13: 0.020619 | P13: 0 | Q13: 0 | R13: 0 | S13: 1e-06 | T13: 0.039435 | U13: 0.074999 | V13: 0.001078 | W13: 1.596346 | X13: 0.000404 | Y13: 0.000428 | Z13: 3.241829 | AA13: 0.289256 | AB13: 6.248134 | AC13: 0.443414 | AD13: 0.119157 | AE13: 0.000117 | AF13: 0.00015 | AG13: 4e-06 | AH13: 1.050247 | AI13: 1.151871 | AJ13: 0.054416 | AK13: 0.000135 | AL13: 9e-06 | AM13: 2e-06 | AN13: 0.000252 | AO13: 0.004551 | AP13: 0.003427 | AQ13: 0.0043 | AR13: 2.5e-05 | AS13: 8e-06 | AT13: 1.653275 | AU13: 0.000203 | AV13: 0.000107 | AW13: 8.9e-05 | AX13: 3.3e-05 | AY13: 3e-06 | AZ13: 2e-06 | BA13: 1.3e-05 | BB13: 2.5e-05 | BC13: 3e-06 | BD13: 0.009231 | BE13: 0.031153 | BF13: 0.008995 | BG13: 2.797723 | BH13: 9e-05 | BI13: 0.00045 | BJ13: 3.9e-05 | BK13: 0.00643 | BL13: 0.000314 | BM13: 8.1e-05 | BN13: 5.4e-05 | BO13: 0.0009 | BP13: 2.271706 | BQ13: 0.032252 | BR13: 0.337695 | BS13: 0.009089 | BT13: 3.95355 | BU13: 0.000769 | BV13: 26.309763 | BX13: =AV13/$AV$74 -> 5.0930501e-08 | BY13: =AX13/$AX$74 -> 2.1678024e-08 | BZ13: =AY13/$AY$74 -> 6.2601358e-08 | CA13: =BB13/$BB$74 -> 2.250345e-08
... A74: Total | B74: 1748.1752 | C74: 36.930282 | D74: 32.775733 | E74: 3927.8851 | F74: 182.98439 | G74: 4.100234 | H74: 27.666352 | I74: 260.91481 | J74: 2908.3066 | K74: 5834.9633 | L74: 1229.9515 | M74: 39.830352 | N74: 874.75512 | O74: 3357.0029 | P74: 63.553488 | Q74: 141.27442 | R74: 153.60707 | S74: 2830.607 | T74: 4044.3352 | U74: 11651.8 | V74: 1038.6555 | W74: 5120.8038 | X74: 5724.0444 | Y74: 144.22854 | Z74: 30252.629 | AA74: 7888.7189 | AB74: 14880.77 | AC74: 8950.092 | AD74: 2828.7001 | AE74: 4254.7408 | AF74: 17866.118 | AG74: 24540.165 | AH74: 80177.548 | AI74: 7525.3498 | AJ74: 41431.314 | AK74: 25896.186 | AL74: 47214.077 | AM74: 12928.839 | AN74: 60760.02 | AO74: 120667.76 | AP74: 49238.504 | AQ74: 80385.598 | AR74: 112662.92 | AS74: 32522.321 | AT74: 37238.843 | AU74: 4782.8422 | AV74: 2100.9022 | AW74: 2106.9748 | AX74: 1522.279 | AY74: 47.922283 | AZ74: 39.335682 | BA74: 2722.2424 | BB74: 1110.9407 | BC74: 76.106659 | BD74: 7374.1692 | BE74: 126685.13 | BF74: 98641.249 | BG74: 69179.006 | BH74: 26818.841 | BI74: 7145.9961 | BJ74: 6901.0595 | BK74: 13874.622 | BL74: 50387.546 | BM74: 25806.055 | BN74: 24241.569 | BO74: 28703.393 | BP74: 93450.795 | BQ74: 34791.718 | BR74: 23383.393 | BS74: 28208.712 | BT74: 41199.668 | BU74: 10541.68 | BV74: 1603334.5 | BX74: =AV74/$AV$74 -> 1 | BY74: =AX74/$AX$74 -> 1 | BZ74: =AY74/$AY$74 -> 1 | CA74: =BB74/$BB$74 -> 1
A76: 47 eNuclear | B76: =B48/($BV$48) -> 0.002425944 | C76: =C48/($BV$48) -> 0.00027678597 | D76: =D48/($BV$48) -> 0.00024031061 | E76: =E48/($BV$48) -> 0.0066413296 | F76: =F48/($BV$48) -> 0.0006280282 | G76: =G48/($BV$48) -> 3.6998907e-06 | H76: =H48/($BV$48) -> 6.8792183e-05 | I76: =I48/($BV$48) -> 0.00057572782 | ... BV76: =BV48/($BV$48) -> 1
A77: 49 eGas | B77: =B50/$BV$50 -> 0.0024259442 | C77: =C50/$BV$50 -> 0.00027678608 | D77: =D50/$BV$50 -> 0.00024031054 | E77: =E50/$BV$50 -> 0.0066413292 | F77: =F50/$BV$50 -> 0.00062802819 | G77: =G50/$BV$50 -> 3.6999079e-06 | H77: =H50/$BV$50 -> 6.8792218e-05 | I77: =I50/$BV$50 -> 0.00057572789 | ... BV77: =BV50/$BV$50 -> 1
A78: 50 eWind | B78: =B51/$BV$51 -> 0.0024259441 | C78: =C51/$BV$51 -> 0.00027678723 | D78: =D51/$BV$51 -> 0.0002403095 | E78: =E51/$BV$51 -> 0.0066413306 | F78: =F51/$BV$51 -> 0.00062802937 | G78: =G51/$BV$51 -> 3.7002033e-06 | H78: =H51/$BV$51 -> 6.8791054e-05 | I78: =I51/$BV$51 -> 0.00057572893 | ... BV78: =BV51/$BV$51 -> 1
A79: 53 eOther | B79: =B54/$BV$54 -> 0.0024259438 | C79: =C54/$BV$54 -> 0.00027678597 | D79: =D54/$BV$54 -> 0.00024031036 | E79: =E54/$BV$54 -> 0.0066413301 | F79: =F54/$BV$54 -> 0.00062802828 | G79: =G54/$BV$54 -> 3.6999248e-06 | H79: =H54/$BV$54 -> 6.8792284e-05 | I79: =I54/$BV$54 -> 0.00057572788 | ... BV79: =BV54/$BV$54 -> 1

Sheet VDFB_MNG
A1: VDFB | B1: 1 pdr | C1: 2 wht | D1: 3 gro | E1: 4 v_f | F1: 5 osd | G1: 6 c_b | H1: 7 pfb | I1: 8 ocr | J1: 9 ctl | K1: 10 oap | L1: 11 rmk | M1: 12 wol | N1: 13 frs | O1: 14 fsh | P1: 15 coa | Q1: 16 oil | R1: 17 gas | S1: 18 oxt | T1: 19 cmt | U1: 20 omt | V1: 21 vol | W1: 22 mil | X1: 23 pcr | Y1: 24 sgr | Z1: 25 ofd | AA1: 26 b_t | AB1: 27 tex | AC1: 28 wap | AD1: 29 lea | AE1: 30 lum | AF1: 31 ppp | AG1: 32 p_c | AH1: 33 chm | AI1: 34 bph | AJ1: 35 rpp | AK1: 36 nmm | AL1: 37 i_s | AM1: 38 nfm | AN1: 39 fmp | AO1: 40 ele | AP1: 41 eeq | AQ1: 42 ome | AR1: 43 mvh | AS1: 44 otn | AT1: 45 omf | AU1: 46 TnD | AV1: 47 eNuclear | AW1: 48 eCoal | AX1: 49 eGas | AY1: 50 eWind | AZ1: 51 eHydro | BA1: 52 eOil | BB1: 53 eOther | BC1: 54 eSolar | BD1: 55 wtr | BE1: 56 cns | BF1: 57 trd | BG1: 58 afs | BH1: 59 otp | BI1: 60 wtp | BJ1: 61 atp | BK1: 62 whs | BL1: 63 cmn | BM1: 64 ofi | BN1: 65 ins | BO1: 66 rsa | BP1: 67 obs | BQ1: 68 ros | BR1: 69 osg | BS1: 70 edu | BT1: 71 hht | BU1: 72 dwe | BV1: Total
A2: 1 pdr | B2: 0.000190845 | C2: 0.0005288834 | D2: 1.3462631e-05 | E2: 0.01150398 | F2: 0.003534865 | G2: 0.0001880274 | H2: 0.0001993374 | I2: 0.002918084 | J2: 0.05222883 | K2: 0.0003749722 | L2: 0.007291988 | M2: 0.007987074 | N2: 0.0001800778 | O2: 3.9959773e-06 | P2: 1.4702426e-06 | Q2: 1.6083512e-06 | R2: 9.7460131e-08 | S2: 5.5330906e-06 | T2: 0.002460199 | U2: 0.002045464 | V2: 1.5231057e-05 | W2: 0.001852371 | X2: 0.001853264 | Y2: 2.087817e-07 | Z2: 0.003376325 | AA2: 0.001254452 | AB2: 7.2149334e-05 | AC2: 0.000280467 | AD2: 0.0001019239 | AE2: 6.1744513e-06 | AF2: 7.9035655e-14 | AG2: 4.3903277e-08 | AH2: 3.1527929e-07 | AI2: 7.1498634e-09 | AJ2: 1.2196203e-09 | AK2: 8.2691367e-06 | AL2: 2.7127294e-09 | AM2: 2.6169766e-07 | AN2: 5.4755184e-14 | AO2: 6.6970308e-14 | AP2: 1.3525457e-13 | AQ2: 2.1287894e-13 | AR2: 2.4452886e-15 | AS2: 2.5761158e-15 | AT2: 0.0001651895 | AU2: 0.0001629688 | AV2: 0 | AW2: 0.0002913975 | AX2: 0 | AY2: 4.9323535e-06 | AZ2: 5.8585084e-07 | BA2: 4.4730559e-06 | BB2: 0 | BC2: 3.5729337e-07 | BD2: 2.3145742e-05 | BE2: 0.0001223473 | BF2: 0.002265458 | BG2: 0.03246836 | BH2: 8.4775893e-05 | BI2: 1.2069652e-05 | BJ2: 8.7345978e-07 | BK2: 0.001900586 | BL2: 9.1598777e-06 | BM2: 0.0006066668 | BN2: 2.1983155e-07 | BO2: 0.00374585 | BP2: 0.0007312439 | BQ2: 0.0009007056 | BR2: 0.04725908 | BS2: 0.000472917 | BT2: 8.3090861e-05 | BU2: 0.0007983036 | BV2: 0.192595
A3: 2 wht | B3: 0.004981538 | C3: 7.696647 | D3: 8.5388005e-05 | E3: 1.086949 | F3: 0.3349272 | G3: 0.02131265 | H3: 0.01677269 | I3: 0.2165446 | J3: 1.859303 | K3: 0.0371097 | L3: 0.728211 | M3: 0.5647824 | N3: 0.002065253 | O3: 1.8257093e-06 | P3: 1.0732276e-05 | Q3: 3.822793e-07 | R3: 1.3650839e-08 | S3: 2.5176384e-06 | T3: 0.089045 | U3: 0.05232658 | V3: 1.124194e-05 | W3: 0.03193357 | X3: 0.0001024961 | Y3: 3.8205355e-05 | Z3: 13.7911 | AA3: 0.03976065 | AB3: 2.3663213e-05 | AC3: 4.5354849e-05 | AD3: 1.2163914e-05 | AE3: 5.0965673e-06 | AF3: 6.1376312e-14 | AG3: 4.6878409e-08 | AH3: 2.9958344e-05 | AI3: 5.5562452e-07 | AJ3: 2.3083885e-10 | AK3: 0.0001082855 | AL3: 3.1188361e-09 | AM3: 7.9251095e-07 | AN3: 3.3964503e-14 | AO3: 3.954887e-15 | AP3: 7.7042127e-15 | AQ3: 1.569809e-14 | AR3: 7.0982619e-15 | AS3: 7.6251786e-15 | AT3: 0.0003937036 | AU3: 0.0001863255 | AV3: 0 | AW3: 0.0003331606 | AX3: 0 | AY3: 5.6392582e-06 | AZ3: 6.6981494e-07 | BA3: 5.1141342e-06 | BB3: 0 | BC3: 4.0850065e-07 | BD3: 4.5658858e-06 | BE3: 0.0003173955 | BF3: 0.1769312 | BG3: 0.009006065 | BH3: 2.754737e-05 | BI3: 3.5263092e-06 | BJ3: 3.8766711e-06 | BK3: 0.000338451 | BL3: 7.421474e-06 | BM3: 0.06877907 | BN3: 4.4506999e-07 | BO3: 0.2245141 | BP3: 0.0006308479 | BQ3: 0.001202314 | BR3: 0.02310848 | BS3: 8.3709747e-05 | BT3: 3.2492608e-05 | BU3: 0.2632055 | BV3: 27.34337
A4: 3 gro | B4: 0.000696376 | C4: 0.0007751722 | D4: 0.0003430803 | E4: 0.1486935 | F4: 0.04582307 | G4: 0.002918806 | H4: 0.002295504 | I4: 0.02956285 | J4: 0.1015368 | K4: 0.001547162 | L4: 0.02157188 | M4: 0.01755753 | N4: 0.0003136716 | O4: 1.0333042e-05 | P4: 3.7250306e-06 | Q4: 3.0597369e-07 | R4: 3.0555789e-08 | S4: 3.8477856e-06 | T4: 0.01282611 | U4: 0.007658679 | V4: 1.8742918e-05 | W4: 0.004468494 | X4: 5.4501659e-05 | Y4: 3.6230665e-06 | Z4: 0.02119019 | AA4: 0.003098858 | AB4: 2.5896976e-05 | AC4: 4.6454072e-05 | AD4: 2.3140474e-05 | AE4: 2.3735449e-05 | AF4: 1.1657785e-13 | AG4: 3.1034915e-08 | AH4: 4.1464982e-06 | AI4: 7.8188648e-08 | AJ4: 3.8180831e-10 | AK4: 1.544376e-05 | AL4: 2.740298e-09 | AM4: 4.8122808e-07 | AN4: 2.1494469e-14 | AO4: 9.2437265e-15 | AP4: 1.7646151e-14 | AQ4: 2.9068622e-14 | AR4: 2.8887688e-15 | AS4: 1.4991287e-14 | AT4: 9.0513029e-05 | AU4: 5.3267111e-05 | AV4: 0 | AW4: 9.5244643e-05 | AX4: 0 | AY4: 1.6121628e-06 | AZ4: 1.9148808e-07 | BA4: 1.4620393e-06 | BB4: 0 | BC4: 1.1678301e-07 | BD4: 2.9096454e-05 | BE4: 0.0001206451 | BF4: 0.02436353 | BG4: 0.004875917 | BH4: 1.879714e-05 | BI4: 4.0747414e-06 | BJ4: 1.1308109e-05 | BK4: 9.7130069e-05 | BL4: 2.5130174e-05 | BM4: 0.009404795 | BN4: 4.2647466e-07 | BO4: 0.03682797 | BP4: 0.0001458812 | BQ4: 0.0002105265 | BR4: 0.002868032 | BS4: 6.848573e-05 | BT4: 0.0001323498 | BU4: 0.02970495 | BV4: 0.5322637
A5: 4 v_f | B5: 3.034746e-06 | C5: 0.0001631736 | D5: 7.2493449e-06 | E5: 2.090952 | F5: 7.6585195e-05 | G5: 6.1889732e-06 | H5: 2.3261524e-05 | I5: 0.0001539219 | J5: 0.04980156 | K5: 0.001255229 | L5: 0.02479799 | M5: 0.02275665 | N5: 0.0002987086 | O5: 7.5398384e-06 | P5: 0.07058766 | Q5: 0.03266142 | R5: 0.0002843634 | S5: 0.1860365 | T5: 0.02305025 | U5: 0.01310957 | V5: 0.004358383 | W5: 0.008308399 | X5: 0.0005808008 | Y5: 0.000158054 | Z5: 2.813468 | AA5: 0.02293018 | AB5: 0.0007425266 | AC5: 0.0008906677 | AD5: 0.000279818 | AE5: 6.4125641e-05 | AF5: 3.4942044e-13 | AG5: 0.001026103 | AH5: 4.8473555e-07 | AI5: 1.5541212e-06 | AJ5: 1.4807963e-08 | AK5: 0.0009364705 | AL5: 6.7383924e-05 | AM5: 0.05729594 | AN5: 9.9726356e-12 | AO5: 7.1867078e-13 | AP5: 5.3349161e-14 | AQ5: 1.1775589e-13 | AR5: 1.0584291e-13 | AS5: 2.151054e-13 | AT5: 0.0008568395 | AU5: 0.001877347 | AV5: 0 | AW5: 0.003356804 | AX5: 0 | AY5: 5.6819095e-05 | AZ5: 6.7488095e-06 | BA5: 5.1528139e-05 | BB5: 0 | BC5: 4.1159024e-06 | BD5: 0.006590255 | BE5: 0.004713135 | BF5: 0.04284794 | BG5: 5.220141 | BH5: 0.009356269 | BI5: 0.001118095 | BJ5: 0.0007185877 | BK5: 0.003659685 | BL5: 0.009023354 | BM5: 0.0001281424 | BN5: 4.9030532e-06 | BO5: 0.0003334809 | BP5: 0.08113676 | BQ5: 0.05039064 | BR5: 0.04303749 | BS5: 0.3825928 | BT5: 0.1535444 | BU5: 0.0003411332 | BV5: 11.44303
A6: 5 osd | B6: 1.229829e-06 | C6: 8.9399939e-05 | D6: 5.9467698e-06 | E6: 0.0003439272 | F6: 0.02826308 | G6: 1.8637297e-06 | H6: 2.0988107e-05 | I6: 6.4720116e-05 | J6: 0.001748615 | K6: 2.0758904e-05 | L6: 0.0005382215 | M6: 0.000298993 | N6: 4.9450999e-05 | O6: 9.4480623e-07 | P6: 1.1644098e-06 | Q6: 0.000195274 | R6: 1.1138453e-07 | S6: 4.4365817e-07 | T6: 0.0002252358 | U6: 0.0001351697 | V6: 0.001980868 | W6: 9.8273784e-05 | X6: 0.000945164 | Y6: 0.0002472274 | Z6: 0.03394487 | AA6: 0.0001595556 | AB6: 0.0001159944 | AC6: 2.415042e-05 | AD6: 6.5545341e-06 | AE6: 1.8768295e-06 | AF6: 4.2616227e-15 | AG6: 8.0304892e-09 | AH6: 2.9988303e-08 | AI6: 2.3481286e-09 | AJ6: 5.0303657e-11 | AK6: 8.5320278e-07 | AL6: 6.6874212e-10 | AM6: 9.3218723e-08 | AN6: 6.1261857e-15 | AO6: 9.2678226e-16 | AP6: 1.3091748e-15 | AQ6: 3.1408632e-15 | AR6: 8.3082201e-15 | AS6: 2.2024019e-14 | AT6: 1.8066469e-06 | AU6: 0.0006381511 | AV6: 0 | AW6: 0.001141051 | AX6: 0 | AY6: 1.9314048e-05 | AZ6: 2.2940674e-06 | BA6: 1.7515536e-05 | BB6: 0 | BC6: 1.3990849e-06 | BD6: 2.7091223e-06 | BE6: 3.0017234e-05 | BF6: 0.0008556191 | BG6: 0.002669551 | BH6: 2.3490675e-06 | BI6: 4.3556881e-07 | BJ6: 1.4944517e-07 | BK6: 4.9140584e-05 | BL6: 1.128054e-06 | BM6: 1.0940537e-07 | BN6: 5.6801146e-09 | BO6: 4.8938205e-06 | BP6: 1.9968391e-05 | BQ6: 2.4897587e-05 | BR6: 0.001250409 | BS6: 1.4582206e-05 | BT6: 9.1726697e-06 | BU6: 2.8012657e-06 | BV6: 0.07629053
A7: 6 c_b | B7: 0.0001332358 | C7: 4.3474454e-05 | D7: 1.5094032e-06 | E7: 0.137945 | F7: 0.03966043 | G7: 0.002328348 | H7: 0.001526826 | I7: 0.01972294 | J7: 0.8246642 | K7: 0.01608746 | L7: 0.3158405 | M7: 0.2518343 | N7: 0.08723251 | O7: 8.9842068e-08 | P7: 7.7618206e-05 | Q7: 3.9798765e-06 | R7: 5.2851465e-06 | S7: 1.354268e-06 | T7: 0.002447473 | U7: 0.001948694 | V7: 1.2640725e-05 | W7: 0.005135519 | X7: 0.0002530615 | Y7: 0.0003651322 | Z7: 0.0096715 | AA7: 0.06203536 | AB7: 0.0002633035 | AC7: 0.0007388081 | AD7: 4.4855184e-05 | AE7: 3.5325118e-06 | AF7: 2.0390578e-14 | AG7: 5.0132769e-09 | AH7: 1.5688187e-05 | AI7: 2.7016609e-08 | AJ7: 1.6111736e-07 | AK7: 7.8690408e-07 | AL7: 3.2486827e-07 | AM7: 8.9952216e-08 | AN7: 6.0687414e-12 | AO7: 2.953246e-15 | AP7: 1.3974193e-15 | AQ7: 4.1460594e-15 | AR7: 6.7836412e-16 | AS7: 2.9865951e-14 | AT7: 5.3315566e-06 | AU7: 0.006585403 | AV7: 0 | AW7: 0.01177508 | AX7: 0 | AY7: 0.0001993114 | AZ7: 2.3673634e-05 | BA7: 0.0001807516 | BB7: 0 | BC7: 1.4437861e-05 | BD7: 0.001118777 | BE7: 6.2425352e-05 | BF7: 0.0005895129 | BG7: 0.02658363 | BH7: 1.6405829e-05 | BI7: 2.9928478e-06 | BJ7: 8.6134094e-07 | BK7: 0.0001088603 | BL7: 0.0001566521 | BM7: 7.0717334e-07 | BN7: 1.5695138e-08 | BO7: 1.0329241e-05 | BP7: 0.001600364 | BQ7: 0.0003170303 | BR7: 0.002485543 | BS7: 3.8838833e-05 | BT7: 6.938506e-06 | BU7: 9.4239977e-06 | BV7: 1.831939
A8: 7 pfb | B8: 9.6524549e-05 | C8: 0.0001623172 | D8: 6.3086864e-06 | E8: 0.09904256 | F8: 0.02839494 | G8: 0.001392007 | H8: 0.00111517 | I8: 0.01413459 | J8: 0.5926112 | K8: 0.01152151 | L8: 0.2258984 | M8: 0.182651 | N8: 0.06251159 | O8: 2.2341271e-06 | P8: 5.3753458e-05 | Q8: 1.9801685e-06 | R8: 5.6052922e-06 | S8: 6.0978402e-07 | T8: 2.6434353e-05 | U8: 2.0444484e-05 | V8: 1.3235284e-05 | W8: 0.003057759 | X8: 0.0001808664 | Y8: 4.5852055e-05 | Z8: 0.005545742 | AA8: 0.04183614 | AB8: 0.06732963 | AC8: 0.002886639 | AD8: 4.888207e-05 | AE8: 8.7915732e-06 | AF8: 3.4041065e-14 | AG8: 8.3106197e-09 | AH8: 1.1120698e-05 | AI8: 1.4607275e-08 | AJ8: 1.15896e-07 | AK8: 1.6194111e-06 | AL8: 2.3280747e-07 | AM8: 1.449304e-07 | AN8: 4.3497211e-12 | AO8: 1.6470181e-14 | AP8: 2.6259023e-14 | AQ8: 4.3221696e-14 | AR8: 1.3673967e-15 | AS8: 1.5103141e-15 | AT8: 1.6989385e-05 | AU8: 0.0009072053 | AV8: 0 | AW8: 0.001622135 | AX8: 0 | AY8: 2.7457141e-05 | AZ8: 3.2612807e-06 | BA8: 2.4900351e-05 | BB8: 0 | BC8: 1.9889601e-06 | BD8: 0.0005096817 | BE8: 8.6411899e-05 | BF8: 9.6492462e-05 | BG8: 0.01800522 | BH8: 1.1624428e-05 | BI8: 1.0765891e-06 | BJ8: 7.4584977e-07 | BK8: 3.302153e-05 | BL8: 0.0001113118 | BM8: 3.3606182e-06 | BN8: 1.3741226e-07 | BO8: 3.8127014e-06 | BP8: 0.001137791 | BQ8: 0.000210831 | BR8: 0.0008075677 | BS8: 2.1019603e-05 | BT8: 4.0920527e-06 | BU8: 4.3026898e-06 | BV8: 1.364268
A9: 8 ocr | B9: 0.001027672 | C9: 0.0003338933 | D9: 1.4366597e-05 | E9: 1.05853 | F9: 0.3042846 | G9: 0.01492054 | H9: 0.01172064 | I9: 0.1573037 | J9: 6.370244 | K9: 0.1239882 | L9: 2.457197 | M9: 1.942333 | N9: 0.6697353 | O9: 2.0343982e-06 | P9: 0.0005789308 | Q9: 2.1525066e-05 | R9: 3.132084e-05 | S9: 2.2853726e-05 | T9: 0.0006019162 | U9: 0.0004664689 | V9: 2.8333749e-05 | W9: 0.03266327 | X9: 0.001937544 | Y9: 0.0004917755 | Z9: 0.06158848 | AA9: 0.4538071 | AB9: 0.002590363 | AC9: 0.005790363 | AD9: 0.0003941877 | AE9: 5.6574794e-05 | AF9: 1.5576273e-12 | AG9: 5.6831402e-07 | AH9: 0.0001193445 | AI9: 1.8993136e-07 | AJ9: 1.3036051e-06 | AK9: 1.9925143e-05 | AL9: 2.5909308e-06 | AM9: 3.705093e-05 | AN9: 4.6789326e-11 | AO9: 1.5798415e-13 | AP9: 1.7019293e-13 | AQ9: 4.0873999e-13 | AR9: 1.7454343e-13 | AS9: 1.2542643e-12 | AT9: 0.000212201 | AU9: 0.01777767 | AV9: 0 | AW9: 0.03178749 | AX9: 0 | AY9: 0.0005380524 | AZ9: 6.3908323e-05 | BA9: 0.0004879493 | BB9: 0 | BC9: 3.8975828e-05 | BD9: 0.006354273 | BE9: 0.006749115 | BF9: 0.00162281 | BG9: 0.1985169 | BH9: 0.002696034 | BI9: 1.3238478e-05 | BJ9: 3.7879231e-06 | BK9: 0.0002266892 | BL9: 0.001212027 | BM9: 4.0525974e-05 | BN9: 8.1307053e-06 | BO9: 2.5868954e-05 | BP9: 0.01218354 | BQ9: 0.002361736 | BR9: 0.005347357 | BS9: 0.0002047574 | BT9: 0.000924726 | BU9: 3.8679693e-05 | BV9: 13.96232
A10: 9 ctl | B10: 0.0001042754 | C10: 0.0004474736 | D10: 9.5765172e-05 | E10: 0.008876203 | F10: 0.00867605 | G10: 0.0002594347 | H10: 0.0001512385 | I10: 0.01512577 | J10: 4.319543 | K10: 0.0005247705 | L10: 0.008987948 | M10: 0.007119433 | N10: 0.0001555928 | O10: 7.0181384e-05 | P10: 8.9547837e-05 | Q10: 3.6483366e-06 | R10: 6.6514272e-05 | S10: 1.1797709e-05 | T10: 281.7186 | U10: 0.4761484 | V10: 0.01298172 | W10: 0.003238321 | X10: 0.03134134 | Y10: 0.007953695 | Z10: 0.9430505 | AA10: 0.0009796183 | AB10: 0.0005003882 | AC10: 0.000795587 | AD10: 0.00535099 | AE10: 1.4398886e-05 | AF10: 5.1540315e-13 | AG10: 2.0391795e-07 | AH10: 1.586553e-06 | AI10: 1.8594388e-08 | AJ10: 4.7046651e-08 | AK10: 1.4928266e-05 | AL10: 2.2265624e-08 | AM10: 2.7858289e-06 | AN10: 3.0099062e-13 | AO10: 9.5124924e-14 | AP10: 7.2095087e-14 | AQ10: 1.3149555e-13 | AR10: 6.334689e-14 | AS10: 2.4910954e-13 | AT10: 8.2382707e-05 | AU10: 0.01732199 | AV10: 0 | AW10: 0.03097272 | AX10: 0 | AY10: 0.0005242611 | AZ10: 6.2270236e-05 | BA10: 0.0004754423 | BB10: 0 | BC10: 3.7976806e-05 | BD10: 0.005165059 | BE10: 0.003834344 | BF10: 0.002375095 | BG10: 0.1093919 | BH10: 0.0001876896 | BI10: 7.8332523e-05 | BJ10: 3.137442e-05 | BK10: 0.003684829 | BL10: 0.0009329614 | BM10: 4.0961459e-05 | BN10: 1.4331081e-06 | BO10: 7.7901801e-05 | BP10: 0.01021749 | BQ10: 0.001667999 | BR10: 0.08957508 | BS10: 0.0009306577 | BT10: 0.0002503911 | BU10: 0.0004265461 | BV10: 287.8497
A11: 10 oap | B11: 2.4495182e-06 | C11: 0.0001794889 | D11: 7.7157001e-06 | E11: 0.0009034011 | F11: 0.0004881464 | G11: 1.7851276e-05 | H11: 1.8114e-05 | I11: 0.0002221706 | J11: 0.05873449 | K11: 0.001698686 | L11: 0.02286722 | M11: 0.01871471 | N11: 0.000112717 | O11: 4.2910611e-05 | P11: 0.008307176 | Q11: 2.4138324e-06 | R11: 4.491705e-07 | S11: 0.003804625 | T11: 0.1130518 | U11: 0.3010068 | V11: 4.6731125e-06 | W11: 0.001021916 | X11: 0.007760528 | Y11: 0.001967333 | Z11: 0.234487 | AA11: 0.0006737466 | AB11: 0.01584036 | AC11: 0.5804361 | AD11: 0.909247 | AE11: 7.3011702e-06 | AF11: 2.6112635e-13 | AG11: 1.3145517e-07 | AH11: 2.0023983e-06 | AI11: 1.8666061e-08 | AJ11: 3.3188336e-08 | AK11: 1.6068963e-05 | AL11: 1.3317594e-06 | AM11: 0.001164059 | AN11: 1.8840655e-13 | AO11: 4.2661824e-14 | AP11: 1.8885892e-14 | AQ11: 3.6908356e-14 | AR11: 3.2644738e-14 | AS11: 9.5677494e-14 | AT11: 0.001626499 | AU11: 0.0004261145 | AV11: 0 | AW11: 0.0007619172 | AX11: 0 | AY11: 1.2896626e-05 | AZ11: 1.5318243e-06 | BA11: 1.16957e-05 | BB11: 0 | BC11: 9.3421505e-07 | BD11: 0.001250534 | BE11: 0.002991713 | BF11: 0.004175013 | BG11: 1.688444 | BH11: 0.0002707708 | BI11: 0.0004230231 | BJ11: 5.2940236e-06 | BK11: 0.001613194 | BL11: 3.036879e-05 | BM11: 2.6793712e-05 | BN11: 1.0315006e-06 | BO11: 0.0001237733 | BP11: 0.0008100279 | BQ11: 0.004843482 | BR11: 0.03994257 | BS11: 0.0004792355 | BT11: 0.0003497826 | BU11: 0.0001355306 | BV11: 4.03157
A12: 11 rmk | B12: 6.1782025e-06 | C12: 0.000528697 | D12: 2.9058905e-05 | E12: 0.002555483 | F12: 0.002179207 | G12: 6.9495698e-05 | H12: 6.8563771e-05 | I12: 0.0005850986 | J12: 0.01743519 | K12: 3.880959e-05 | L12: 0.9292678 | M12: 0.0004152606 | N12: 0.000181002 | O12: 1.3730384e-05 | P12: 0.0005208335 | Q12: 1.1515889e-05 | R12: 0.003217884 | S12: 6.8748508e-05 | T12: 0.01409639 | U12: 0.007023936 | V12: 4.1886993e-05 | W12: 62.38657 | X12: 0.0004549951 | Y12: 0.000115053 | Z12: 0.0184448 | AA12: 0.3160996 | AB12: 0.0006415895 | AC12: 0.001207901 | AD12: 0.001566815 | AE12: 7.9396479e-05 | AF12: 4.7137468e-13 | AG12: 7.3591417e-07 | AH12: 1.006412e-06 | AI12: 4.2197552e-08 | AJ12: 7.0188446e-09 | AK12: 3.7996182e-05 | AL12: 9.4589183e-08 | AM12: 2.2712964e-05 | AN12: 5.9314728e-13 | AO12: 2.5236569e-14 | AP12: 2.944191e-14 | AQ12: 8.1227498e-14 | AR12: 1.111686e-12 | AS12: 2.6309087e-12 | AT12: 4.520045e-05 | AU12: 0.8352994 | AV12: 0 | AW12: 1.493563 | AX12: 0 | AY12: 0.02528086 | AZ12: 0.003002789 | BA12: 0.02292673 | BB12: 0 | BC12: 0.001831313 | BD12: 0.364558 | BE12: 0.0005075872 | BF12: 0.002352128 | BG12: 0.5084676 | BH12: 0.0005556514 | BI12: 0.0001761634 | BJ12: 5.5717243e-05 | BK12: 0.006065198 | BL12: 0.0002581093 | BM12: 0.0002998009 | BN12: 1.7232969e-06 | BO12: 0.0006772048 | BP12: 0.003282668 | BQ12: 0.003517851 | BR12: 0.1607586 | BS12: 0.09332805 | BT12: 0.03696736 | BU12: 0.0002557932 | BV12: 67.26764
A13: 12 wol | B13: 7.1067518e-08 | C13: 1.3555657e-05 | D13: 5.2619225e-07 | E13: 4.2608746e-05 | F13: 5.1967622e-06 | G13: 1.6199765e-06 | H13: 6.4328952e-07 | I13: 1.9325056e-05 | J13: 0.4320759 | K13: 0.008415198 | L13: 0.1650708 | M13: 0.3719839 | N13: 4.0632503e-06 | O13: 3.6451829e-06 | P13: 2.2970203e-06 | Q13: 5.5288496e-08 | R13: 1.4572146e-09 | S13: 1.9525875e-07 | T13: 5.6127818e-05 | U13: 9.2320581e-05 | V13: 2.3070854e-07 | W13: 1.5713107e-05 | X13: 3.203948e-08 | Y13: 4.6752085e-08 | Z13: 3.8805556e-05 | AA13: 1.2204936e-05 | AB13: 3.857111 | AC13: 1.426018 | AD13: 0.0744368 | AE13: 0.0003232987 | AF13: 2.108502e-15 | AG13: 2.0948796e-09 | AH13: 8.0946129e-06 | AI13: 1.044518e-09 | AJ13: 3.0747717e-05 | AK13: 0.0006952303 | AL13: 2.5258681e-10 | AM13: 3.6089755e-08 | AN13: 3.1067934e-15 | AO13: 4.3113558e-15 | AP13: 4.8007905e-15 | AQ13: 7.7009652e-15 | AR13: 1.4954571e-16 | AS13: 3.2537254e-16 | AT13: 0.003846836 | AU13: 1.1544108e-05 | AV13: 0 | AW13: 2.0641526e-05 | AX13: 0 | AY13: 3.4938975e-07 | AZ13: 4.1499511e-08 | BA13: 3.1685479e-07 | BB13: 0 | BC13: 2.5309346e-08 | BD13: 9.4015755e-05 | BE13: 0.0002355884 | BF13: 5.1847561e-05 | BG13: 0.002376571 | BH13: 3.2294643e-05 | BI13: 6.6833973e-06 | BJ13: 0.002636366 | BK13: 5.1046867e-05 | BL13: 0.0004848898 | BM13: 6.9122081e-07 | BN13: 2.5546219e-08 | BO13: 0.001216841 | BP13: 2.7958209e-05 | BQ13: 0.002472161 | BR13: 0.001418861 | BS13: 2.5214196e-05 | BT13: 4.35744e-05 | BU13: 0.001680445 | BV13: 6.353213
... A74: Total | B74: 0.02123812 | C74: 12.45748 | D74: 0.3074148 | E74: 42.67514 | F74: 10.47765 | G74: 0.6164251 | H74: 0.5218507 | I74: 6.937309 | J74: 104.6996 | K74: 1.995152 | L74: 39.19263 | M74: 31.35292 | N74: 3.975908 | O74: 0.08462766 | P74: 920.3947 | Q74: 102.1719 | R74: 0.6341798 | S74: 682.2064 | T74: 318.4239 | U74: 13.04316 | V74: 0.2724119 | W74: 77.0215 | X74: 0.08566386 | Y74: 0.02187444 | Z74: 68.40991 | AA74: 73.42737 | AB74: 76.8087 | AC74: 52.96458 | AD74: 10.99061 | AE74: 22.85297 | AF74: 15.28781 | AG74: 5.991112 | AH74: 81.38931 | AI74: 14.07548 | AJ74: 26.98134 | AK74: 65.6061 | AL74: 69.24084 | AM74: 296.9747 | AN74: 27.30677 | AO74: 3.554974 | AP74: 2.928604 | AQ74: 5.619669 | AR74: 3.078635 | AS74: 5.384138 | AT74: 59.14578 | AU74: 255.816 | AV74: 0 | AW74: 735.5734 | AX74: 0 | AY74: 8.255378 | AZ74: 1.182436 | BA74: 9.555556 | BB74: 0 | BC74: 0.6028461 | BD74: 210.7586 | BE74: 839.9393 | BF74: 504.177 | BG74: 286.2186 | BH74: 175.6865 | BI74: 17.24648 | BJ74: 95.75783 | BK74: 59.64551 | BL74: 152.1477 | BM74: 139.6771 | BN74: 5.973038 | BO74: 78.22846 | BP74: 226.9231 | BQ74: 84.45512 | BR74: 221.1326 | BS74: 153.5532 | BT74: 79.02735 | BU74: 55.50568 | BV74: 7754.649
A76: VDFB | B76: 1 a_pdr | C76: 2 a_wht | D76: 3 a_gro | E76: 4 a_v_f | F76: 5 a_osd | G76: 6 a_c_b | H76: 7 a_pfb | I76: 8 a_ocr | J76: 9 a_ctl | K76: 10 a_oap | L76: 11 a_rmk | M76: 12 a_wol | N76: 13 a_frs | O76: 14 a_fsh | P76: 15 a_coa | Q76: 16 a_oil | R76: 17 a_gas | S76: 18 a_oxt | T76: 19 a_cmt | U76: 20 a_omt | V76: 21 a_vol | W76: 22 a_mil | X76: 23 a_pcr | Y76: 24 a_sgr | Z76: 25 a_ofd | AA76: 26 a_b_t | AB76: 27 a_tex | AC76: 28 a_wap | AD76: 29 a_lea | AE76: 30 a_lum | AF76: 31 a_ppp | AG76: 32 a_p_c | AH76: 33 a_chm | AI76: 34 a_bph | AJ76: 35 a_rpp | AK76: 36 a_nmm | AL76: 37 a_i_s | AM76: 38 a_nfm | AN76: 39 a_fmp | AO76: 40 a_ele | AP76: 41 a_eeq | AQ76: 42 a_ome | AR76: 43 a_mvh | AS76: 44 a_otn | AT76: 45 a_omf | AU76: 46 a_TnD | AV76: 47 a_eNuclear | AW76: 48 a_eCoal | AX76: 49 a_eGas | AY76: 50 a_eWind | AZ76: 51 a_eHydro | BA76: 52 a_eOil | BB76: 53 a_eOther | BC76: 54 a_eSolar | BD76: 55 a_wtr | BE76: 56 a_cns | BF76: 57 a_trd | BG76: 58 a_afs | BH76: 59 a_otp | BI76: 60 a_wtp | BJ76: 61 a_atp | BK76: 62 a_whs | BL76: 63 a_cmn | BM76: 64 a_ofi | BN76: 65 a_ins | BO76: 66 a_rsa | BP76: 67 a_obs | BQ76: 68 a_ros | BR76: 69 a_osg | BS76: 70 a_edu | BT76: 71 a_hht | BU76: 72 a_dwe
A77: 1 pdr | B77: =B2 -> 0.000190845 | C77: =C2 -> 0.0005288834 | D77: =D2 -> 1.3462631e-05 | E77: =E2 -> 0.01150398 | F77: =F2 -> 0.003534865 | G77: =G2 -> 0.0001880274 | H77: =H2 -> 0.0001993374 | I77: =I2 -> 0.002918084 | ... AU77: =AU2 -> 0.0001629688 | AV77: =$AV$149*'VDFB_ref(한국)'!BX2 -> 3.3802621e-07 | AW77: =AW2 -> 0.0002913975 | AX77: =$AX$149*'VDFB_ref(한국)'!BY2 -> 1.4441505e-07 | AY77: =AY2 -> 4.9323535e-06 | AZ77: =AZ2 -> 5.8585084e-07 | BA77: =BA2 -> 4.4730559e-06 | BB77: =$BB$149*'VDFB_ref(한국)'!CA2 -> 1.4711856e-07 | BC77: =BC2 -> 3.5729337e-07 | BD77: =BD2 -> 2.3145742e-05 | BE77: =BE2 -> 0.0001223473 | BF77: =BF2 -> 0.002265458 | BG77: =BG2 -> 0.03246836 | BH77: =BH2 -> 8.4775893e-05 | BI77: =BI2 -> 1.2069652e-05 | BJ77: =BJ2 -> 8.7345978e-07 | ... BU77: =BU2 -> 0.0007983036
A78: 2 wht | B78: =B3 -> 0.004981538 | C78: =C3 -> 7.696647 | D78: =D3 -> 8.5388005e-05 | E78: =E3 -> 1.086949 | F78: =F3 -> 0.3349272 | G78: =G3 -> 0.02131265 | H78: =H3 -> 0.01677269 | I78: =I3 -> 0.2165446 | ... AU78: =AU3 -> 0.0001863255 | AV78: =$AV$149*'VDFB_ref(한국)'!BX3 -> 2.5017824e-08 | AW78: =AW3 -> 0.0003331606 | AX78: =$AX$149*'VDFB_ref(한국)'!BY3 -> 1.0668215e-08 | AY78: =AY3 -> 5.6392582e-06 | AZ78: =AZ3 -> 6.6981494e-07 | BA78: =BA3 -> 5.1141342e-06 | BB78: =$BB$149*'VDFB_ref(한국)'!CA3 -> 1.0873667e-08 | BC78: =BC3 -> 4.0850065e-07 | BD78: =BD3 -> 4.5658858e-06 | BE78: =BE3 -> 0.0003173955 | BF78: =BF3 -> 0.1769312 | BG78: =BG3 -> 0.009006065 | BH78: =BH3 -> 2.754737e-05 | BI78: =BI3 -> 3.5263092e-06 | BJ78: =BJ3 -> 3.8766711e-06 | ... BU78: =BU3 -> 0.2632055
A79: 3 gro | B79: =B4 -> 0.000696376 | C79: =C4 -> 0.0007751722 | D79: =D4 -> 0.0003430803 | E79: =E4 -> 0.1486935 | F79: =F4 -> 0.04582307 | G79: =G4 -> 0.002918806 | H79: =H4 -> 0.002295504 | I79: =I4 -> 0.02956285 | ... AU79: =AU4 -> 5.3267111e-05 | AV79: =$AV$149*'VDFB_ref(한국)'!BX4 -> 1.0090903e-08 | AW79: =AW4 -> 9.5244643e-05 | AX79: =$AX$149*'VDFB_ref(한국)'!BY4 -> 4.3093283e-09 | AY79: =AY4 -> 1.6121628e-06 | AZ79: =AZ4 -> 1.9148808e-07 | BA79: =BA4 -> 1.4620393e-06 | BB79: =$BB$149*'VDFB_ref(한국)'!CA4 -> 4.3926735e-09 | BC79: =BC4 -> 1.1678301e-07 | BD79: =BD4 -> 2.9096454e-05 | BE79: =BE4 -> 0.0001206451 | BF79: =BF4 -> 0.02436353 | BG79: =BG4 -> 0.004875917 | BH79: =BH4 -> 1.879714e-05 | BI79: =BI4 -> 4.0747414e-06 | BJ79: =BJ4 -> 1.1308109e-05 | ... BU79: =BU4 -> 0.02970495
A80: 4 v_f | B80: =B5 -> 3.034746e-06 | C80: =C5 -> 0.0001631736 | D80: =D5 -> 7.2493449e-06 | E80: =E5 -> 2.090952 | F80: =F5 -> 7.6585195e-05 | G80: =G5 -> 6.1889732e-06 | H80: =H5 -> 2.3261524e-05 | I80: =I5 -> 0.0001539219 | ... AU80: =AU5 -> 0.001877347 | AV80: =$AV$149*'VDFB_ref(한국)'!BX5 -> 7.0316078e-06 | AW80: =AW5 -> 0.003356804 | AX80: =$AX$149*'VDFB_ref(한국)'!BY5 -> 3.0043376e-06 | AY80: =AY5 -> 5.6819095e-05 | AZ80: =AZ5 -> 6.7488095e-06 | BA80: =BA5 -> 5.1528139e-05 | BB80: =$BB$149*'VDFB_ref(한국)'!CA5 -> 3.0603972e-06 | BC80: =BC5 -> 4.1159024e-06 | BD80: =BD5 -> 0.006590255 | BE80: =BE5 -> 0.004713135 | BF80: =BF5 -> 0.04284794 | BG80: =BG5 -> 5.220141 | BH80: =BH5 -> 0.009356269 | BI80: =BI5 -> 0.001118095 | BJ80: =BJ5 -> 0.0007185877 | ... BU80: =BU5 -> 0.0003411332
A81: 5 osd | B81: =B6 -> 1.229829e-06 | C81: =C6 -> 8.9399939e-05 | D81: =D6 -> 5.9467698e-06 | E81: =E6 -> 0.0003439272 | F81: =F6 -> 0.02826308 | G81: =G6 -> 1.8637297e-06 | H81: =H6 -> 2.0988107e-05 | I81: =I6 -> 6.4720116e-05 | ... AU81: =AU6 -> 0.0006381511 | AV81: =$AV$149*'VDFB_ref(한국)'!BX6 -> 3.6400363e-06 | AW81: =AW6 -> 0.001141051 | AX81: =$AX$149*'VDFB_ref(한국)'!BY6 -> 1.5552471e-06 | AY81: =AY6 -> 1.9314048e-05 | AZ81: =AZ6 -> 2.2940674e-06 | BA81: =BA6 -> 1.7515536e-05 | BB81: =$BB$149*'VDFB_ref(한국)'!CA6 -> 1.5842429e-06 | BC81: =BC6 -> 1.3990849e-06 | BD81: =BD6 -> 2.7091223e-06 | BE81: =BE6 -> 3.0017234e-05 | BF81: =BF6 -> 0.0008556191 | BG81: =BG6 -> 0.002669551 | BH81: =BH6 -> 2.3490675e-06 | BI81: =BI6 -> 4.3556881e-07 | BJ81: =BJ6 -> 1.4944517e-07 | ... BU81: =BU6 -> 2.8012657e-06
A82: 6 c_b | B82: =B7 -> 0.0001332358 | C82: =C7 -> 4.3474454e-05 | D82: =D7 -> 1.5094032e-06 | E82: =E7 -> 0.137945 | F82: =F7 -> 0.03966043 | G82: =G7 -> 0.002328348 | H82: =H7 -> 0.001526826 | I82: =I7 -> 0.01972294 | ... AU82: =AU7 -> 0.006585403 | AV82: =$AV$149*'VDFB_ref(한국)'!BX7 -> 1.6024354e-06 | AW82: =AW7 -> 0.01177508 | AX82: =$AX$149*'VDFB_ref(한국)'!BY7 -> 6.8465768e-07 | AY82: =AY7 -> 0.0001993114 | AZ82: =AZ7 -> 2.3673634e-05 | BA82: =BA7 -> 0.0001807516 | BB82: =$BB$149*'VDFB_ref(한국)'!CA7 -> 6.9742694e-07 | BC82: =BC7 -> 1.4437861e-05 | BD82: =BD7 -> 0.001118777 | BE82: =BE7 -> 6.2425352e-05 | BF82: =BF7 -> 0.0005895129 | BG82: =BG7 -> 0.02658363 | BH82: =BH7 -> 1.6405829e-05 | BI82: =BI7 -> 2.9928478e-06 | BJ82: =BJ7 -> 8.6134094e-07 | ... BU82: =BU7 -> 9.4239977e-06
A83: 7 pfb | B83: =B8 -> 9.6524549e-05 | C83: =C8 -> 0.0001623172 | D83: =D8 -> 6.3086864e-06 | E83: =E8 -> 0.09904256 | F83: =F8 -> 0.02839494 | G83: =G8 -> 0.001392007 | H83: =H8 -> 0.00111517 | I83: =I8 -> 0.01413459 | ... AU83: =AU8 -> 0.0009072053 | AV83: =$AV$149*'VDFB_ref(한국)'!BX8 -> 1.0585929e-08 | AW83: =AW8 -> 0.001622135 | AX83: =$AX$149*'VDFB_ref(한국)'!BY8 -> 4.5195395e-09 | AY83: =AY8 -> 2.7457141e-05 | AZ83: =AZ8 -> 3.2612807e-06 | BA83: =BA8 -> 2.4900351e-05 | BB83: =$BB$149*'VDFB_ref(한국)'!CA8 -> 4.6087066e-09 | BC83: =BC8 -> 1.9889601e-06 | BD83: =BD8 -> 0.0005096817 | BE83: =BE8 -> 8.6411899e-05 | BF83: =BF8 -> 9.6492462e-05 | BG83: =BG8 -> 0.01800522 | BH83: =BH8 -> 1.1624428e-05 | BI83: =BI8 -> 1.0765891e-06 | BJ83: =BJ8 -> 7.4584977e-07 | ... BU83: =BU8 -> 4.3026898e-06
A84: 8 ocr | B84: =B9 -> 0.001027672 | C84: =C9 -> 0.0003338933 | D84: =D9 -> 1.4366597e-05 | E84: =E9 -> 1.05853 | F84: =F9 -> 0.3042846 | G84: =G9 -> 0.01492054 | H84: =H9 -> 0.01172064 | I84: =I9 -> 0.1573037 | ... AU84: =AU9 -> 0.01777767 | AV84: =$AV$149*'VDFB_ref(한국)'!BX9 -> 6.4034586e-06 | AW84: =AW9 -> 0.03178749 | AX84: =$AX$149*'VDFB_ref(한국)'!BY9 -> 2.735898e-06 | AY84: =AY9 -> 0.0005380524 | AZ84: =AZ9 -> 6.3908323e-05 | BA84: =BA9 -> 0.0004879493 | BB84: =$BB$149*'VDFB_ref(한국)'!CA9 -> 2.7868993e-06 | BC84: =BC9 -> 3.8975828e-05 | BD84: =BD9 -> 0.006354273 | BE84: =BE9 -> 0.006749115 | BF84: =BF9 -> 0.00162281 | BG84: =BG9 -> 0.1985169 | BH84: =BH9 -> 0.002696034 | BI84: =BI9 -> 1.3238478e-05 | BJ84: =BJ9 -> 3.7879231e-06 | ... BU84: =BU9 -> 3.8679693e-05
A85: 9 ctl | B85: =B10 -> 0.0001042754 | C85: =C10 -> 0.0004474736 | D85: =D10 -> 9.5765172e-05 | E85: =E10 -> 0.008876203 | F85: =F10 -> 0.00867605 | G85: =G10 -> 0.0002594347 | H85: =H10 -> 0.0001512385 | I85: =I10 -> 0.01512577 | ... AU85: =AU10 -> 0.01732199 | AV85: =$AV$149*'VDFB_ref(한국)'!BX10 -> 2.1069044e-07 | AW85: =AW10 -> 0.03097272 | AX85: =$AX$149*'VDFB_ref(한국)'!BY10 -> 9.002292e-08 | AY85: =AY10 -> 0.0005242611 | AZ85: =AZ10 -> 6.2270236e-05 | BA85: =BA10 -> 0.0004754423 | BB85: =$BB$149*'VDFB_ref(한국)'!CA10 -> 9.1670056e-08 | BC85: =BC10 -> 3.7976806e-05 | BD85: =BD10 -> 0.005165059 | BE85: =BE10 -> 0.003834344 | BF85: =BF10 -> 0.002375095 | BG85: =BG10 -> 0.1093919 | BH85: =BH10 -> 0.0001876896 | BI85: =BI10 -> 7.8332523e-05 | BJ85: =BJ10 -> 3.137442e-05 | ... BU85: =BU10 -> 0.0004265461
A86: 10 oap | B86: =B11 -> 2.4495182e-06 | C86: =C11 -> 0.0001794889 | D86: =D11 -> 7.7157001e-06 | E86: =E11 -> 0.0009034011 | F86: =F11 -> 0.0004881464 | G86: =G11 -> 1.7851276e-05 | H86: =H11 -> 1.8114e-05 | I86: =I11 -> 0.0002221706 | ... AU86: =AU11 -> 0.0004261145 | AV86: =$AV$149*'VDFB_ref(한국)'!BX11 -> 3.4693667e-07 | AW86: =AW11 -> 0.0007619172 | AX86: =$AX$149*'VDFB_ref(한국)'!BY11 -> 1.482514e-07 | AY86: =AY11 -> 1.2896626e-05 | AZ86: =AZ11 -> 1.5318243e-06 | BA86: =BA11 -> 1.16957e-05 | BB86: =$BB$149*'VDFB_ref(한국)'!CA11 -> 1.5100715e-07 | BC86: =BC11 -> 9.3421505e-07 | BD86: =BD11 -> 0.001250534 | BE86: =BE11 -> 0.002991713 | BF86: =BF11 -> 0.004175013 | BG86: =BG11 -> 1.688444 | BH86: =BH11 -> 0.0002707708 | BI86: =BI11 -> 0.0004230231 | BJ86: =BJ11 -> 5.2940236e-06 | ... BU86: =BU11 -> 0.0001355306
A87: 11 rmk | B87: =B12 -> 6.1782025e-06 | C87: =C12 -> 0.000528697 | D87: =D12 -> 2.9058905e-05 | E87: =E12 -> 0.002555483 | F87: =F12 -> 0.002179207 | G87: =G12 -> 6.9495698e-05 | H87: =H12 -> 6.8563771e-05 | I87: =I12 -> 0.0005850986 | ... AU87: =AU12 -> 0.8352994 | AV87: =$AV$149*'VDFB_ref(한국)'!BX12 -> 4.1780147e-07 | AW87: =AW12 -> 1.493563 | AX87: =$AX$149*'VDFB_ref(한국)'!BY12 -> 1.7852181e-07 | AY87: =AY12 -> 0.02528086 | AZ87: =AZ12 -> 0.003002789 | BA87: =BA12 -> 0.02292673 | BB87: =$BB$149*'VDFB_ref(한국)'!CA12 -> 1.8182788e-07 | BC87: =BC12 -> 0.001831313 | BD87: =BD12 -> 0.364558 | BE87: =BE12 -> 0.0005075872 | BF87: =BF12 -> 0.002352128 | BG87: =BG12 -> 0.5084676 | BH87: =BH12 -> 0.0005556514 | BI87: =BI12 -> 0.0001761634 | BJ87: =BJ12 -> 5.5717243e-05 | ... BU87: =BU12 -> 0.0002557932
A88: 12 wol | B88: =B13 -> 7.1067518e-08 | C88: =C13 -> 1.3555657e-05 | D88: =D13 -> 5.2619225e-07 | E88: =E13 -> 4.2608746e-05 | F88: =F13 -> 5.1967622e-06 | G88: =G13 -> 1.6199765e-06 | H88: =H13 -> 6.4328952e-07 | I88: =I13 -> 1.9325056e-05 | ... AU88: =AU13 -> 1.1544108e-05 | AV88: =$AV$149*'VDFB_ref(한국)'!BX13 -> 4.0744401e-09 | AW88: =AW13 -> 2.0641526e-05 | AX88: =$AX$149*'VDFB_ref(한국)'!BY13 -> 1.7342419e-09 | AY88: =AY13 -> 3.4938975e-07 | AZ88: =AZ13 -> 4.1499511e-08 | BA88: =BA13 -> 3.1685479e-07 | BB88: =$BB$149*'VDFB_ref(한국)'!CA13 -> 1.800276e-09 | BC88: =BC13 -> 2.5309346e-08 | BD88: =BD13 -> 9.4015755e-05 | BE88: =BE13 -> 0.0002355884 | BF88: =BF13 -> 5.1847561e-05 | BG88: =BG13 -> 0.002376571 | BH88: =BH13 -> 3.2294643e-05 | BI88: =BI13 -> 6.6833973e-06 | BJ88: =BJ13 -> 0.002636366 | ... BU88: =BU13 -> 0.001680445
... A122: 46 TnD | B122: =B47 -> 0.0004779138 | C122: =C47 -> 0.1032178 | D122: =D47 -> 0.006685017 | E122: =E47 -> 2.644894 | F122: =F47 -> 0.6260824 | G122: =G47 -> 0.0313084 | H122: =H47 -> 0.03223184 | I122: =I47 -> 0.5299959 | ... AU122: =AU47 -> 8.229248 | AV122: =$AV$149*'VDFB_ref(한국)'!BX47 -> 0.0038649214 | AW122: =AW47 -> 34.085 | AX122: =$AX$149*'VDFB_ref(한국)'!BY47 -> 0.0046152978 | AY122: =AY47 -> 0.4828626 | AZ122: =AZ47 -> 0.1131505 | BA122: =BA47 -> 0.4267246 | BB122: =$BB$149*'VDFB_ref(한국)'!CA47 -> 0.0009254769 | BC122: =BC47 -> 0.03631485 | BD122: =BD47 -> 41.97773 | BE122: =BE47 -> 3.949364 | BF122: =BF47 -> 49.87807 | BG122: =BG47 -> 10.24439 | BH122: =BH47 -> 5.624539 | BI122: =BI47 -> 0.05028055 | BJ122: =BJ47 -> 0.4916779 | ... BU122: =BU47 -> 0.0001053119
A123: 47 eNuclear | B123: =$BW$123*'VDFB_ref(한국)'!B76 -> 0.00019407552 | C123: =$BW$123*'VDFB_ref(한국)'!C76 -> 2.2142877e-05 | D123: =$BW$123*'VDFB_ref(한국)'!D76 -> 1.9224849e-05 | E123: =$BW$123*'VDFB_ref(한국)'!E76 -> 0.00053130637 | F123: =$BW$123*'VDFB_ref(한국)'!F76 -> 5.0242256e-05 | G123: =$BW$123*'VDFB_ref(한국)'!G76 -> 2.9599125e-07 | H123: =$BW$123*'VDFB_ref(한국)'!H76 -> 5.5033746e-06 | I123: =$BW$123*'VDFB_ref(한국)'!I76 -> 4.6058225e-05 | ... AU123: =$BW$123*'VDFB_ref(한국)'!AU76 -> 0.0011324194 | AV123: =$AV$149*'VDFB_ref(한국)'!BX48 -> 0.0014575466 | AW123: =$BW$123*'VDFB_ref(한국)'!AW76 -> 0.0010412701 | AX123: =$AX$149*'VDFB_ref(한국)'!BY48 -> 0.0017405299 | AY123: =$BW$123*'VDFB_ref(한국)'!AY76 -> 9.9779978e-06 | AZ123: =$BW$123*'VDFB_ref(한국)'!AZ76 -> 1.3822539e-05 | BA123: =$BW$123*'VDFB_ref(한국)'!BA76 -> 6.9720053e-05 | BB123: =$BB$149*'VDFB_ref(한국)'!CA48 -> 0.00034901764 | BC123: =$BW$123*'VDFB_ref(한국)'!BC76 -> 3.5305657e-05 | BD123: =$BW$123*'VDFB_ref(한국)'!BD76 -> 0.00097214065 | BE123: =$BW$123*'VDFB_ref(한국)'!BE76 -> 2.4205324e-05 | BF123: =$BW$123*'VDFB_ref(한국)'!BF76 -> 0.0037270812 | BG123: =$BW$123*'VDFB_ref(한국)'!BG76 -> 0.0013424691 | BH123: =$BW$123*'VDFB_ref(한국)'!BH76 -> 0.0012481518 | BI123: =$BW$123*'VDFB_ref(한국)'!BI76 -> 0.00010442503 | BJ123: =$BW$123*'VDFB_ref(한국)'!BJ76 -> 6.1951926e-05 | ... BU123: =$BW$123*'VDFB_ref(한국)'!BU76 -> 2.9489097e-07 | BV123: =SUM(B123:BU123) -> 0.082428568 | BW123: 0.08
A124: 48 eCoal | B124: =B49 -> 0.001165578 | C124: =C49 -> 0.2517366 | D124: =D49 -> 0.01630401 | E124: =E49 -> 6.4506 | F124: =F49 -> 1.526945 | G124: =G49 -> 0.07635767 | H124: =H49 -> 0.07860985 | I124: =I49 -> 1.292601 | ... AU124: =AU49 -> 20.07021 | AV124: =$AV$149*'VDFB_ref(한국)'!BX49 -> 0.0037793291 | AW124: =AW49 -> 83.12948 | AX124: =$AX$149*'VDFB_ref(한국)'!BY49 -> 0.0045130878 | AY124: =AY49 -> 1.177648 | AZ124: =AZ49 -> 0.2759615 | BA124: =BA49 -> 1.040733 | BB124: =$BB$149*'VDFB_ref(한국)'!CA49 -> 0.00090498141 | BC124: =BC49 -> 0.08856784 | BD124: =BD49 -> 102.379 | BE124: =BE49 -> 9.632056 | BF124: =BF49 -> 121.647 | BG124: =BG49 -> 24.98492 | BH124: =BH49 -> 13.71762 | BI124: =BI49 -> 0.1226286 | BJ124: =BJ49 -> 1.199147 | ... BU124: =BU49 -> 0.000256844
A125: 49 eGas | B125: ='VDFB_ref(한국)'!B77*VDFB_MNG!$BW$125 -> 0.00019407553 | C125: ='VDFB_ref(한국)'!C77*VDFB_MNG!$BW$125 -> 2.2142886e-05 | D125: ='VDFB_ref(한국)'!D77*VDFB_MNG!$BW$125 -> 1.9224843e-05 | E125: ='VDFB_ref(한국)'!E77*VDFB_MNG!$BW$125 -> 0.00053130633 | F125: ='VDFB_ref(한국)'!F77*VDFB_MNG!$BW$125 -> 5.0242256e-05 | G125: ='VDFB_ref(한국)'!G77*VDFB_MNG!$BW$125 -> 2.9599263e-07 | H125: ='VDFB_ref(한국)'!H77*VDFB_MNG!$BW$125 -> 5.5033774e-06 | I125: ='VDFB_ref(한국)'!I77*VDFB_MNG!$BW$125 -> 4.6058231e-05 | ... AU125: ='VDFB_ref(한국)'!AU77*VDFB_MNG!$BW$125 -> 0.0011324194 | AV125: =$AV$149*'VDFB_ref(한국)'!BX50 -> 0.0029835647 | AW125: ='VDFB_ref(한국)'!AW77*VDFB_MNG!$BW$125 -> 0.00104127 | AX125: =$AX$149*'VDFB_ref(한국)'!BY50 -> 0.0035628247 | AY125: ='VDFB_ref(한국)'!AY77*VDFB_MNG!$BW$125 -> 9.9779977e-06 | AZ125: ='VDFB_ref(한국)'!AZ77*VDFB_MNG!$BW$125 -> 1.3822541e-05 | BA125: ='VDFB_ref(한국)'!BA77*VDFB_MNG!$BW$125 -> 6.9720062e-05 | BB125: =$BB$149*'VDFB_ref(한국)'!CA50 -> 0.00071443105 | BC125: ='VDFB_ref(한국)'!BC77*VDFB_MNG!$BW$125 -> 3.5305665e-05 | BD125: ='VDFB_ref(한국)'!BD77*VDFB_MNG!$BW$125 -> 0.00097214072 | BE125: ='VDFB_ref(한국)'!BE77*VDFB_MNG!$BW$125 -> 2.4205317e-05 | BF125: ='VDFB_ref(한국)'!BF77*VDFB_MNG!$BW$125 -> 0.0037270812 | BG125: ='VDFB_ref(한국)'!BG77*VDFB_MNG!$BW$125 -> 0.0013424692 | BH125: ='VDFB_ref(한국)'!BH77*VDFB_MNG!$BW$125 -> 0.0012481518 | BI125: ='VDFB_ref(한국)'!BI77*VDFB_MNG!$BW$125 -> 0.00010442503 | BJ125: ='VDFB_ref(한국)'!BJ77*VDFB_MNG!$BW$125 -> 6.1951918e-05 | ... BU125: ='VDFB_ref(한국)'!BU77*VDFB_MNG!$BW$125 -> 2.9488177e-07 | BV125: =SUM(B125:BU125) -> 0.086142294 | BW125: 0.08
A126: 50 eWind | B126: =B51 -> 2.2343185e-05 | C126: =C51 -> 0.004825585 | D126: =D51 -> 0.0003125345 | E126: =E51 -> 0.1236528 | F126: =F51 -> 0.02927029 | G126: =G51 -> 0.001463715 | H126: =H51 -> 0.001506887 | I126: =I51 -> 0.0247781 | ... AU126: =AU51 -> 0.3847297 | AV126: =$AV$149*'VDFB_ref(한국)'!BX51 -> 8.0036931e-05 | AW126: =AW51 -> 1.593525 | AX126: =$AX$149*'VDFB_ref(한국)'!BY51 -> 9.557612e-05 | AY126: =AY51 -> 0.02257455 | AZ126: =AZ51 -> 0.005289957 | BA126: =BA51 -> 0.01995001 | BB126: =$BB$149*'VDFB_ref(한국)'!CA51 -> 1.9165307e-05 | BC126: =BC51 -> 0.001697773 | BD126: =BD51 -> 1.962522 | BE126: =BE51 -> 0.1846387 | BF126: =BF51 -> 2.331875 | BG126: =BG51 -> 0.4789406 | BH126: =BH51 -> 0.2629556 | BI126: =BI51 -> 0.002350691 | BJ126: =BJ51 -> 0.02298668 | ... BU126: =BU51 -> 4.92349e-06
A127: 51 eHydro | B127: =B52 -> 4.4622707e-06 | C127: =C52 -> 0.000963742 | D127: =D52 -> 6.2417857e-05 | E127: =E52 -> 0.02469532 | F127: =F52 -> 0.005845717 | G127: =G52 -> 0.0002923258 | H127: =H52 -> 0.000300948 | I127: =I52 -> 0.004948561 | ... AU127: =AU52 -> 0.07683631 | AV127: =$AV$149*'VDFB_ref(한국)'!BX52 -> 9.5761185e-05 | AW127: =AW52 -> 0.3182509 | AX127: =$AX$149*'VDFB_ref(한국)'!BY52 -> 0.00011435328 | AY127: =AY52 -> 0.004508478 | AZ127: =AZ52 -> 0.001056484 | BA127: =BA52 -> 0.003984318 | BB127: =$BB$149*'VDFB_ref(한국)'!CA52 -> 2.2930548e-05 | BC127: =BC52 -> 0.0003390709 | BD127: =BD52 -> 0.3919452 | BE127: =BE52 -> 0.03687513 | BF127: =BF52 -> 0.4657105 | BG127: =BG52 -> 0.09565165 | BH127: =BH52 -> 0.0525162 | BI127: =BI52 -> 0.0004694684 | BJ127: =BJ52 -> 0.004590786 | ... BU127: =BU52 -> 9.8329508e-07
A128: 52 eOil | B128: =B53 -> 5.6953319e-05 | C128: =C53 -> 0.01230053 | D128: =D53 -> 0.0007966581 | E128: =E53 -> 0.3151939 | F128: =F53 -> 0.07461067 | G128: =G53 -> 0.003731044 | H128: =H53 -> 0.003841091 | I128: =I53 -> 0.06315999 | ... AU128: =AU53 -> 0.9806852 | AV128: =$AV$149*'VDFB_ref(한국)'!BX53 -> 0.00080825247 | AW128: =AW53 -> 4.061933 | AX128: =$AX$149*'VDFB_ref(한국)'!BY53 -> 0.00096517508 | AY128: =AY53 -> 0.05754308 | AZ128: =AZ53 -> 0.01348423 | BA128: =BA53 -> 0.05085306 | BB128: =$BB$149*'VDFB_ref(한국)'!CA53 -> 0.00019354055 | BC128: =BC53 -> 0.004327665 | BD128: =BD53 -> 5.002516 | BE128: =BE53 -> 0.4706484 | BF128: =BF53 -> 5.944005 | BG128: =BG53 -> 1.220831 | BH128: =BH53 -> 0.6702802 | BI128: =BI53 -> 0.005991968 | BJ128: =BJ53 -> 0.0585936 | ... BU128: =BU53 -> 1.2550095e-05
A129: 53 eOther | B129: ='VDFB_ref(한국)'!B79*VDFB_MNG!$BW$129 -> 0.00019407551 | C129: ='VDFB_ref(한국)'!C79*VDFB_MNG!$BW$129 -> 2.2142877e-05 | D129: ='VDFB_ref(한국)'!D79*VDFB_MNG!$BW$129 -> 1.9224829e-05 | E129: ='VDFB_ref(한국)'!E79*VDFB_MNG!$BW$129 -> 0.00053130641 | F129: ='VDFB_ref(한국)'!F79*VDFB_MNG!$BW$129 -> 5.0242262e-05 | G129: ='VDFB_ref(한국)'!G79*VDFB_MNG!$BW$129 -> 2.9599398e-07 | H129: ='VDFB_ref(한국)'!H79*VDFB_MNG!$BW$129 -> 5.5033827e-06 | I129: ='VDFB_ref(한국)'!I79*VDFB_MNG!$BW$129 -> 4.605823e-05 | ... AU129: ='VDFB_ref(한국)'!AU79*VDFB_MNG!$BW$129 -> 0.0011324194 | AV129: =$AV$149*'VDFB_ref(한국)'!BX54 -> 0.00069878658 | AW129: ='VDFB_ref(한국)'!AW79*VDFB_MNG!$BW$129 -> 0.00104127 | AX129: =$AX$149*'VDFB_ref(한국)'!BY54 -> 0.00083445639 | AY129: ='VDFB_ref(한국)'!AY79*VDFB_MNG!$BW$129 -> 9.9779929e-06 | AZ129: ='VDFB_ref(한국)'!AZ79*VDFB_MNG!$BW$129 -> 1.3822549e-05 | BA129: ='VDFB_ref(한국)'!BA79*VDFB_MNG!$BW$129 -> 6.9720062e-05 | BB129: =$BB$149*'VDFB_ref(한국)'!CA54 -> 0.00016732831 | BC129: ='VDFB_ref(한국)'!BC79*VDFB_MNG!$BW$129 -> 3.5305659e-05 | BD129: ='VDFB_ref(한국)'!BD79*VDFB_MNG!$BW$129 -> 0.00097214071 | BE129: ='VDFB_ref(한국)'!BE79*VDFB_MNG!$BW$129 -> 2.4205319e-05 | BF129: ='VDFB_ref(한국)'!BF79*VDFB_MNG!$BW$129 -> 0.0037270812 | BG129: ='VDFB_ref(한국)'!BG79*VDFB_MNG!$BW$129 -> 0.0013424691 | BH129: ='VDFB_ref(한국)'!BH79*VDFB_MNG!$BW$129 -> 0.0012481518 | BI129: ='VDFB_ref(한국)'!BI79*VDFB_MNG!$BW$129 -> 0.00010442504 | BJ129: ='VDFB_ref(한국)'!BJ79*VDFB_MNG!$BW$129 -> 6.195191e-05 | ... BU129: ='VDFB_ref(한국)'!BU79*VDFB_MNG!$BW$129 -> 2.9489238e-07 | BV129: =SUM(B129:BU129) -> 0.080582045 | BW129: 0.08
A130: 54 eSolar | B130: =B55 -> 1.934764e-06 | C130: =C55 -> 0.000417862 | D130: =D55 -> 2.7063312e-05 | E130: =E55 -> 0.01070747 | F130: =F55 -> 0.002534603 | G130: =G55 -> 0.0001267475 | H130: =H55 -> 0.0001304859 | I130: =I55 -> 0.002145611 | ... AU130: =AU55 -> 0.03331491 | AV130: =$AV$149*'VDFB_ref(한국)'!BX55 -> 0.00021584209 | AW130: =AW55 -> 0.1379881 | AX130: =$AX$149*'VDFB_ref(한국)'!BY55 -> 0.00025774792 | AY130: =AY55 -> 0.001954799 | AZ130: =AZ55 -> 0.0004580734 | BA130: =BA55 -> 0.001727532 | BB130: =$BB$149*'VDFB_ref(한국)'!CA55 -> 5.1684557e-05 | BC130: =BC55 -> 0.0001470153 | BD130: =BD55 -> 0.1699407 | BE130: =BE55 -> 0.01598842 | BF130: =BF55 -> 0.2019241 | BG130: =BG55 -> 0.04147292 | BH130: =BH55 -> 0.02277012 | BI130: =BI55 -> 0.0002035535 | BJ130: =BJ55 -> 0.001990486 | ... BU130: =BU55 -> 4.2633988e-07
A131: 55 wtr | B131: =B56 -> 2.6954169e-05 | C131: =C56 -> 0.0216842 | D131: =D56 -> 0.001414284 | E131: =E56 -> 0.2586509 | F131: =F56 -> 0.1467916 | G131: =G56 -> 0.007989409 | H131: =H56 -> 0.006891381 | I131: =I56 -> 0.02293877 | ... AU131: =AU56 -> 68.11578 | AV131: =$AV$149*'VDFB_ref(한국)'!BX56 -> 0.00082649439 | AW131: =AW56 -> 121.7949 | AX131: =$AX$149*'VDFB_ref(한국)'!BY56 -> 0.00035312886 | AY131: =AY56 -> 2.061567 | AZ131: =AZ56 -> 0.244867 | BA131: =BA56 -> 1.869595 | BB131: =$BB$149*'VDFB_ref(한국)'!CA56 -> 0.00035971366 | BC131: =BC56 -> 0.1493373 | BD131: =BD56 -> 24.32599 | BE131: =BE56 -> 6.689081 | BF131: =BF56 -> 4.817182 | BG131: =BG56 -> 6.409251 | BH131: =BH56 -> 2.446571 | BI131: =BI56 -> 0.02461906 | BJ131: =BJ56 -> 0.05819933 | ... BU131: =BU56 -> 0.01120997
A132: 56 cns | B132: =B57 -> 0.0002090856 | C132: =C57 -> 0.07137013 | D132: =D57 -> 0.004723737 | E132: =E57 -> 1.542909 | F132: =F57 -> 0.4611235 | G132: =G57 -> 0.0292986 | H132: =H57 -> 0.02301047 | I132: =I57 -> 0.2985258 | ... AU132: =AU57 -> 21.65104 | AV132: =$AV$149*'VDFB_ref(한국)'!BX57 -> 0.0026596798 | AW132: =AW57 -> 38.7133 | AX132: =$AX$149*'VDFB_ref(한국)'!BY57 -> 0.0011363742 | AY132: =AY57 -> 0.6552825 | AZ132: =AZ57 -> 0.07783257 | BA132: =BA57 -> 0.594263 | BB132: =$BB$149*'VDFB_ref(한국)'!CA57 -> 0.0011575696 | BC132: =BC57 -> 0.04746782 | BD132: =BD57 -> 2.465686 | BE132: =BE57 -> 325.0274 | BF132: =BF57 -> 13.11692 | BG132: =BG57 -> 3.41381 | BH132: =BH57 -> 1.424604 | BI132: =BI57 -> 0.02830426 | BJ132: =BJ57 -> 0.08186951 | ... BU132: =BU57 -> 50.94565
A133: 57 trd | B133: =B58 -> 0.009331952 | C133: =C58 -> 3.45214 | D133: =D58 -> 0.22495 | E133: =E58 -> 8.958514 | F133: =F58 -> 2.183685 | G133: =G58 -> 0.1306767 | H133: =H58 -> 0.1088514 | I133: =I58 -> 1.324389 | ... AU133: =AU58 -> 28.05351 | AV133: =$AV$149*'VDFB_ref(한국)'!BX58 -> 0.0063544177 | AW133: =AW58 -> 50.16128 | AX133: =$AX$149*'VDFB_ref(한국)'!BY58 -> 0.0027150083 | AY133: =AY58 -> 0.8490572 | AZ133: =AZ58 -> 0.1008486 | BA133: =BA58 -> 0.7699935 | BB133: =$BB$149*'VDFB_ref(한국)'!CA58 -> 0.0027656262 | BC133: =BC58 -> 0.06150462 | BD133: =BD58 -> 3.767487 | BE133: =BE58 -> 116.4218 | BF133: =BF58 -> 26.20106 | BG133: =BG58 -> 44.88169 | BH133: =BH58 -> 55.58113 | BI133: =BI58 -> 1.40789 | BJ133: =BJ58 -> 7.721048 | ... BU133: =BU58 -> 0.5234621
A134: 58 afs | B134: =B59 -> 1.7456259e-05 | C134: =C59 -> 0.005727736 | D134: =D59 -> 0.0004263026 | E134: =E59 -> 0.3410369 | F134: =F59 -> 0.03482096 | G134: =G59 -> 0.002172578 | H134: =H59 -> 0.001781741 | I134: =I59 -> 0.02182788 | ... AU134: =AU59 -> 2.083342 | AV134: =$AV$149*'VDFB_ref(한국)'!BX59 -> 0.0015541431 | AW134: =AW59 -> 3.725135 | AX134: =$AX$149*'VDFB_ref(한국)'!BY59 -> 0.00066402577 | AY134: =AY59 -> 0.06305367 | AZ134: =AZ59 -> 0.007489334 | BA134: =BA59 -> 0.05718216 | BB134: =$BB$149*'VDFB_ref(한국)'!CA59 -> 0.00067640806 | BC134: =BC59 -> 0.004567527 | BD134: =BD59 -> 0.4950816 | BE134: =BE59 -> 8.268522 | BF134: =BF59 -> 13.61735 | BG134: =BG59 -> 2.087043 | BH134: =BH59 -> 1.970052 | BI134: =BI59 -> 0.1455346 | BJ134: =BJ59 -> 2.894438 | ... BU134: =BU59 -> 0.0002919052
A135: 59 otp | B135: =B60 -> 0.0006605369 | C135: =C60 -> 0.2080717 | D135: =D60 -> 0.01303088 | E135: =E60 -> 4.483884 | F135: =F60 -> 1.202021 | G135: =G60 -> 0.07397325 | H135: =H60 -> 0.05977905 | I135: =I60 -> 0.7662838 | ... AU135: =AU60 -> 20.01849 | AV135: =$AV$149*'VDFB_ref(한국)'!BX60 -> 0.0015533346 | AW135: =AW60 -> 34.51667 | AX135: =$AX$149*'VDFB_ref(한국)'!BY60 -> 0.00066368123 | AY135: =AY60 -> 1.168496 | AZ135: =AZ60 -> 0.1387906 | BA135: =BA60 -> 1.059687 | BB135: =$BB$149*'VDFB_ref(한국)'!CA60 -> 0.00067605672 | BC135: =BC60 -> 0.08464436 | BD135: =BD60 -> 10.65008 | BE135: =BE60 -> 41.12482 | BF135: =BF60 -> 60.04538 | BG135: =BG60 -> 7.433196 | BH135: =BH60 -> 7.428123 | BI135: =BI60 -> 0.4032405 | BJ135: =BJ60 -> 0.9307685 | ... BU135: =BU60 -> 0.1428404
A136: 60 wtp | B136: =B61 -> 2.0115516e-05 | C136: =C61 -> 0.01050792 | D136: =D61 -> 0.0007089075 | E136: =E61 -> 0.09861463 | F136: =F61 -> 0.03941484 | G136: =G61 -> 0.005717153 | H136: =H61 -> 0.002766029 | I136: =I61 -> 0.02738794 | ... AU136: =AU61 -> 1.0052287e-20 | AV136: =$AV$149*'VDFB_ref(한국)'!BX61 -> 0 | AW136: =AW61 -> 11.35603 | AX136: =$AX$149*'VDFB_ref(한국)'!BY61 -> 0 | AY136: =AY61 -> 1.0052287e-20 | AZ136: =AZ61 -> 1.0052287e-20 | BA136: =BA61 -> 1.0052287e-20 | BB136: =$BB$149*'VDFB_ref(한국)'!CA61 -> 0 | BC136: =BC61 -> 1.0052287e-20 | BD136: =BD61 -> 0.9722524 | BE136: =BE61 -> 0.8103718 | BF136: =BF61 -> 0.6188568 | BG136: =BG61 -> 0.108669 | BH136: =BH61 -> 1.510996 | BI136: =BI61 -> 8.59566 | BJ136: =BJ61 -> 0.125228 | ... BU136: =BU61 -> 0.0004630753
A137: 61 atp | B137: =B62 -> 5.122584e-07 | C137: =C62 -> 3.936897e-05 | D137: =D62 -> 2.3797463e-06 | E137: =E62 -> 0.0002661425 | F137: =F62 -> 0.0002094308 | G137: =G62 -> 5.1384523e-05 | H137: =H62 -> 4.5408178e-06 | I137: =I62 -> 0.0008028405 | ... AU137: =AU62 -> 0.4841999 | AV137: =$AV$149*'VDFB_ref(한국)'!BX62 -> 0.00039162978 | AW137: =AW62 -> 0.8657771 | AX137: =$AX$149*'VDFB_ref(한국)'!BY62 -> 0.00016732849 | AY137: =AY62 -> 0.01465462 | AZ137: =AZ62 -> 0.001740633 | BA137: =BA62 -> 0.01328999 | BB137: =$BB$149*'VDFB_ref(한국)'!CA62 -> 0.00017044869 | BC137: =BC62 -> 0.001061562 | BD137: =BD62 -> 0.1958333 | BE137: =BE62 -> 2.043403 | BF137: =BF62 -> 8.104952 | BG137: =BG62 -> 0.1295417 | BH137: =BH62 -> 3.594191 | BI137: =BI62 -> 0.04317932 | BJ137: =BJ62 -> 6.717801 | ... BU137: =BU62 -> 0.0006692956
A138: 62 whs | B138: =B63 -> 3.0146661e-05 | C138: =C63 -> 0.01085717 | D138: =D63 -> 0.0003775953 | E138: =E63 -> 0.0318765 | F138: =F63 -> 0.007314142 | G138: =G63 -> 0.0001079833 | H138: =H63 -> 0.0006586732 | I138: =I63 -> 0.0004651973 | ... AU138: =AU63 -> 2.074243 | AV138: =$AV$149*'VDFB_ref(한국)'!BX63 -> 0.00025394237 | AW138: =AW63 -> 3.576491 | AX138: =$AX$149*'VDFB_ref(한국)'!BY63 -> 0.00010849995 | AY138: =AY63 -> 0.1210753 | AZ138: =AZ63 -> 0.01438098 | BA138: =BA63 -> 0.1098008 | BB138: =$BB$149*'VDFB_ref(한국)'!CA63 -> 0.00011052312 | BC138: =BC63 -> 0.008770538 | BD138: =BD63 -> 0.1564245 | BE138: =BE63 -> 17.52918 | BF138: =BF63 -> 37.9678 | BG138: =BG63 -> 2.167188 | BH138: =BH63 -> 29.3935 | BI138: =BI63 -> 0.8477971 | BJ138: =BJ63 -> 39.75677 | ... BU138: =BU63 -> 0.004504497
A139: 63 cmn | B139: =B64 -> 8.607575e-05 | C139: =C64 -> 0.03019736 | D139: =D64 -> 0.001992433 | E139: =E64 -> 0.6447508 | F139: =F64 -> 0.1937012 | G139: =G64 -> 0.01250417 | H139: =H64 -> 0.00971282 | I139: =I64 -> 0.1247269 | ... AU139: =AU64 -> 20.24942 | AV139: =$AV$149*'VDFB_ref(한국)'!BX64 -> 0.00075256455 | AW139: =AW64 -> 17.83336 | AX139: =$AX$149*'VDFB_ref(한국)'!BY64 -> 0.0003215429 | AY139: =AY64 -> 0.3018572 | AZ139: =AZ64 -> 0.03585374 | BA139: =BA64 -> 0.2737485 | BB139: =$BB$149*'VDFB_ref(한국)'!CA64 -> 0.00032753776 | BC139: =BC64 -> 0.02186615 | BD139: =BD64 -> 3.017748 | BE139: =BE64 -> 28.70098 | BF139: =BF64 -> 25.95911 | BG139: =BG64 -> 4.473118 | BH139: =BH64 -> 5.058842 | BI139: =BI64 -> 0.4446268 | BJ139: =BJ64 -> 7.64722 | ... BU139: =BU64 -> 0.003522011
A140: 64 ofi | B140: =B65 -> 0.0004947606 | C140: =C65 -> 0.1587147 | D140: =D65 -> 0.008878122 | E140: =E65 -> 2.416256 | F140: =F65 -> 0.7324204 | G140: =G65 -> 0.04533682 | H140: =H65 -> 0.03772051 | I140: =I65 -> 0.4567929 | ... AU140: =AU65 -> 21.80362 | AV140: =$AV$149*'VDFB_ref(한국)'!BX65 -> 0.0034555203 | AW140: =AW65 -> 19.20212 | AX140: =$AX$149*'VDFB_ref(한국)'!BY65 -> 0.0014764132 | AY140: =AY65 -> 0.3250256 | AZ140: =AZ65 -> 0.03860561 | BA140: =BA65 -> 0.2947594 | BB140: =$BB$149*'VDFB_ref(한국)'!CA65 -> 0.0015039407 | BC140: =BC65 -> 0.02354444 | BD140: =BD65 -> 0.6172668 | BE140: =BE65 -> 53.87509 | BF140: =BF65 -> 36.78219 | BG140: =BG65 -> 7.923207 | BH140: =BH65 -> 7.41761 | BI140: =BI65 -> 0.5208922 | BJ140: =BJ65 -> 5.145236 | ... BU140: =BU65 -> 2.7464
A141: 65 ins | B141: =B66 -> 1.8906827e-05 | C141: =C66 -> 0.004904061 | D141: =D66 -> 0.0002128212 | E141: =E66 -> 0.0449946 | F141: =F66 -> 0.01040519 | G141: =G66 -> 0.0005106065 | H141: =H66 -> 0.000588937 | I141: =I66 -> 0.0052055 | ... AU141: =AU66 -> 0.09177107 | AV141: =$AV$149*'VDFB_ref(한국)'!BX66 -> 0.00029298697 | AW141: =AW66 -> 0.1640919 | AX141: =$AX$149*'VDFB_ref(한국)'!BY66 -> 0.00012518226 | AY141: =AY66 -> 0.002777509 | AZ141: =AZ66 -> 0.0003299046 | BA141: =BA66 -> 0.002518869 | BB141: =$BB$149*'VDFB_ref(한국)'!CA66 -> 0.00012751665 | BC141: =BC66 -> 0.0002011992 | BD141: =BD66 -> 0.02352056 | BE141: =BE66 -> 2.584343 | BF141: =BF66 -> 0.6173665 | BG141: =BG66 -> 0.09285499 | BH141: =BH66 -> 0.2037661 | BI141: =BI66 -> 0.01024496 | BJ141: =BJ66 -> 0.4854658 | ... BU141: =BU66 -> 0.008837159
... A148: 72 dwe | B148: =B73 -> 2.7969741e-06 | C148: =C73 -> 0.002755474 | D148: =D73 -> 0.0001350657 | E148: =E73 -> 0.3131199 | F148: =F73 -> 0.004864148 | G148: =G73 -> 0.01746957 | H148: =H73 -> 0.01475139 | I148: =I73 -> 0.001904181 | ... AU148: =AU73 -> 0.001799978 | AV148: =$AV$149*'VDFB_ref(한국)'!BX73 -> 2.8749554e-08 | AW148: =AW73 -> 0.001585213 | AX148: =$AX$149*'VDFB_ref(한국)'!BY73 -> 1.2297352e-08 | AY148: =AY73 -> 2.6832182e-05 | AZ148: =AZ73 -> 3.1870497e-06 | BA148: =BA73 -> 2.4333587e-05 | BB148: =$BB$149*'VDFB_ref(한국)'!CA73 -> 1.2529921e-08 | BC148: =BC73 -> 1.9436889e-06 | BD148: =BD73 -> 0.001004542 | BE148: =BE73 -> 0.01849281 | BF148: =BF73 -> 0.1425044 | BG148: =BG73 -> 0.03545792 | BH148: =BH73 -> 0.04938701 | BI148: =BI73 -> 0.001980064 | BJ148: =BJ73 -> 0.01037451 | ... BU148: =BU73 -> 0.006491259
AV149: 0.08 | AX149: 0.08 | BB149: 0.08

Sheet VDFB_PRK
A1: VDFB | B1: 1 pdr | C1: 2 wht | D1: 3 gro | E1: 4 v_f | F1: 5 osd | G1: 6 c_b | H1: 7 pfb | I1: 8 ocr | J1: 9 ctl | K1: 10 oap | L1: 11 rmk | M1: 12 wol | N1: 13 frs | O1: 14 fsh | P1: 15 coa | Q1: 16 oil | R1: 17 gas | S1: 18 oxt | T1: 19 cmt | U1: 20 omt | V1: 21 vol | W1: 22 mil | X1: 23 pcr | Y1: 24 sgr | Z1: 25 ofd | AA1: 26 b_t | AB1: 27 tex | AC1: 28 wap | AD1: 29 lea | AE1: 30 lum | AF1: 31 ppp | AG1: 32 p_c | AH1: 33 chm | AI1: 34 bph | AJ1: 35 rpp | AK1: 36 nmm | AL1: 37 i_s | AM1: 38 nfm | AN1: 39 fmp | AO1: 40 ele | AP1: 41 eeq | AQ1: 42 ome | AR1: 43 mvh | AS1: 44 otn | AT1: 45 omf | AU1: 46 TnD | AV1: 47 eNuclear | AW1: 48 eCoal | AX1: 49 eGas | AY1: 50 eWind | AZ1: 51 eHydro | BA1: 52 eOil | BB1: 53 eOther | BC1: 54 eSolar | BD1: 55 wtr | BE1: 56 cns | BF1: 57 trd | BG1: 58 afs | BH1: 59 otp | BI1: 60 wtp | BJ1: 61 atp | BK1: 62 whs | BL1: 63 cmn | BM1: 64 ofi | BN1: 65 ins | BO1: 66 rsa | BP1: 67 obs | BQ1: 68 ros | BR1: 69 osg | BS1: 70 edu | BT1: 71 hht | BU1: 72 dwe | BV1: Total
A2: 1 pdr | B2: 0.01966824 | C2: 0.001492147 | D2: 0.0001096674 | E2: 0.01947689 | F2: 0.001613041 | G2: 0.0005272517 | H2: 0.003830377 | I2: 0.005428726 | J2: 0.1193248 | K2: 0.005502228 | L2: 0.01201637 | M2: 0.001836588 | N2: 0.0009850102 | O2: 0.0005337479 | P2: 4.6607332e-07 | Q2: 4.5938089e-07 | R2: 1.9417722e-07 | S2: 1.0726474e-05 | T2: 0.003675919 | U2: 0.005443885 | V2: 0.0001937201 | W2: 0.0132567 | X2: 0.5264228 | Y2: 2.8403811e-06 | Z2: 0.03053862 | AA2: 0.01742937 | AB2: 0.00170703 | AC2: 0.005268515 | AD2: 0.0009293714 | AE2: 0.0001144228 | AF2: 0.0007280722 | AG2: 1.5602858e-07 | AH2: 0.00355955 | AI2: 0.0001482778 | AJ2: 0.0001848087 | AK2: 0.000123154 | AL2: 3.0565693e-07 | AM2: 3.6928096e-08 | AN2: 4.5343018e-05 | AO2: 0.0001623454 | AP2: 0.0003224951 | AQ2: 0.0004203564 | AR2: 1.2105916e-06 | AS2: 3.9510667e-07 | AT2: 0.009021358 | AU2: 7.3604118e-05 | AV2: 0 | AW2: 8.5181364e-06 | AX2: 2.5931755e-07 | AY2: 0 | AZ2: 3.4450899e-05 | BA2: 5.602687e-06 | BB2: 1.0581954e-06 | BC2: 5.1837517e-08 | BD2: 9.5210635e-05 | BE2: 0.001535841 | BF2: 0.01723605 | BG2: 0.7659116 | BH2: 0.0007239305 | BI2: 0.0002173314 | BJ2: 9.2579858e-06 | BK2: 0.03882914 | BL2: 6.8884481e-05 | BM2: 0.0006949193 | BN2: 8.5075017e-06 | BO2: 0.008598628 | BP2: 0.007480503 | BQ2: 0.01540092 | BR2: 0.3701778 | BS2: 0.002519618 | BT2: 0.001077867 | BU2: 0.00150444 | BV2: 2.044272
A3: 2 wht | B3: 0.009250145 | C3: 21.53571 | D3: 0.0005649798 | E3: 1.778801 | F3: 0.1450673 | G3: 0.04592969 | H3: 0.04052551 | I3: 0.3970429 | J3: 4.052741 | K3: 0.08010451 | L3: 1.183615 | M3: 0.06766864 | N3: 0.008384502 | O3: 0.001788214 | P3: 0.0002212339 | Q3: 1.7691004e-07 | R3: 3.9263707e-08 | S3: 4.2320866e-05 | T3: 0.1307322 | U3: 0.1174611 | V3: 0.0006734729 | W3: 0.08211965 | X3: 0.0003029127 | Y3: 0.04025044 | Z3: 40.42171 | AA3: 0.1237901 | AB3: 0.005921233 | AC3: 0.003435557 | AD3: 8.2653896e-05 | AE3: 0.003982499 | AF3: 0.0008818196 | AG3: 1.0902012e-06 | AH3: 0.1351452 | AI3: 0.004216483 | AJ3: 0.0007503984 | AK3: 0.0006326305 | AL3: 3.3002431e-07 | AM3: 1.5954856e-07 | AN3: 1.9259187e-05 | AO3: 1.1626976e-05 | AP3: 2.5493673e-05 | AQ3: 4.2437689e-05 | AR3: 2.3011853e-06 | AS3: 6.4340838e-07 | AT3: 0.00376434 | AU3: 6.6952001e-05 | AV3: 0 | AW3: 7.7482928e-06 | AX3: 2.358812e-07 | AY3: 0 | AZ3: 3.1337331e-05 | BA3: 5.0963331e-06 | BB3: 9.6255883e-07 | BC3: 4.71526e-08 | BD3: 5.7426361e-05 | BE3: 0.003092655 | BF3: 0.3068103 | BG3: 0.1514729 | BH3: 0.0001633392 | BI3: 4.1615513e-05 | BJ3: 2.6331651e-05 | BK3: 0.004655966 | BL3: 0.00021173 | BM3: 0.07679913 | BN3: 2.8831844e-05 | BO3: 0.4508979 | BP3: 0.01909192 | BQ3: 0.006923598 | BR3: 0.152633 | BS3: 0.0005385987 | BT3: 0.001107568 | BU3: 0.4152896 | BV3: 72.01337
A4: 3 gro | B4: 0.001354542 | C4: 0.003466358 | D4: 0.05092659 | E4: 0.2452296 | F4: 0.02007582 | G4: 0.006468995 | H4: 0.009118477 | I4: 0.05458911 | J4: 0.2550786 | K4: 0.02344699 | L4: 0.03586427 | M4: 0.004687607 | N4: 0.001899797 | O4: 0.00122764 | P4: 7.109619e-05 | Q4: 1.3011544e-07 | R4: 4.9587541e-08 | S4: 2.4126226e-05 | T4: 0.01900505 | U4: 0.01765918 | V4: 0.0006591276 | W4: 0.01524041 | X4: 0.0005638099 | Y4: 0.03430015 | Z4: 0.23005 | AA4: 0.02973052 | AB4: 0.002216201 | AC4: 0.001577865 | AD4: 0.0001638513 | AE4: 0.0001793733 | AF4: 0.0008429144 | AG4: 1.0667626e-06 | AH4: 0.01985969 | AI4: 0.0007476953 | AJ4: 0.0006405885 | AK4: 0.0001280064 | AL4: 2.9298658e-07 | AM4: 1.0763232e-07 | AN4: 1.3150103e-05 | AO4: 1.7055476e-05 | AP4: 3.4177701e-05 | AQ4: 4.5339642e-05 | AR4: 1.0150152e-06 | AS4: 1.2557196e-06 | AT4: 0.0012879 | AU4: 1.9977339e-05 | AV4: 0 | AW4: 2.3119587e-06 | AX4: 7.0382931e-08 | AY4: 0 | AZ4: 9.3505259e-06 | BA4: 1.520659e-06 | BB4: 2.8721118e-07 | BC4: 1.4069533e-08 | BD4: 0.0001122758 | BE4: 0.001213181 | BF4: 0.04495618 | BG4: 0.09331502 | BH4: 0.0001201665 | BI4: 5.2995678e-05 | BJ4: 8.1483719e-05 | BK4: 0.001435623 | BL4: 0.0005492449 | BM4: 0.01062569 | BN4: 1.1894026e-05 | BO4: 0.07468113 | BP4: 0.01148369 | BQ4: 0.003514125 | BR4: 0.02037412 | BS4: 0.0004348277 | BT4: 0.001719841 | BU4: 0.04720925 | BV4: 1.40042
A5: 4 v_f | B5: 0.000684416 | C5: 0.003715181 | D5: 0.001830662 | E5: 3.399098 | F5: 0.000149956 | G5: 0.0001914174 | H5: 0.004764838 | I5: 0.0002901171 | J5: 0.1130289 | K5: 0.01546999 | L5: 0.04066238 | M5: 0.003303207 | N5: 0.00565081 | O5: 0.001589757 | P5: 0.02223846 | Q5: 0.000183082 | R5: 0.0001752763 | S5: 0.1183466 | T5: 0.03350565 | U5: 0.03040163 | V5: 0.03251862 | W5: 0.0378662 | X5: 0.001687513 | Y5: 0.001671823 | Z5: 8.6747 | AA5: 0.1208074 | AB5: 0.08302018 | AC5: 0.07097467 | AD5: 0.013873 | AE5: 0.009626451 | AF5: 0.05807893 | AG5: 0.001426217 | AH5: 0.02370846 | AI5: 0.0558921 | AJ5: 0.001080857 | AK5: 0.01301583 | AL5: 0.003893608 | AM5: 0.002905736 | AN5: 0.03380843 | AO5: 0.001207122 | AP5: 0.003085816 | AQ5: 0.004694051 | AR5: 0.002993925 | AS5: 0.001263851 | AT5: 0.07153454 | AU5: 0.004688462 | AV5: 0 | AW5: 0.0005425913 | AX5: 1.6518103e-05 | AY5: 0 | AZ5: 0.002194466 | BA5: 0.000356882 | BB5: 6.7405308e-05 | BC5: 3.3019651e-06 | BD5: 0.01861478 | BE5: 0.03906133 | BF5: 0.08555573 | BG5: 32.77948 | BH5: 0.01498281 | BI5: 0.008184419 | BJ5: 0.001196736 | BK5: 0.06657301 | BL5: 0.02175419 | BM5: 0.0008870519 | BN5: 0.003315935 | BO5: 0.004521609 | BP5: 0.300486 | BQ5: 0.5638886 | BR5: 0.554232 | BS5: 0.9906697 | BT5: 1.276727 | BU5: 0.001082288 | BV5: 49.85969
A6: 5 osd | B6: 2.3451386e-05 | C6: 0.000477317 | D6: 4.9407648e-05 | E6: 0.00073671 | F6: 0.01195605 | G6: 5.6986946e-06 | H6: 0.0002425965 | I6: 0.000126791 | J6: 0.003761616 | K6: 0.0004061192 | L6: 0.0008588148 | M6: 4.0151666e-05 | N6: 0.000251634 | O6: 0.0001458452 | P6: 4.9194387e-06 | Q6: 1.0762145e-06 | R6: 2.2923533e-07 | S6: 2.2404993e-06 | T6: 0.0003202819 | U6: 0.0003130339 | V6: 0.02199971 | W6: 0.0004410381 | X6: 0.002640465 | Y6: 0.0009925334 | Z6: 0.1802486 | AA6: 0.0009947999 | AB6: 0.005077799 | AC6: 0.001622916 | AD6: 0.000236157 | AE6: 0.0001168998 | AF6: 0.0004793427 | AG6: 5.8044193e-08 | AH6: 0.001367746 | AI6: 8.7111257e-05 | AJ6: 2.2945849e-05 | AK6: 8.9027344e-05 | AL6: 4.3138809e-07 | AM6: 7.9526259e-08 | AN6: 0.0002742012 | AO6: 1.3838295e-05 | AP6: 3.9251645e-05 | AQ6: 5.0319519e-05 | AR6: 1.3706015e-05 | AS6: 3.7778427e-05 | AT6: 0.0005686539 | AU6: 0.0006185029 | AV6: 0 | AW6: 7.1578768e-05 | AX6: 2.1790718e-06 | AY6: 0 | AZ6: 0.0002894944 | BA6: 4.707995e-05 | BB6: 8.8921233e-06 | BC6: 4.3559595e-07 | BD6: 0.000196927 | BE6: 0.0007097069 | BF6: 0.02255532 | BG6: 0.2064137 | BH6: 8.9512054e-05 | BI6: 0.0007987836 | BJ6: 4.4518762e-05 | BK6: 0.002866218 | BL6: 0.0001305007 | BM6: 1.1749035e-05 | BN6: 4.6684554e-06 | BO6: 0.0001258876 | BP6: 0.006964231 | BQ6: 0.001971433 | BR6: 0.02477686 | BS6: 0.000224079 | BT6: 0.002999109 | BU6: 3.1776137e-05 | BV6: 0.5090925
A7: 6 c_b | B7: 0.0002442823 | C7: 0.0001313868 | D7: 1.0571911e-05 | E7: 0.2215302 | F7: 0.01684873 | G7: 0.004941443 | H7: 0.003389304 | I7: 0.03548743 | J7: 1.750481 | K7: 0.02834672 | L7: 0.5035672 | M7: 0.02824323 | N7: 0.2117325 | O7: 8.734226e-06 | P7: 2.6189786e-05 | Q7: 3.063208e-08 | R7: 4.343924e-06 | S7: 2.7100059e-06 | T7: 0.003623024 | U7: 0.005418445 | V7: 0.0001628725 | W7: 0.01143902 | X7: 0.0007254255 | Y7: 0.009272306 | Z7: 0.04109536 | AA7: 0.1660367 | AB7: 0.001202609 | AC7: 0.003070862 | AD7: 0.0001514891 | AE7: 7.3190153e-05 | AF7: 0.0002724507 | AG7: 2.621748e-08 | AH7: 0.07110938 | AI7: 0.0004332496 | AJ7: 0.002725337 | AK7: 4.2782081e-05 | AL7: 1.8582534e-05 | AM7: 3.9230784e-08 | AN7: 0.0005073259 | AO7: 1.4008458e-05 | AP7: 1.3098175e-05 | AQ7: 2.4513502e-05 | AR7: 1.7110688e-05 | AS7: 4.373625e-06 | AT7: 0.0003258292 | AU7: 0.002598967 | AV7: 0 | AW7: 0.000300776 | AX7: 9.1565207e-06 | AY7: 0 | AZ7: 0.001216464 | BA7: 0.0001978313 | BB7: 3.7364953e-05 | BC7: 1.8303864e-06 | BD7: 0.002562732 | BE7: 0.0004623035 | BF7: 0.03434517 | BG7: 0.133939 | BH7: 9.5915057e-05 | BI7: 2.8876764e-05 | BJ7: 1.3430383e-05 | BK7: 0.002406548 | BL7: 0.001114455 | BM7: 0.0005423882 | BN7: 0.0001297341 | BO7: 0.0005143686 | BP7: 0.004696663 | BQ7: 0.001497027 | BR7: 0.02214752 | BS7: 0.0009892305 | BT7: 0.001609593 | BU7: 4.2365427e-05 | BV7: 3.334275
A8: 7 pfb | B8: 0.0001937851 | C8: 0.0005021681 | D8: 4.5352514e-05 | E8: 0.1610383 | F8: 0.01220598 | G8: 0.002973487 | H8: 0.002623591 | I8: 0.02573938 | J8: 1.272883 | K8: 0.02080726 | L8: 0.3644233 | M8: 0.02073284 | N8: 0.1535856 | O8: 0.0001641575 | P8: 2.159914e-05 | Q8: 2.7670881e-08 | R8: 3.5295448e-06 | S8: 2.4665505e-06 | T8: 4.2611358e-05 | U8: 8.117914e-05 | V8: 0.0002536162 | W8: 0.006271981 | X8: 0.000526084 | Y8: 0.0001710602 | Z8: 0.01718618 | AA8: 0.1067092 | AB8: 2.029401 | AC8: 0.08995621 | AD8: 0.0004758163 | AE8: 0.0002422384 | AF8: 0.0006083339 | AG8: 5.681866e-08 | AH8: 0.05038245 | AI8: 0.0001629095 | AJ8: 0.002370704 | AK8: 0.000110689 | AL8: 1.3764847e-05 | AM8: 8.9948927e-08 | AN8: 0.0005682784 | AO8: 9.5753872e-05 | AP8: 0.0001589654 | AQ8: 0.0002176651 | AR8: 2.1118374e-05 | AS8: 1.6444455e-05 | AT8: 0.001134189 | AU8: 0.0002296623 | AV8: 0 | AW8: 2.6578608e-05 | AX8: 8.0913225e-07 | AY8: 0 | AZ8: 0.000107495 | BA8: 1.7481712e-05 | BB8: 3.3018207e-06 | BC8: 1.6174536e-07 | BD8: 0.001029916 | BE8: 0.001267145 | BF8: 0.04996682 | BG8: 0.1094729 | BH8: 9.7651311e-05 | BI8: 1.9854522e-05 | BJ8: 9.6271411e-05 | BK8: 0.001519282 | BL8: 0.0002562938 | BM8: 0.000220556 | BN8: 6.5152039e-05 | BO8: 6.3540996e-05 | BP8: 0.009681924 | BQ8: 0.001327957 | BR8: 0.02063911 | BS8: 0.0001471797 | BT8: 0.0001436823 | BU8: 2.9687979e-05 | BV8: 4.541555
A9: 8 ocr | B9: 0.00197357 | C9: 0.00122382 | D9: 0.0002154563 | E9: 1.702124 | F9: 0.1294307 | G9: 0.03153653 | H9: 0.02637684 | I9: 0.2839059 | J9: 13.53984 | K9: 0.2239453 | L9: 3.923007 | M9: 0.218155 | N9: 1.627895 | O9: 0.0002195828 | P9: 0.0002346483 | Q9: 2.9451269e-07 | R9: 2.1849428e-05 | S9: 5.2077965e-05 | T9: 0.0009262962 | U9: 0.001540226 | V9: 0.0003992718 | W9: 0.06595038 | X9: 0.005519165 | Y9: 0.00182457 | Z9: 0.2032642 | AA9: 1.17107 | AB9: 0.02275946 | AC9: 0.03014955 | AD9: 0.002432815 | AE9: 0.0015568 | AF9: 0.009860401 | AG9: 1.6648524e-06 | AH9: 0.5297628 | AI9: 0.002829619 | AJ9: 0.034407 | AK9: 0.00100849 | AL9: 0.0001576368 | AM9: 7.1401209e-06 | AN9: 0.006298385 | AO9: 0.0006566414 | AP9: 0.0006527384 | AQ9: 0.001388818 | AR9: 0.0003803449 | AS9: 0.0003126159 | AT9: 0.01149446 | AU9: 0.003903604 | AV9: 0 | AW9: 0.0004517605 | AX9: 1.375294e-05 | AY9: 0 | AZ9: 0.001827108 | BA9: 0.0002971392 | BB9: 5.6121531e-05 | BC9: 2.7492097e-06 | BD9: 0.01489511 | BE9: 0.07234015 | BF9: 0.4280945 | BG9: 1.576626 | BH9: 0.02578798 | BI9: 0.0008884962 | BJ9: 0.001410661 | BK9: 0.01010487 | BL9: 0.008576042 | BM9: 0.0006458597 | BN9: 0.0006524936 | BO9: 0.001565753 | BP9: 0.08996792 | BQ9: 0.01898543 | BR9: 0.08144641 | BS9: 0.00860084 | BT9: 0.06961693 | BU9: 0.0001491872 | BV9: 26.23367
A10: 9 ctl | B10: 0.0008962108 | C10: 0.003843396 | D10: 0.00202979 | E10: 0.01494899 | F10: 0.003724085 | G10: 0.0005573756 | H10: 0.0004330824 | I10: 0.02774218 | J10: 9.31658 | K10: 0.001517808 | L10: 0.01447524 | M10: 0.001294228 | N10: 0.001880179 | O10: 0.00158661 | P10: 0.000147575 | Q10: 1.1965906e-07 | R10: 4.0506886e-05 | S10: 2.6495141e-05 | T10: 406.3835 | U10: 1.003362 | V10: 0.09817761 | W10: 0.007674026 | X10: 0.08993347 | Y10: 0.1285038 | Z10: 2.957268 | AA10: 0.003919797 | AB10: 0.0149786 | AC10: 0.009611581 | AD10: 0.02223885 | AE10: 0.0005125279 | AF10: 0.0008748466 | AG10: 6.0893689e-07 | AH10: 0.01147943 | AI10: 0.0006293497 | AJ10: 0.002484368 | AK10: 0.0001610459 | AL10: 3.7069042e-06 | AM10: 6.7878409e-07 | AN10: 9.6241281e-05 | AO10: 7.562025e-05 | AP10: 7.5004697e-05 | AQ10: 0.000115494 | AR10: 1.3102837e-05 | AS10: 1.4393174e-05 | AT10: 0.001176995 | AU10: 0.003342002 | AV10: 0 | AW10: 0.0003867668 | AX10: 1.1774338e-05 | AY10: 0 | AZ10: 0.001564246 | BA10: 0.0002543906 | BB10: 4.8047466e-05 | BC10: 2.3536877e-06 | BD10: 0.01033879 | BE10: 0.01850771 | BF10: 3.215192 | BG10: 12.68247 | BH10: 0.005967231 | BI10: 0.01855292 | BJ10: 0.005487842 | BK10: 0.03191892 | BL10: 0.001639531 | BM10: 0.0001213403 | BN10: 1.6586695e-05 | BO10: 0.0002686211 | BP10: 0.02633879 | BQ10: 0.01250412 | BR10: 0.5064586 | BS10: 0.07964083 | BT10: 0.1049595 | BU10: 0.001109524 | BV10: 436.8558
A11: 10 oap | B11: 0.001246982 | C11: 0.006904544 | D11: 0.004393924 | E11: 0.001857877 | F11: 0.0002106629 | G11: 3.9493323e-05 | H11: 8.4846004e-05 | I11: 0.0004266347 | J11: 0.1287394 | K11: 0.1029117 | L11: 0.03712963 | M11: 0.003355812 | N11: 0.003944927 | O11: 0.003507408 | P11: 0.002883706 | Q11: 2.5771124e-07 | R11: 5.8398933e-07 | S11: 0.002503166 | T11: 0.1704644 | U11: 3.066487 | V11: 0.003194058 | W11: 0.002169899 | X11: 0.02247713 | Y11: 0.2498695 | Z11: 1.277122 | AA11: 0.003569777 | AB11: 0.0785193 | AC11: 2.080375 | AD11: 1.925079 | AE11: 0.001169777 | AF11: 0.002013265 | AG11: 1.0031125e-06 | AH11: 0.02192584 | AI11: 0.0008007442 | AJ11: 0.005731747 | AK11: 0.0002921242 | AL11: 8.2568222e-05 | AM11: 6.1062179e-05 | AN11: 0.0002165155 | AO11: 0.0001432023 | AP11: 0.0001187665 | AQ11: 0.0001659589 | AR11: 2.9524137e-05 | AS11: 2.4859832e-05 | AT11: 0.01241675 | AU11: 0.0001928476 | AV11: 0 | AW11: 2.2318076e-05 | AX11: 6.7942892e-07 | AY11: 0 | AZ11: 9.0263609e-05 | BA11: 1.4679406e-05 | BB11: 2.7725412e-06 | BC11: 1.3581769e-07 | BD11: 0.005362515 | BE11: 0.02983343 | BF11: 0.0581625 | BG11: 54.07517 | BH11: 0.001029657 | BI11: 0.004200125 | BJ11: 4.4699904e-05 | BK11: 0.08198962 | BL11: 0.0002523198 | BM11: 0.0001682307 | BN11: 0.0001448581 | BO11: 0.0008621701 | BP11: 0.07016234 | BQ11: 0.0309909 | BR11: 0.4293999 | BS11: 0.007155126 | BT11: 0.4072559 | BU11: 0.000688872 | BV11: 64.42786
A12: 11 rmk | B12: 3.7751914e-05 | C12: 0.00153852 | D12: 0.0001208827 | E12: 0.00431833 | F12: 0.0009357439 | G12: 0.0001498819 | H12: 0.0002024672 | I12: 0.001085664 | J12: 0.03789774 | K12: 0.0001583175 | L12: 1.504977 | M12: 5.8641628e-05 | N12: 0.0004995182 | O12: 0.0002149584 | P12: 0.0001640849 | Q12: 7.4699628e-08 | R12: 0.001947491 | S12: 6.5111453e-05 | T12: 0.02066131 | U12: 0.01625496 | V12: 0.0004081264 | W12: 123.0894 | X12: 0.001326425 | Y12: 0.002775332 | Z12: 0.06734014 | AA12: 0.7948174 | AB12: 0.004518795 | AC12: 0.009726052 | AD12: 0.006552161 | AE12: 0.0003806337 | AF12: 0.0002569297 | AG12: 1.1994892e-06 | AH12: 0.007968443 | AI12: 0.0006527019 | AJ12: 0.0003896246 | AK12: 0.0003002169 | AL12: 7.0222159e-06 | AM12: 1.7818076e-06 | AN12: 0.000172136 | AO12: 1.9474262e-05 | AP12: 2.3569473e-05 | AQ12: 5.3284472e-05 | AR12: 0.0001732019 | AS12: 0.000102596 | AT12: 0.0005004354 | AU12: 0.1573691 | AV12: 0 | AW12: 0.01821218 | AX12: 0.0005544333 | AY12: 0 | AZ12: 0.07365768 | BA12: 0.01197881 | BB12: 0.002262472 | BC12: 0.0001108311 | BD12: 0.6497293 | BE12: 0.002453458 | BF12: 0.1569217 | BG12: 3.195554 | BH12: 0.001605727 | BI12: 0.002162474 | BJ12: 0.0004664654 | BK12: 0.04372125 | BL12: 0.0006764097 | BM12: 0.0004000913 | BN12: 2.6278205e-05 | BO12: 0.002357085 | BP12: 0.009507202 | BQ12: 0.02010147 | BR12: 0.8191753 | BS12: 0.2449544 | BT12: 0.1277489 | BU12: 0.0006543448 | BV12: 131.1215
A13: 12 wol | B13: 0.001454316 | C13: 0.0008585018 | D13: 7.3677678e-05 | E13: 0.0001138492 | F13: 1.9323152e-05 | G13: 2.9335957e-05 | H13: 0.0006785754 | I13: 3.8022652e-05 | J13: 0.9254196 | K13: 0.01491634 | L13: 0.2655146 | M13: 0.0436587 | N13: 3.8588976e-05 | O13: 0.000287052 | P13: 7.650176e-07 | Q13: 7.2982658e-08 | R13: 1.3922858e-08 | S13: 6.8333105e-07 | T13: 0.0001280979 | U13: 0.0005920196 | V13: 4.5931602e-06 | W13: 0.0001562677 | X13: 9.698449e-07 | Y13: 3.1433061e-05 | Z13: 0.0006620385 | AA13: 0.0001275822 | AB13: 12.09377 | AC13: 5.036212 | AD13: 0.1581391 | AE13: 0.000839901 | AF13: 2.5951918e-05 | AG13: 7.2839268e-09 | AH13: 0.03752826 | AI13: 8.4743377e-05 | AJ13: 0.488764 | AK13: 0.00334009 | AL13: 6.3177943e-08 | AM13: 3.8963716e-08 | AN13: 5.5972159e-06 | AO13: 2.188257e-05 | AP13: 2.3657578e-05 | AQ13: 3.149435e-05 | AR13: 1.5786358e-07 | AS13: 1.0258443e-07 | AT13: 0.02575303 | AU13: 8.5776555e-06 | AV13: 0 | AW13: 9.9268402e-07 | AX13: 3.0220271e-08 | AY13: 0 | AZ13: 4.0148288e-06 | BA13: 6.5292426e-07 | BB13: 1.2331965e-07 | BC13: 9.8868674e-21 | BD13: 0.0006187543 | BE13: 0.003731327 | BF13: 0.001897702 | BG13: 0.113829 | BH13: 6.6464301e-05 | BI13: 4.4548775e-05 | BJ13: 0.003624953 | BK13: 0.002058648 | BL13: 0.000825924 | BM13: 5.8662945e-06 | BN13: 1.4640593e-06 | BO13: 0.002441456 | BP13: 0.0005004345 | BQ13: 0.005591354 | BR13: 0.01734737 | BS13: 0.0001937275 | BT13: 0.0009980774 | BU13: 0.002735875 | BV13: 19.25587
... A74: Total | B74: 0.6090306 | C74: 36.50539 | D74: 1.961344 | E74: 66.50559 | F74: 3.591688 | G74: 1.143475 | H74: 2.475033 | I74: 9.345132 | J74: 233.6336 | K74: 51.66234 | L74: 67.60374 | M74: 3.751362 | N74: 11.14202 | O74: 26.61984 | P74: 291.88 | Q74: 1.29 | R74: 0.6280489 | S74: 2751.221 | T74: 466.4586 | U74: 66.62578 | V74: 2.475362 | W74: 218.3444 | X74: 3.790989 | Y74: 0.8522151 | Z74: 622.8307 | AA74: 305.302 | AB74: 1306.968 | AC74: 810.3786 | AD74: 62.09452 | AE74: 252.8698 | AF74: 466.4764 | AG74: 23.74763 | AH74: 448.1583 | AI74: 91.78542 | AJ74: 399.7901 | AK74: 1059.516 | AL74: 176.6782 | AM74: 147.5513 | AN74: 632.1687 | AO74: 219.8205 | AP74: 93.89486 | AQ74: 147.0353 | AR74: 115.8865 | AS74: 38.16153 | AT74: 335.1368 | AU74: 118.048 | AV74: 0 | AW74: 79.71721 | AX74: 12.58004 | AY74: 0 | AZ74: 71.24374 | BA74: 58.38621 | BB74: 2.525715 | BC74: 0.09091582 | BD74: 278.9957 | BE74: 8400.833 | BF74: 13240.96 | BG74: 12544.97 | BH74: 5831.238 | BI74: 701.365 | BJ74: 1964.99 | BK74: 3519.659 | BL74: 1335.233 | BM74: 1014.376 | BN74: 317.9281 | BO74: 443.1117 | BP74: 1832.299 | BQ74: 1726.877 | BR74: 1544.97 | BS74: 406.2646 | BT74: 789.023 | BU74: 219.2542 | BV74: 68531.3
A76: VDFB | B76: 1 a_pdr | C76: 2 a_wht | D76: 3 a_gro | E76: 4 a_v_f | F76: 5 a_osd | G76: 6 a_c_b | H76: 7 a_pfb | I76: 8 a_ocr | J76: 9 a_ctl | K76: 10 a_oap | L76: 11 a_rmk | M76: 12 a_wol | N76: 13 a_frs | O76: 14 a_fsh | P76: 15 a_coa | Q76: 16 a_oil | R76: 17 a_gas | S76: 18 a_oxt | T76: 19 a_cmt | U76: 20 a_omt | V76: 21 a_vol | W76: 22 a_mil | X76: 23 a_pcr | Y76: 24 a_sgr | Z76: 25 a_ofd | AA76: 26 a_b_t | AB76: 27 a_tex | AC76: 28 a_wap | AD76: 29 a_lea | AE76: 30 a_lum | AF76: 31 a_ppp | AG76: 32 a_p_c | AH76: 33 a_chm | AI76: 34 a_bph | AJ76: 35 a_rpp | AK76: 36 a_nmm | AL76: 37 a_i_s | AM76: 38 a_nfm | AN76: 39 a_fmp | AO76: 40 a_ele | AP76: 41 a_eeq | AQ76: 42 a_ome | AR76: 43 a_mvh | AS76: 44 a_otn | AT76: 45 a_omf | AU76: 46 a_TnD | AV76: 47 a_eNuclear | AW76: 48 a_eCoal | AX76: 49 a_eGas | AY76: 50 a_eWind | AZ76: 51 a_eHydro | BA76: 52 a_eOil | BB76: 53 a_eOther | BC76: 54 a_eSolar | BD76: 55 a_wtr | BE76: 56 a_cns | BF76: 57 a_trd | BG76: 58 a_afs | BH76: 59 a_otp | BI76: 60 a_wtp | BJ76: 61 a_atp | BK76: 62 a_whs | BL76: 63 a_cmn | BM76: 64 a_ofi | BN76: 65 a_ins | BO76: 66 a_rsa | BP76: 67 a_obs | BQ76: 68 a_ros | BR76: 69 a_osg | BS76: 70 a_edu | BT76: 71 a_hht | BU76: 72 a_dwe
A77: 1 pdr | B77: =B2 -> 0.01966824 | C77: =C2 -> 0.001492147 | D77: =D2 -> 0.0001096674 | E77: =E2 -> 0.01947689 | F77: =F2 -> 0.001613041 | G77: =G2 -> 0.0005272517 | H77: =H2 -> 0.003830377 | I77: =I2 -> 0.005428726 | ... AU77: =AU2 -> 7.3604118e-05 | AV77: =$AV$149*'VDFB_ref(한국)'!BX2 -> 3.3802621e-07 | AW77: =AW2 -> 8.5181364e-06 | AX77: =AX2 -> 2.5931755e-07 | AY77: =$AY$149*'VDFB_ref(한국)'!BZ2 -> 3.5390634e-07 | AZ77: =AZ2 -> 3.4450899e-05 | BA77: =BA2 -> 5.602687e-06 | BB77: =BB2 -> 1.0581954e-06 | BC77: =BC2 -> 5.1837517e-08 | BD77: =BD2 -> 9.5210635e-05 | BE77: =BE2 -> 0.001535841 | BF77: =BF2 -> 0.01723605 | BG77: =BG2 -> 0.7659116 | ... BU77: =BU2 -> 0.00150444
A78: 2 wht | B78: =B3 -> 0.009250145 | C78: =C3 -> 21.53571 | D78: =D3 -> 0.0005649798 | E78: =E3 -> 1.778801 | F78: =F3 -> 0.1450673 | G78: =G3 -> 0.04592969 | H78: =H3 -> 0.04052551 | I78: =I3 -> 0.3970429 | ... AU78: =AU3 -> 6.6952001e-05 | AV78: =$AV$149*'VDFB_ref(한국)'!BX3 -> 2.5017824e-08 | AW78: =AW3 -> 7.7482928e-06 | AX78: =AX3 -> 2.358812e-07 | AY78: =$AY$149*'VDFB_ref(한국)'!BZ3 -> 2.6709913e-08 | AZ78: =AZ3 -> 3.1337331e-05 | BA78: =BA3 -> 5.0963331e-06 | BB78: =BB3 -> 9.6255883e-07 | BC78: =BC3 -> 4.71526e-08 | BD78: =BD3 -> 5.7426361e-05 | BE78: =BE3 -> 0.003092655 | BF78: =BF3 -> 0.3068103 | BG78: =BG3 -> 0.1514729 | ... BU78: =BU3 -> 0.4152896
A79: 3 gro | B79: =B4 -> 0.001354542 | C79: =C4 -> 0.003466358 | D79: =D4 -> 0.05092659 | E79: =E4 -> 0.2452296 | F79: =F4 -> 0.02007582 | G79: =G4 -> 0.006468995 | H79: =H4 -> 0.009118477 | I79: =I4 -> 0.05458911 | ... AU79: =AU4 -> 1.9977339e-05 | AV79: =$AV$149*'VDFB_ref(한국)'!BX4 -> 1.0090903e-08 | AW79: =AW4 -> 2.3119587e-06 | AX79: =AX4 -> 7.0382931e-08 | AY79: =$AY$149*'VDFB_ref(한국)'!BZ4 -> 1.0016217e-08 | AZ79: =AZ4 -> 9.3505259e-06 | BA79: =BA4 -> 1.520659e-06 | BB79: =BB4 -> 2.8721118e-07 | BC79: =BC4 -> 1.4069533e-08 | BD79: =BD4 -> 0.0001122758 | BE79: =BE4 -> 0.001213181 | BF79: =BF4 -> 0.04495618 | BG79: =BG4 -> 0.09331502 | ... BU79: =BU4 -> 0.04720925
A80: 4 v_f | B80: =B5 -> 0.000684416 | C80: =C5 -> 0.003715181 | D80: =D5 -> 0.001830662 | E80: =E5 -> 3.399098 | F80: =F5 -> 0.000149956 | G80: =G5 -> 0.0001914174 | H80: =H5 -> 0.004764838 | I80: =I5 -> 0.0002901171 | ... AU80: =AU5 -> 0.004688462 | AV80: =$AV$149*'VDFB_ref(한국)'!BX5 -> 7.0316078e-06 | AW80: =AW5 -> 0.0005425913 | AX80: =AX5 -> 1.6518103e-05 | AY80: =$AY$149*'VDFB_ref(한국)'!BZ5 -> 7.3619197e-06 | AZ80: =AZ5 -> 0.002194466 | BA80: =BA5 -> 0.000356882 | BB80: =BB5 -> 6.7405308e-05 | BC80: =BC5 -> 3.3019651e-06 | BD80: =BD5 -> 0.01861478 | BE80: =BE5 -> 0.03906133 | BF80: =BF5 -> 0.08555573 | BG80: =BG5 -> 32.77948 | ... BU80: =BU5 -> 0.001082288
A81: 5 osd | B81: =B6 -> 2.3451386e-05 | C81: =C6 -> 0.000477317 | D81: =D6 -> 4.9407648e-05 | E81: =E6 -> 0.00073671 | F81: =F6 -> 0.01195605 | G81: =G6 -> 5.6986946e-06 | H81: =H6 -> 0.0002425965 | I81: =I6 -> 0.000126791 | ... AU81: =AU6 -> 0.0006185029 | AV81: =$AV$149*'VDFB_ref(한국)'!BX6 -> 3.6400363e-06 | AW81: =AW6 -> 7.1578768e-05 | AX81: =AX6 -> 2.1790718e-06 | AY81: =$AY$149*'VDFB_ref(한국)'!BZ6 -> 3.8111707e-06 | AZ81: =AZ6 -> 0.0002894944 | BA81: =BA6 -> 4.707995e-05 | BB81: =BB6 -> 8.8921233e-06 | BC81: =BC6 -> 4.3559595e-07 | BD81: =BD6 -> 0.000196927 | BE81: =BE6 -> 0.0007097069 | BF81: =BF6 -> 0.02255532 | BG81: =BG6 -> 0.2064137 | ... BU81: =BU6 -> 3.1776137e-05
A82: 6 c_b | B82: =B7 -> 0.0002442823 | C82: =C7 -> 0.0001313868 | D82: =D7 -> 1.0571911e-05 | E82: =E7 -> 0.2215302 | F82: =F7 -> 0.01684873 | G82: =G7 -> 0.004941443 | H82: =H7 -> 0.003389304 | I82: =I7 -> 0.03548743 | ... AU82: =AU7 -> 0.002598967 | AV82: =$AV$149*'VDFB_ref(한국)'!BX7 -> 1.6024354e-06 | AW82: =AW7 -> 0.000300776 | AX82: =AX7 -> 9.1565207e-06 | AY82: =$AY$149*'VDFB_ref(한국)'!BZ7 -> 1.6777164e-06 | AZ82: =AZ7 -> 0.001216464 | BA82: =BA7 -> 0.0001978313 | BB82: =BB7 -> 3.7364953e-05 | BC82: =BC7 -> 1.8303864e-06 | BD82: =BD7 -> 0.002562732 | BE82: =BE7 -> 0.0004623035 | BF82: =BF7 -> 0.03434517 | BG82: =BG7 -> 0.133939 | ... BU82: =BU7 -> 4.2365427e-05
A83: 7 pfb | B83: =B8 -> 0.0001937851 | C83: =C8 -> 0.0005021681 | D83: =D8 -> 4.5352514e-05 | E83: =E8 -> 0.1610383 | F83: =F8 -> 0.01220598 | G83: =G8 -> 0.002973487 | H83: =H8 -> 0.002623591 | I83: =I8 -> 0.02573938 | ... AU83: =AU8 -> 0.0002296623 | AV83: =$AV$149*'VDFB_ref(한국)'!BX8 -> 1.0585929e-08 | AW83: =AW8 -> 2.6578608e-05 | AX83: =AX8 -> 8.0913225e-07 | AY83: =$AY$149*'VDFB_ref(한국)'!BZ8 -> 1.1685587e-08 | AZ83: =AZ8 -> 0.000107495 | BA83: =BA8 -> 1.7481712e-05 | BB83: =BB8 -> 3.3018207e-06 | BC83: =BC8 -> 1.6174536e-07 | BD83: =BD8 -> 0.001029916 | BE83: =BE8 -> 0.001267145 | BF83: =BF8 -> 0.04996682 | BG83: =BG8 -> 0.1094729 | ... BU83: =BU8 -> 2.9687979e-05
A84: 8 ocr | B84: =B9 -> 0.00197357 | C84: =C9 -> 0.00122382 | D84: =D9 -> 0.0002154563 | E84: =E9 -> 1.702124 | F84: =F9 -> 0.1294307 | G84: =G9 -> 0.03153653 | H84: =H9 -> 0.02637684 | I84: =I9 -> 0.2839059 | ... AU84: =AU9 -> 0.003903604 | AV84: =$AV$149*'VDFB_ref(한국)'!BX9 -> 6.4034586e-06 | AW84: =AW9 -> 0.0004517605 | AX84: =AX9 -> 1.375294e-05 | AY84: =$AY$149*'VDFB_ref(한국)'!BZ9 -> 6.7041881e-06 | AZ84: =AZ9 -> 0.001827108 | BA84: =BA9 -> 0.0002971392 | BB84: =BB9 -> 5.6121531e-05 | BC84: =BC9 -> 2.7492097e-06 | BD84: =BD9 -> 0.01489511 | BE84: =BE9 -> 0.07234015 | BF84: =BF9 -> 0.4280945 | BG84: =BG9 -> 1.576626 | ... BU84: =BU9 -> 0.0001491872
A85: 9 ctl | B85: =B10 -> 0.0008962108 | C85: =C10 -> 0.003843396 | D85: =D10 -> 0.00202979 | E85: =E10 -> 0.01494899 | F85: =F10 -> 0.003724085 | G85: =G10 -> 0.0005573756 | H85: =H10 -> 0.0004330824 | I85: =I10 -> 0.02774218 | ... AU85: =AU10 -> 0.003342002 | AV85: =$AV$149*'VDFB_ref(한국)'!BX10 -> 2.1069044e-07 | AW85: =AW10 -> 0.0003867668 | AX85: =AX10 -> 1.1774338e-05 | AY85: =$AY$149*'VDFB_ref(한국)'!BZ10 -> 2.2035678e-07 | AZ85: =AZ10 -> 0.001564246 | BA85: =BA10 -> 0.0002543906 | BB85: =BB10 -> 4.8047466e-05 | BC85: =BC10 -> 2.3536877e-06 | BD85: =BD10 -> 0.01033879 | BE85: =BE10 -> 0.01850771 | BF85: =BF10 -> 3.215192 | BG85: =BG10 -> 12.68247 | ... BU85: =BU10 -> 0.001109524
A86: 10 oap | B86: =B11 -> 0.001246982 | C86: =C11 -> 0.006904544 | D86: =D11 -> 0.004393924 | E86: =E11 -> 0.001857877 | F86: =F11 -> 0.0002106629 | G86: =G11 -> 3.9493323e-05 | H86: =H11 -> 8.4846004e-05 | I86: =I11 -> 0.0004266347 | ... AU86: =AU11 -> 0.0001928476 | AV86: =$AV$149*'VDFB_ref(한국)'!BX11 -> 3.4693667e-07 | AW86: =AW11 -> 2.2318076e-05 | AX86: =AX11 -> 6.7942892e-07 | AY86: =$AY$149*'VDFB_ref(한국)'!BZ11 -> 3.6392256e-07 | AZ86: =AZ11 -> 9.0263609e-05 | BA86: =BA11 -> 1.4679406e-05 | BB86: =BB11 -> 2.7725412e-06 | BC86: =BC11 -> 1.3581769e-07 | BD86: =BD11 -> 0.005362515 | BE86: =BE11 -> 0.02983343 | BF86: =BF11 -> 0.0581625 | BG86: =BG11 -> 54.07517 | ... BU86: =BU11 -> 0.000688872
A87: 11 rmk | B87: =B12 -> 3.7751914e-05 | C87: =C12 -> 0.00153852 | D87: =D12 -> 0.0001208827 | E87: =E12 -> 0.00431833 | F87: =F12 -> 0.0009357439 | G87: =G12 -> 0.0001498819 | H87: =H12 -> 0.0002024672 | I87: =I12 -> 0.001085664 | ... AU87: =AU12 -> 0.1573691 | AV87: =$AV$149*'VDFB_ref(한국)'!BX12 -> 4.1780147e-07 | AW87: =AW12 -> 0.01821218 | AX87: =AX12 -> 0.0005544333 | AY87: =$AY$149*'VDFB_ref(한국)'!BZ12 -> 4.3737482e-07 | AZ87: =AZ12 -> 0.07365768 | BA87: =BA12 -> 0.01197881 | BB87: =BB12 -> 0.002262472 | BC87: =BC12 -> 0.0001108311 | BD87: =BD12 -> 0.6497293 | BE87: =BE12 -> 0.002453458 | BF87: =BF12 -> 0.1569217 | BG87: =BG12 -> 3.195554 | ... BU87: =BU12 -> 0.0006543448
A88: 12 wol | B88: =B13 -> 0.001454316 | C88: =C13 -> 0.0008585018 | D88: =D13 -> 7.3677678e-05 | E88: =E13 -> 0.0001138492 | F88: =F13 -> 1.9323152e-05 | G88: =G13 -> 2.9335957e-05 | H88: =H13 -> 0.0006785754 | I88: =I13 -> 3.8022652e-05 | ... AU88: =AU13 -> 8.5776555e-06 | AV88: =$AV$149*'VDFB_ref(한국)'!BX13 -> 4.0744401e-09 | AW88: =AW13 -> 9.9268402e-07 | AX88: =AX13 -> 3.0220271e-08 | AY88: =$AY$149*'VDFB_ref(한국)'!BZ13 -> 5.0081086e-09 | AZ88: =AZ13 -> 4.0148288e-06 | BA88: =BA13 -> 6.5292426e-07 | BB88: =BB13 -> 1.2331965e-07 | BC88: =BC13 -> 9.8868674e-21 | BD88: =BD13 -> 0.0006187543 | BE88: =BE13 -> 0.003731327 | BF88: =BF13 -> 0.001897702 | BG88: =BG13 -> 0.113829 | ... BU88: =BU13 -> 0.002735875
... A122: 46 TnD | B122: =B47 -> 9.5119995e-06 | C122: =C47 -> 0.0003337413 | D122: =D47 -> 4.0185641e-05 | E122: =E47 -> 0.004807571 | F122: =F47 -> 0.0002505843 | G122: =G47 -> 6.516862e-05 | H122: =H47 -> 0.0001416043 | I122: =I47 -> 0.0009021231 | ... AU122: =AU47 -> 16.32625 | AV122: =$AV$149*'VDFB_ref(한국)'!BX47 -> 0.0038649214 | AW122: =AW47 -> 3.32836 | AX122: =AX47 -> 0.2156149 | AY122: =$AY$149*'VDFB_ref(한국)'!BZ47 -> 0.0030107197 | AZ122: =AZ47 -> 12.67536 | BA122: =BA47 -> 1.572986 | BB122: =BB47 -> 0.1483001 | BC122: =BC47 -> 0.01457201 | BD122: =BD47 -> 10.25252 | BE122: =BE47 -> 3.249828 | BF122: =BF47 -> 80.91235 | BG122: =BG47 -> 36.92134 | ... BU122: =BU47 -> 0.0001551055
A123: 47 eNuclear | B123: =$BW$123*'VDFB_ref(한국)'!B76 -> 0.00019407552 | C123: =$BW$123*'VDFB_ref(한국)'!C76 -> 2.2142877e-05 | D123: =$BW$123*'VDFB_ref(한국)'!D76 -> 1.9224849e-05 | E123: =$BW$123*'VDFB_ref(한국)'!E76 -> 0.00053130637 | F123: =$BW$123*'VDFB_ref(한국)'!F76 -> 5.0242256e-05 | G123: =$BW$123*'VDFB_ref(한국)'!G76 -> 2.9599125e-07 | H123: =$BW$123*'VDFB_ref(한국)'!H76 -> 5.5033746e-06 | I123: =$BW$123*'VDFB_ref(한국)'!I76 -> 4.6058225e-05 | ... AU123: =$BW$123*'VDFB_ref(한국)'!AU76 -> 0.0011324194 | AV123: =$AV$149*'VDFB_ref(한국)'!BX48 -> 0.0014575466 | AW123: =$BW$123*'VDFB_ref(한국)'!AW76 -> 0.0010412701 | AX123: =$BW$123*'VDFB_ref(한국)'!AX76 -> 0.00048588062 | AY123: =$AY$149*'VDFB_ref(한국)'!BZ48 -> 0.0011354083 | AZ123: =$BW$123*'VDFB_ref(한국)'!AZ76 -> 1.3822539e-05 | BA123: =$BW$123*'VDFB_ref(한국)'!BA76 -> 6.9720053e-05 | BB123: =$BW$123*'VDFB_ref(한국)'!BB76 -> 7.1103683e-05 | BC123: =$BW$123*'VDFB_ref(한국)'!BC76 -> 3.5305657e-05 | BD123: =$BW$123*'VDFB_ref(한국)'!BD76 -> 0.00097214065 | BE123: =$BW$123*'VDFB_ref(한국)'!BE76 -> 2.4205324e-05 | BF123: =$BW$123*'VDFB_ref(한국)'!BF76 -> 0.0037270812 | BG123: =$BW$123*'VDFB_ref(한국)'!BG76 -> 0.0013424691 | ... BU123: =$BW$123*'VDFB_ref(한국)'!BU76 -> 2.9489097e-07 | BV123: =SUM(B123:BU123) -> 0.082021435 | BW123: 0.08
A124: 48 eCoal | B124: =B49 -> 3.0734961e-06 | C124: =C49 -> 0.0001078378 | D124: =D49 -> 1.2984696e-05 | E124: =E49 -> 0.001553412 | F124: =F49 -> 8.0968239e-05 | G124: =G49 -> 2.105714e-05 | H124: =H49 -> 4.5754863e-05 | I124: =I49 -> 0.000291492 | ... AU124: =AU49 -> 5.275303 | AV124: =$AV$149*'VDFB_ref(한국)'!BX49 -> 0.0037793291 | AW124: =AW49 -> 1.075452 | AX124: =AX49 -> 0.06966899 | AY124: =$AY$149*'VDFB_ref(한국)'!BZ49 -> 0.0029440434 | AZ124: =AZ49 -> 4.095634 | BA124: =BA49 -> 0.5082597 | BB124: =BB49 -> 0.04791838 | BC124: =BC49 -> 0.004708475 | BD124: =BD49 -> 3.312772 | BE124: =BE49 -> 1.050077 | BF124: =BF49 -> 26.14422 | BG124: =BG49 -> 11.92994 | ... BU124: =BU49 -> 5.0117349e-05
A125: 49 eGas | B125: =B50 -> 2.0549985e-06 | C125: =C50 -> 7.2102404e-05 | D125: =D50 -> 8.6818172e-06 | E125: =E50 -> 0.001038641 | F125: =F50 -> 5.4136919e-05 | G125: =G50 -> 1.4079208e-05 | H125: =H50 -> 3.0592579e-05 | I125: =I50 -> 0.0001948971 | ... AU125: =AU50 -> 3.527169 | AV125: =$AV$149*'VDFB_ref(한국)'!BX50 -> 0.0029835647 | AW125: =AW50 -> 0.7190681 | AX125: =AX50 -> 0.04658203 | AY125: =$AY$149*'VDFB_ref(한국)'!BZ50 -> 0.0023241547 | AZ125: =AZ50 -> 2.73842 | BA125: =BA50 -> 0.3398322 | BB125: =BB50 -> 0.03203915 | BC125: =BC50 -> 0.003148177 | BD125: =BD50 -> 2.214983 | BE125: =BE50 -> 0.7021018 | BF125: =BF50 -> 17.48053 | BG125: =BG50 -> 7.976589 | ... BU125: =BU50 -> 3.3509423e-05
A126: 50 eWind | B126: =$BW$126*'VDFB_ref(한국)'!B78 -> 0.00019407553 | C126: =$BW$126*'VDFB_ref(한국)'!C78 -> 2.2142979e-05 | D126: =$BW$126*'VDFB_ref(한국)'!D78 -> 1.922476e-05 | E126: =$BW$126*'VDFB_ref(한국)'!E78 -> 0.00053130645 | F126: =$BW$126*'VDFB_ref(한국)'!F78 -> 5.0242349e-05 | G126: =$BW$126*'VDFB_ref(한국)'!G78 -> 2.9601627e-07 | H126: =$BW$126*'VDFB_ref(한국)'!H78 -> 5.5032844e-06 | I126: =$BW$126*'VDFB_ref(한국)'!I78 -> 4.6058314e-05 | ... AU126: =$BW$126*'VDFB_ref(한국)'!AU78 -> 0.0011324193 | AV126: =$AV$149*'VDFB_ref(한국)'!BX51 -> 8.0036931e-05 | AW126: =$BW$126*'VDFB_ref(한국)'!AW78 -> 0.0010412701 | AX126: =$BW$126*'VDFB_ref(한국)'!AX78 -> 0.00048588051 | AY126: =$AY$149*'VDFB_ref(한국)'!BZ51 -> 6.2347614e-05 | AZ126: =$BW$126*'VDFB_ref(한국)'!AZ78 -> 1.3822464e-05 | BA126: =$BW$126*'VDFB_ref(한국)'!BA78 -> 6.9720113e-05 | BB126: =$BW$126*'VDFB_ref(한국)'!BB78 -> 7.1103748e-05 | BC126: =$BW$126*'VDFB_ref(한국)'!BC78 -> 3.530555e-05 | BD126: =$BW$126*'VDFB_ref(한국)'!BD78 -> 0.00097214066 | BE126: =$BW$126*'VDFB_ref(한국)'!BE78 -> 2.4205207e-05 | BF126: =$BW$126*'VDFB_ref(한국)'!BF78 -> 0.0037270812 | BG126: =$BW$126*'VDFB_ref(한국)'!BG78 -> 0.001342469 | ... BU126: =$BW$126*'VDFB_ref(한국)'!BU78 -> 2.9494762e-07 | BV126: =SUM(B126:BU126) -> 0.079570864 | BW126: 0.08
A127: 51 eHydro | B127: =B52 -> 1.4242423e-05 | C127: =C52 -> 0.0004997146 | D127: =D52 -> 6.0170412e-05 | E127: =E52 -> 0.00719843 | F127: =F52 -> 0.0003752027 | G127: =G52 -> 9.7577707e-05 | H127: =H52 -> 0.0002120257 | I127: =I52 -> 0.001350759 | ... AU127: =AU52 -> 24.44548 | AV127: =$AV$149*'VDFB_ref(한국)'!BX52 -> 9.5761185e-05 | AW127: =AW52 -> 4.983591 | AX127: =AX52 -> 0.3228425 | AY127: =$AY$149*'VDFB_ref(한국)'!BZ52 -> 7.4595778e-05 | AZ127: =AZ52 -> 18.97896 | BA127: =BA52 -> 2.355249 | BB127: =BB52 -> 0.2220513 | BC127: =BC52 -> 0.02181883 | BD127: =BD52 -> 15.35122 | BE127: =BE52 -> 4.866004 | BF127: =BF52 -> 121.151 | BG127: =BG52 -> 55.28274 | ... BU127: =BU52 -> 0.0002322412
A128: 52 eOil | B128: =B53 -> 5.2185519e-06 | C128: =C53 -> 0.0001830999 | D128: =D53 -> 2.2046979e-05 | E128: =E53 -> 0.002637569 | F128: =F53 -> 0.0001374776 | G128: =G53 -> 3.5753346e-05 | H128: =H53 -> 7.7688113e-05 | I128: =I53 -> 0.0004949302 | ... AU128: =AU53 -> 8.957045 | AV128: =$AV$149*'VDFB_ref(한국)'!BX53 -> 0.00080825247 | AW128: =AW53 -> 1.826032 | AX128: =AX53 -> 0.1182924 | AY128: =$AY$149*'VDFB_ref(한국)'!BZ53 -> 0.00062961775 | AZ128: =AZ53 -> 6.954062 | BA128: =BA53 -> 0.8629845 | BB128: =BB53 -> 0.0813616 | BC128: =BC53 -> 0.007994615 | BD128: =BD53 -> 5.624823 | BE128: =BE53 -> 1.782947 | BF128: =BF53 -> 44.3908 | BG128: =BG53 -> 20.25609 | ... BU128: =BU53 -> 8.5095271e-05
A129: 53 eOther | B129: =B54 -> 2.9593102e-07 | C129: =C54 -> 1.038314e-05 | D129: =D54 -> 1.250229e-06 | E129: =E54 -> 0.00014957 | F129: =F54 -> 7.7960121e-06 | G129: =G54 -> 2.0274829e-06 | H129: =H54 -> 4.4054987e-06 | I129: =I54 -> 2.8066253e-05 | ... AU129: =AU54 -> 0.5079316 | AV129: =$AV$149*'VDFB_ref(한국)'!BX54 -> 0.00069878658 | AW129: =AW54 -> 0.1035497 | AX129: =AX54 -> 0.006708066 | AY129: =$AY$149*'VDFB_ref(한국)'!BZ54 -> 0.00054434468 | AZ129: =AZ54 -> 0.3943474 | BA129: =BA54 -> 0.04893769 | BB129: =BB54 -> 0.004613813 | BC129: =BC54 -> 0.0004533546 | BD129: =BD54 -> 0.3189697 | BE129: =BE54 -> 0.1011065 | BF129: =BF54 -> 2.517291 | BG129: =BG54 -> 1.148672 | ... BU129: =BU54 -> 4.8255397e-06
A130: 54 eSolar | B130: =B55 -> 1.8872703e-08 | C130: =C55 -> 6.6217427e-07 | D130: =D55 -> 7.9732096e-08 | E130: =E55 -> 9.5386731e-06 | F130: =F55 -> 4.9718278e-07 | G130: =G55 -> 1.2930067e-07 | H130: =H55 -> 2.8095624e-07 | I130: =I55 -> 1.7898971e-06 | ... AU130: =AU55 -> 0.03239283 | AV130: =$AV$149*'VDFB_ref(한국)'!BX55 -> 0.00021584209 | AW130: =AW55 -> 0.00660378 | AX130: =AX55 -> 0.0004278002 | AY130: =$AY$149*'VDFB_ref(한국)'!BZ55 -> 0.00016813723 | AZ130: =AZ55 -> 0.02514911 | BA130: =BA55 -> 0.003120952 | BB130: =BB55 -> 0.0002942413 | BC130: =BC55 -> 2.8912236e-05 | BD130: =BD55 -> 0.02034197 | BE130: =BE55 -> 0.006447965 | BF130: =BF55 -> 0.1605377 | BG130: =BG55 -> 0.07325543 | ... BU130: =BU55 -> 3.0774393e-07
A131: 55 wtr | B131: =B56 -> 0.002081215 | C131: =C56 -> 0.08841042 | D131: =D56 -> 0.02545046 | E131: =E56 -> 0.7268192 | F131: =F56 -> 0.06642973 | G131: =G56 -> 0.01906927 | H131: =H56 -> 0.06183548 | I131: =I56 -> 0.04404564 | ... AU131: =AU56 -> 13.51448 | AV131: =$AV$149*'VDFB_ref(한국)'!BX56 -> 0.00082649439 | AW131: =AW56 -> 1.564018 | AX131: =AX56 -> 0.04761338 | AY131: =$AY$149*'VDFB_ref(한국)'!BZ56 -> 0.0008653945 | AZ131: =AZ56 -> 6.325541 | BA131: =BA56 -> 1.028711 | BB131: =BB56 -> 0.1942956 | BC131: =BC56 -> 0.009517904 | BD131: =BD56 -> 47.06387 | BE131: =BE56 -> 33.04861 | BF131: =BF56 -> 48.6408 | BG131: =BG56 -> 143.0095 | ... BU131: =BU56 -> 0.03351272
A132: 56 cns | B132: =B57 -> 0.005240966 | C132: =C57 -> 0.2324139 | D132: =D57 -> 0.02737434 | E132: =E57 -> 2.582362 | F132: =F57 -> 0.2003556 | G132: =G57 -> 0.06339262 | H132: =H57 -> 0.0575197 | I132: =I57 -> 0.5495852 | ... AU132: =AU57 -> 4.356078 | AV132: =$AV$149*'VDFB_ref(한국)'!BX57 -> 0.0026596798 | AW132: =AW57 -> 0.5041248 | AX132: =AX57 -> 0.01534707 | AY132: =$AY$149*'VDFB_ref(한국)'!BZ57 -> 0.0027848289 | AZ132: =AZ57 -> 2.038891 | BA132: =BA57 -> 0.3315811 | BB132: =BB57 -> 0.06262667 | BC132: =BC57 -> 0.003067875 | BD132: =BD57 -> 5.118646 | BE132: =BE57 -> 1011.78 | BF132: =BF57 -> 63.99855 | BG132: =BG57 -> 18.76676 | ... BU132: =BU57 -> 150.8299
A133: 57 trd | B133: =B58 -> 0.1348495 | C133: =C58 -> 10.31792 | D133: =D58 -> 0.7929638 | E133: =E58 -> 19.57765 | F133: =F58 -> 0.9752907 | G133: =G58 -> 0.3060138 | H133: =H58 -> 0.607162 | I133: =I58 -> 2.509936 | ... AU133: =AU58 -> 10.67887 | AV133: =$AV$149*'VDFB_ref(한국)'!BX58 -> 0.0063544177 | AW133: =AW58 -> 1.235856 | AX133: =AX58 -> 0.03762314 | AY133: =$AY$149*'VDFB_ref(한국)'!BZ58 -> 0.0066535695 | AZ133: =AZ58 -> 4.998315 | BA133: =BA58 -> 0.812867 | BB133: =BB58 -> 0.1535285 | BC133: =BC58 -> 0.007520857 | BD133: =BD58 -> 19.97995 | BE133: =BE58 -> 1505.979 | BF133: =BF58 -> 3181.175 | BG133: =BG58 -> 8854.225 | ... BU133: =BU58 -> 26.23988
A134: 58 afs | B134: =B59 -> 0.002182436 | C134: =C59 -> 0.1837696 | D134: =D59 -> 0.07775507 | E134: =E59 -> 0.6706594 | F134: =F59 -> 0.01735293 | G134: =G59 -> 0.00554864 | H134: =H59 -> 0.3266024 | I134: =I59 -> 0.04062214 | ... AU134: =AU59 -> 0.6426876 | AV134: =$AV$149*'VDFB_ref(한국)'!BX59 -> 0.0015541431 | AW134: =AW59 -> 0.07437764 | AX134: =AX59 -> 0.002264278 | AY134: =$AY$149*'VDFB_ref(한국)'!BZ59 -> 0.0016272898 | AZ134: =AZ59 -> 0.3008142 | BA134: =BA59 -> 0.04892087 | BB134: =BB59 -> 0.009239823 | BC134: =BC59 -> 0.0004526286 | BD134: =BD59 -> 2.334341 | BE134: =BE59 -> 37.37496 | BF134: =BF59 -> 1112.369 | BG134: =BG59 -> 499.3648 | ... BU134: =BU59 -> 0.1776077
A135: 59 otp | B135: =B60 -> 0.0600172 | C135: =C60 -> 0.806695 | D135: =D60 -> 0.1348605 | E135: =E60 -> 9.778213 | F135: =F60 -> 0.5207914 | G135: =G60 -> 0.1675011 | H135: =H60 -> 0.2362019 | I135: =I60 -> 1.411434 | ... AU135: =AU60 -> 8.585784 | AV135: =$AV$149*'VDFB_ref(한국)'!BX60 -> 0.0015533346 | AW135: =AW60 -> 0.5484967 | AX135: =AX60 -> 0.03339576 | AY135: =$AY$149*'VDFB_ref(한국)'!BZ60 -> 0.0016264451 | AZ135: =AZ60 -> 4.436699 | BA135: =BA60 -> 0.7215322 | BB135: =BB60 -> 0.1362778 | BC135: =BC60 -> 0.006675804 | BD135: =BD60 -> 78.93414 | BE135: =BE60 -> 578.0584 | BF135: =BF60 -> 2877.51 | BG135: =BG60 -> 526.7709 | ... BU135: =BU60 -> 6.414635
A136: 60 wtp | B136: =B61 -> 0.008362411 | C136: =C61 -> 0.07524189 | D136: =D61 -> 0.01890275 | E136: =E61 -> 0.3693532 | F136: =F61 -> 0.01709609 | G136: =G61 -> 0.01300088 | H136: =H61 -> 0.02751657 | I136: =I61 -> 0.0505115 | ... AU136: =AU61 -> 9.0821556e-21 | AV136: =$AV$149*'VDFB_ref(한국)'!BX61 -> 0 | AW136: =AW61 -> 2.995591 | AX136: =AX61 -> 9.0821556e-21 | AY136: =$AY$149*'VDFB_ref(한국)'!BZ61 -> 0 | AZ136: =AZ61 -> 1.8164311e-20 | BA136: =BA61 -> 9.0821556e-21 | BB136: =BB61 -> 9.0821556e-21 | BC136: =BC61 -> 9.0821556e-21 | BD136: =BD61 -> 32.79584 | BE136: =BE61 -> 23.89411 | BF136: =BF61 -> 165.2943 | BG136: =BG61 -> 46.84613 | ... BU136: =BU61 -> 0.1438541
A137: 61 atp | B137: =B62 -> 0.001011532 | C137: =C62 -> 0.01974154 | D137: =D62 -> 0.004254953 | E137: =E62 -> 0.07703466 | F137: =F62 -> 0.0003577677 | G137: =G62 -> 0.0009155313 | H137: =H62 -> 0.01092681 | I137: =I62 -> 0.0109785 | ... AU137: =AU62 -> 0.5079193 | AV137: =$AV$149*'VDFB_ref(한국)'!BX62 -> 0.00039162978 | AW137: =AW62 -> 0.05878102 | AX137: =AX62 -> 0.00178947 | AY137: =$AY$149*'VDFB_ref(한국)'!BZ62 -> 0.00041005893 | AZ137: =AZ62 -> 0.237735 | BA137: =BA62 -> 0.03866241 | BB137: =BB62 -> 0.007302279 | BC137: =BC62 -> 0.0003577147 | BD137: =BD62 -> 2.406378 | BE137: =BE62 -> 22.47395 | BF137: =BF62 -> 789.6747 | BG137: =BG62 -> 25.16565 | ... BU137: =BU62 -> 0.2103736
A138: 62 whs | B138: =B63 -> 0.002621441 | C138: =C63 -> 0.1205469 | D138: =D63 -> 0.03653075 | E138: =E63 -> 0.225147 | F138: =F63 -> 0.004776965 | G138: =G63 -> 0.0007899698 | H138: =H63 -> 0.07115024 | I138: =I63 -> 0.001570935 | ... AU138: =AU63 -> 2.775638 | AV138: =$AV$149*'VDFB_ref(한국)'!BX63 -> 0.00025394237 | AW138: =AW63 -> 0.1773196 | AX138: =AX63 -> 0.01079628 | AY138: =$AY$149*'VDFB_ref(한국)'!BZ63 -> 0.00026589217 | AZ138: =AZ63 -> 1.434309 | BA138: =BA63 -> 0.2332591 | BB138: =BB63 -> 0.0440563 | BC138: =BC63 -> 0.002158174 | BD138: =BD63 -> 4.457539 | BE138: =BE63 -> 74.88889 | BF138: =BF63 -> 797.2381 | BG138: =BG63 -> 57.04851 | ... BU138: =BU63 -> 0.05389113
... A148: 72 dwe | B148: =B73 -> 0.0001064516 | C148: =C73 -> 0.008572633 | D148: =D73 -> 0.0005743966 | E148: =E73 -> 0.5103304 | F148: =F73 -> 0.002097415 | G148: =G73 -> 0.03740831 | H148: =H73 -> 0.03307462 | I148: =I73 -> 0.003477425 | ... AU148: =AU73 -> 0.0005607373 | AV148: =$AV$149*'VDFB_ref(한국)'!BX73 -> 2.8749554e-08 | AW148: =AW73 -> 3.1962525e-05 | AX148: =AX73 -> 9.7303484e-07 | AY148: =$AY$149*'VDFB_ref(한국)'!BZ73 -> 3.0048652e-08 | AZ148: =AZ73 -> 0.0001292698 | BA148: =BA73 -> 2.102291e-05 | BB148: =BB73 -> 3.970657e-06 | BC148: =BC73 -> 1.9450944e-07 | BD148: =BD73 -> 0.003608956 | BE148: =BE73 -> 0.08125782 | BF148: =BF73 -> 0.4123686 | BG148: =BG73 -> 0.5558272 | ... BU148: =BU73 -> 0.02438109
AV149: 0.08 | AY149: 0.08

Sheet VDFB_CPA
A1: VDFB | B1: 1 pdr | C1: 2 wht | D1: 3 gro | E1: 4 v_f | F1: 5 osd | G1: 6 c_b | H1: 7 pfb | I1: 8 ocr | J1: 9 ctl | K1: 10 oap | L1: 11 rmk | M1: 12 wol | N1: 13 frs | O1: 14 fsh | P1: 15 coa | Q1: 16 oil | R1: 17 gas | S1: 18 oxt | T1: 19 cmt | U1: 20 omt | V1: 21 vol | W1: 22 mil | X1: 23 pcr | Y1: 24 sgr | Z1: 25 ofd | AA1: 26 b_t | AB1: 27 tex | AC1: 28 wap | AD1: 29 lea | AE1: 30 lum | AF1: 31 ppp | AG1: 32 p_c | AH1: 33 chm | AI1: 34 bph | AJ1: 35 rpp | AK1: 36 nmm | AL1: 37 i_s | AM1: 38 nfm | AN1: 39 fmp | AO1: 40 ele | AP1: 41 eeq | AQ1: 42 ome | AR1: 43 mvh | AS1: 44 otn | AT1: 45 omf | AU1: 46 TnD | AV1: 47 eNuclear | AW1: 48 eCoal | AX1: 49 eGas | AY1: 50 eWind | AZ1: 51 eHydro | BA1: 52 eOil | BB1: 53 eOther | BC1: 54 eSolar | BD1: 55 wtr | BE1: 56 cns | BF1: 57 trd | BG1: 58 afs | BH1: 59 otp | BI1: 60 wtp | BJ1: 61 atp | BK1: 62 whs | BL1: 63 cmn | BM1: 64 ofi | BN1: 65 ins | BO1: 66 rsa | BP1: 67 obs | BQ1: 68 ros | BR1: 69 osg | BS1: 70 edu | BT1: 71 hht | BU1: 72 dwe | BV1: Total
A2: 1 pdr | B2: 2440.005 | C2: 0.2824842 | D2: 0.02429935 | E2: 81.08493 | F2: 0.9661417 | G2: 0.0185894 | H2: 0.02099327 | I2: 5.862594 | J2: 29.64857 | K2: 218.9821 | L2: 8.691939 | M2: 0.1851441 | N2: 8.175504 | O2: 6.898442 | P2: 0.3393807 | Q2: 0.104622 | R2: 0.1059218 | S2: 0.04591066 | T2: 0.03699675 | U2: 1.070518 | V2: 0.3002759 | W2: 0.6187536 | X2: 9214.19 | Y2: 16.9577 | Z2: 740.2809 | AA2: 23.33611 | AB2: 0.2941611 | AC2: 2.118661 | AD2: 3.594135 | AE2: 0.1949471 | AF2: 7.4227 | AG2: 0.06015459 | AH2: 1.889887 | AI2: 0.0227822 | AJ2: 4.757105 | AK2: 0.02215739 | AL2: 0.000179686 | AM2: 0.001902462 | AN2: 0.01563348 | AO2: 0.2648666 | AP2: 0.3996066 | AQ2: 0.05792649 | AR2: 0.0001327639 | AS2: 0.0003484531 | AT2: 17.54956 | AU2: 0.02624674 | AV2: 0 | AW2: 0.01078705 | AX2: 0.0009546354 | AY2: 3.2337208e-05 | AZ2: 0.01001453 | BA2: 0.0003407595 | BB2: 0.0001270908 | BC2: 4.0468617e-06 | BD2: 0.1760508 | BE2: 4.298072 | BF2: 23.83225 | BG2: 59.82568 | BH2: 0.01383917 | BI2: 0.006591494 | BJ2: 0.0002100858 | BK2: 0.433437 | BL2: 5.786473 | BM2: 0.009691181 | BN2: 0.001376508 | BO2: 0.4688658 | BP2: 895.5884 | BQ2: 8.858543 | BR2: 7.80156 | BS2: 0.6959578 | BT2: 1.723017 | BU2: 0.336404 | BV2: 13846.81
A3: 2 wht | B3: 0.2552467 | C3: 0.009464098 | D3: 0.02424603 | E3: 0.2082057 | F3: 9.1647489e-05 | G3: 0.001535574 | H3: 0.0004470686 | I3: 0.1563714 | J3: 0.01461342 | K3: 0.1166912 | L3: 0.02559948 | M3: 0.001473418 | N3: 0.02594697 | O3: 0.00430008 | P3: 1.1338017e-05 | Q3: 1.9240815e-06 | R3: 3.230205e-05 | S3: 1.1170068e-05 | T3: 0.000187374 | U3: 0.001708806 | V3: 0.009541059 | W3: 0.0003653638 | X3: 0.04327561 | Y3: 0.005175653 | Z3: 7.267434 | AA3: 0.07811287 | AB3: 0.002441488 | AC3: 0.01081459 | AD3: 0.009952192 | AE3: 0.001233983 | AF3: 0.000651759 | AG3: 3.5893336e-05 | AH3: 0.02599929 | AI3: 0.0006679423 | AJ3: 0.00181353 | AK3: 0.0001828186 | AL3: 8.8712277e-06 | AM3: 5.2437767e-06 | AN3: 0.0002075924 | AO3: 0.0006832645 | AP3: 0.001074241 | AQ3: 0.0001997579 | AR3: 1.6392982e-05 | AS3: 2.4150695e-05 | AT3: 0.01607768 | AU3: 0.001267666 | AV3: 0 | AW3: 0.0003993432 | AX3: 5.1877934e-05 | AY3: 1.7573071e-06 | AZ3: 0.0004904671 | BA3: 4.123528e-06 | BB3: 1.7231418e-06 | BC3: 3.7197694e-08 | BD3: 3.2569937e-05 | BE3: 0.004776575 | BF3: 0.0713412 | BG3: 0.2442358 | BH3: 0.0001870752 | BI3: 8.1455757e-05 | BJ3: 4.1257223e-05 | BK3: 0.00357382 | BL3: 0.0001043096 | BM3: 0.0001246002 | BN3: 2.1147185e-05 | BO3: 0.0006412352 | BP3: 0.124397 | BQ3: 0.003775819 | BR3: 0.1751414 | BS3: 0.006643474 | BT3: 0.001477679 | BU3: 0.0001761787 | BV3: 8.96117
A4: 3 gro | B4: 0.3967774 | C4: 0.0186369 | D4: 109.7173 | E4: 0.1805107 | F4: 0.006575648 | G4: 0.07447246 | H4: 0.09220115 | I4: 7.375558 | J4: 4.294246 | K4: 26.29452 | L4: 6.690835 | M4: 1.268186 | N4: 0.2195438 | O4: 0.3569839 | P4: 0.01039097 | Q4: 0.003186073 | R4: 0.003246899 | S4: 0.001188974 | T4: 0.2504869 | U4: 1.887827 | V4: 0.05839343 | W4: 0.1396984 | X4: 15.49497 | Y4: 0.3173918 | Z4: 796.7266 | AA4: 37.6285 | AB4: 2.721137 | AC4: 2.139347 | AD4: 1.056361 | AE4: 0.03730507 | AF4: 0.007268233 | AG4: 0.002070188 | AH4: 0.167844 | AI4: 0.005210956 | AJ4: 0.200926 | AK4: 0.01515395 | AL4: 3.645289e-05 | AM4: 0.0005321531 | AN4: 0.002163087 | AO4: 0.006353082 | AP4: 0.008165446 | AQ4: 0.001724385 | AR4: 0.0002174195 | AS4: 0.001092562 | AT4: 1.255384 | AU4: 0.005650448 | AV4: 0 | AW4: 0.005280721 | AX4: 3.8699734e-05 | AY4: 1.3109104e-06 | AZ4: 0.00239369 | BA4: 0.0003381594 | BB4: 0.0001253354 | BC4: 4.4197532e-06 | BD4: 0.1440057 | BE4: 0.1470801 | BF4: 23.78011 | BG4: 33.60554 | BH4: 0.0008500215 | BI4: 0.0005150213 | BJ4: 0.0005733349 | BK4: 0.003480269 | BL4: 0.8283584 | BM4: 0.006809411 | BN4: 0.001059763 | BO4: 5.060026 | BP4: 49.19181 | BQ4: 6.929185 | BR4: 3.12968 | BS4: 2.396982 | BT4: 1.351104 | BU4: 0.1284061 | BV4: 1143.856
A5: 4 v_f | B5: 3.380985 | C5: 0.05984953 | D5: 0.2357687 | E5: 6839.872 | F5: 0.2607173 | G5: 0.3440941 | H5: 0.06229963 | I5: 1.621775 | J5: 14.48652 | K5: 16.8354 | L5: 42.28559 | M5: 0.170386 | N5: 16.77812 | O5: 7.883452 | P5: 0.07087204 | Q5: 0.02020393 | R5: 0.02779178 | S5: 0.07703392 | T5: 13.60352 | U5: 224.0665 | V5: 0.5716817 | W5: 0.436625 | X5: 62.75668 | Y5: 23.55944 | Z5: 6011.515 | AA5: 366.463 | AB5: 34.67804 | AC5: 29.01197 | AD5: 25.48437 | AE5: 0.7655506 | AF5: 4.907389 | AG5: 0.1111948 | AH5: 62.57504 | AI5: 10.95488 | AJ5: 76.21854 | AK5: 0.1153719 | AL5: 0.03542098 | AM5: 0.01175585 | AN5: 0.2010556 | AO5: 0.2380937 | AP5: 0.1709024 | AQ5: 0.03832074 | AR5: 0.007082955 | AS5: 0.02332434 | AT5: 24.86282 | AU5: 0.1023681 | AV5: 0 | AW5: 0.03963486 | AX5: 0.003370411 | AY5: 0.0001141689 | AZ5: 0.04632319 | BA5: 0.0004595037 | BB5: 0.0002409053 | BC5: 7.2999264e-06 | BD5: 4.583706 | BE5: 9.222702 | BF5: 4.805998 | BG5: 2318.86 | BH5: 0.03227359 | BI5: 0.01662046 | BJ5: 0.005339719 | BK5: 0.4943625 | BL5: 2.298845 | BM5: 1.443465 | BN5: 0.2424891 | BO5: 15.99201 | BP5: 18.81234 | BQ5: 104.5414 | BR5: 9.800481 | BS5: 42.69376 | BT5: 14.46392 | BU5: 0.7624763 | BV5: 16467.12
A6: 5 osd | B6: 0.3603391 | C6: 0.007760571 | D6: 0.1140665 | E6: 2.867956 | F6: 100.2646 | G6: 0.06424164 | H6: 0.008744537 | I6: 0.5247079 | J6: 0.2154616 | K6: 1.171844 | L6: 0.8258884 | M6: 0.01416042 | N6: 0.6215014 | O6: 0.1011048 | P6: 0.0093116 | Q6: 0.002798484 | R6: 0.002885286 | S6: 0.002638035 | T6: 0.04667635 | U6: 0.5443439 | V6: 296.8744 | W6: 3.444132 | X6: 0.03983563 | Y6: 0.7807764 | Z6: 179.2708 | AA6: 1.301091 | AB6: 0.6922195 | AC6: 0.5906783 | AD6: 3.541795 | AE6: 0.03054237 | AF6: 0.0196215 | AG6: 0.003788172 | AH6: 4.137663 | AI6: 0.3461071 | AJ6: 5.964056 | AK6: 0.00327997 | AL6: 2.276946e-05 | AM6: 0.0002042708 | AN6: 0.001558468 | AO6: 0.003157778 | AP6: 0.002318827 | AQ6: 0.0005863932 | AR6: 0.0002800141 | AS6: 0.0008567499 | AT6: 0.5245381 | AU6: 0.395048 | AV6: 0 | AW6: 0.2368509 | AX6: 0.001569118 | AY6: 5.3152111e-05 | AZ6: 0.28756 | BA6: 0.0003714568 | BB6: 0.001326828 | BC6: 5.2732936e-05 | BD6: 0.2048961 | BE6: 0.3261409 | BF6: 0.9541395 | BG6: 11.3998 | BH6: 0.005387599 | BI6: 0.001756193 | BJ6: 0.0009949376 | BK6: 0.01408285 | BL6: 0.5653005 | BM6: 1.183195 | BN6: 0.2081534 | BO6: 2.204151 | BP6: 5.879073 | BQ6: 1.224187 | BR6: 3.686064 | BS6: 0.3435065 | BT6: 1.896478 | BU6: 0.7627211 | BV6: 637.1281
A7: 6 c_b | B7: 3.761405 | C7: 0.2379059 | D7: 0.04329105 | E7: 4.355056 | F7: 0.1400449 | G7: 2193.841 | H7: 0.0191276 | I7: 1.062088 | J7: 1.606691 | K7: 2.623932 | L7: 11.52909 | M7: 0.0833564 | N7: 0.3531936 | O7: 0.08727524 | P7: 0.2885739 | Q7: 0.08920187 | R7: 0.08997896 | S7: 0.02103489 | T7: 0.9621772 | U7: 13.8156 | V7: 1.354789 | W7: 0.6267083 | X7: 1.648823 | Y7: 712.2169 | Z7: 18.74351 | AA7: 3.875299 | AB7: 0.3276406 | AC7: 1.172289 | AD7: 0.8406515 | AE7: 0.1478445 | AF7: 1.03735 | AG7: 0.02397873 | AH7: 45.06085 | AI7: 0.06364007 | AJ7: 0.2937698 | AK7: 0.2012429 | AL7: 0.0003866327 | AM7: 0.01290603 | AN7: 0.01230876 | AO7: 0.03436923 | AP7: 0.009336063 | AQ7: 0.004229752 | AR7: 0.0002382739 | AS7: 0.015426 | AT7: 0.3657579 | AU7: 1.446185 | AV7: 0 | AW7: 0.9909596 | AX7: 0.03035336 | AY7: 0.001028186 | AZ7: 0.581904 | BA7: 0.05442749 | BB7: 0.02017785 | BC7: 0.0006999946 | BD7: 0.2134291 | BE7: 0.1783543 | BF7: 2.482777 | BG7: 8.313042 | BH7: 0.01851457 | BI7: 0.01348207 | BJ7: 0.004678027 | BK7: 0.09525982 | BL7: 1.096922 | BM7: 0.226907 | BN7: 0.03669953 | BO7: 5.254581 | BP7: 3.974005 | BQ7: 1.847373 | BR7: 2.254042 | BS7: 0.7283857 | BT7: 1.041813 | BU7: 0.6902727 | BV7: 3054.696
A8: 7 pfb | B8: 0.0490378 | C8: 5.0794519e-05 | D8: 0.004741445 | E8: 1.409449 | F8: 0.00103923 | G8: 0.004437193 | H8: 0.05808836 | I8: 0.06393407 | J8: 0.004044784 | K8: 0.04209419 | L8: 0.003537625 | M8: 0.0005468002 | N8: 0.04094264 | O8: 0.01048712 | P8: 3.750926e-05 | Q8: 1.8021939e-05 | R8: 0.0001233697 | S8: 0.0002606099 | T8: 0.0001238156 | U8: 0.002882948 | V8: 0.05915542 | W8: 0.002150746 | X8: 0.007243819 | Y8: 0.01588343 | Z8: 0.01932339 | AA8: 0.01716598 | AB8: 268.9796 | AC8: 2.334655 | AD8: 0.07883826 | AE8: 0.02020143 | AF8: 0.009414721 | AG8: 0.0001037343 | AH8: 0.622476 | AI8: 0.02474861 | AJ8: 0.4175372 | AK8: 0.001904469 | AL8: 2.5177938e-05 | AM8: 4.133629e-05 | AN8: 0.0004882881 | AO8: 0.01496428 | AP8: 0.01933847 | AQ8: 0.002878068 | AR8: 1.8696739e-05 | AS8: 2.6328045e-05 | AT8: 0.07720078 | AU8: 0.00117471 | AV8: 0 | AW8: 0.0003432457 | AX8: 5.0697199e-05 | AY8: 1.7173111e-06 | AZ8: 0.0004354366 | BA8: 2.8977286e-06 | BB8: 1.1033642e-06 | BC8: 1.9239449e-20 | BD8: 0.001022258 | BE8: 0.01115219 | BF8: 0.007076525 | BG8: 0.09874079 | BH8: 0.0001229143 | BI8: 5.6944671e-05 | BJ8: 3.8356342e-05 | BK8: 0.002708927 | BL8: 0.002864513 | BM8: 0.002113293 | BN8: 3.3614233e-05 | BO8: 0.004579911 | BP8: 0.01930274 | BQ8: 0.004535787 | BR8: 0.03397485 | BS8: 0.00137782 | BT8: 0.002222287 | BU8: 0.00333999 | BV8: 274.6185
A9: 8 ocr | B9: 1.847462 | C9: 0.004818093 | D9: 0.06071927 | E9: 650.7568 | F9: 0.3627461 | G9: 0.4476043 | H9: 0.01251004 | I9: 106.5329 | J9: 7.106574 | K9: 9.571278 | L9: 7.930107 | M9: 0.005257765 | N9: 2.886476 | O9: 0.1877548 | P9: 0.005398472 | Q9: 0.00156009 | R9: 0.002006246 | S9: 0.1616283 | T9: 0.114271 | U9: 1.477055 | V9: 0.2351379 | W9: 0.03735862 | X9: 0.01272567 | Y9: 1.410105 | Z9: 160.1755 | AA9: 165.4962 | AB9: 65.18081 | AC9: 1.410884 | AD9: 4.910277 | AE9: 5.227632 | AF9: 1.243842 | AG9: 0.01618087 | AH9: 329.9308 | AI9: 13.92803 | AJ9: 302.2434 | AK9: 0.6839015 | AL9: 0.00659685 | AM9: 0.06874273 | AN9: 0.009346814 | AO9: 0.05978153 | AP9: 0.05010176 | AQ9: 0.01147461 | AR9: 0.003060514 | AS9: 0.009424209 | AT9: 17.89758 | AU9: 0.06976986 | AV9: 0 | AW9: 0.03941962 | AX9: 0.0005879077 | AY9: 1.9914716e-05 | AZ9: 0.04793216 | BA9: 8.2114013e-05 | BB9: 0.0002165673 | BC9: 8.4044705e-06 | BD9: 0.4416637 | BE9: 2.196504 | BF9: 1.268363 | BG9: 8.272811 | BH9: 0.06908987 | BI9: 0.007075483 | BJ9: 0.002550338 | BK9: 0.5499959 | BL9: 0.2527374 | BM9: 1.233903 | BN9: 0.01805359 | BO9: 4.475486 | BP9: 11.06678 | BQ9: 13.98491 | BR9: 1.262174 | BS9: 0.4720261 | BT9: 0.975067 | BU9: 2.175179 | BV9: 1908.616
A10: 9 ctl | B10: 12.12095 | C10: 0.006592903 | D10: 0.4795656 | E10: 21.27229 | F10: 0.2009576 | G10: 0.3924353 | H10: 0.04299578 | I10: 6.009919 | J10: 420.9236 | K10: 0.2646868 | L10: 0.01476188 | M10: 0.003169276 | N10: 1.372452 | O10: 1.177975 | P10: 0.008335312 | Q10: 0.002207742 | R10: 0.002952505 | S10: 0.006215913 | T10: 222.5701 | U10: 2.849357 | V10: 0.01278799 | W10: 86.9696 | X10: 0.03135429 | Y10: 2.159508 | Z10: 3.670173 | AA10: 0.03834528 | AB10: 7.397739 | AC10: 9.711369 | AD10: 60.63403 | AE10: 0.03489225 | AF10: 0.01795367 | AG10: 0.01025929 | AH10: 1.298365 | AI10: 0.0708802 | AJ10: 1.2458 | AK10: 0.007265997 | AL10: 0.000159706 | AM10: 0.01079349 | AN10: 0.006134251 | AO10: 0.03807795 | AP10: 0.02136727 | AQ10: 0.003632671 | AR10: 0.0003105357 | AS10: 0.001772436 | AT10: 1.470286 | AU10: 0.02299844 | AV10: 0 | AW10: 0.01039472 | AX10: 0.0006515046 | AY10: 2.2068991e-05 | AZ10: 0.01085679 | BA10: 0.0002078103 | BB10: 9.5775948e-05 | BC10: 3.1815573e-06 | BD10: 0.03252374 | BE10: 0.8499857 | BF10: 6.219753 | BG10: 79.6941 | BH10: 0.003156786 | BI10: 0.00398268 | BJ10: 0.0008143124 | BK10: 0.08105303 | BL10: 0.3399023 | BM10: 0.006613671 | BN10: 0.001049408 | BO10: 2.097969 | BP10: 8.119089 | BQ10: 0.4856259 | BR10: 1.640959 | BS10: 7.650775 | BT10: 0.6519715 | BU10: 0.3686945 | BV10: 972.8776
A11: 10 oap | B11: 0.4823551 | C11: 0.01569653 | D11: 0.02477789 | E11: 2.269466 | F11: 0.02284173 | G11: 0.1082898 | H11: 0.04009119 | I11: 0.3082926 | J11: 0.007388325 | K11: 1921.914 | L11: 68.07055 | M11: 0.08213202 | N11: 2.183517 | O11: 1.419273 | P11: 0.01869434 | Q11: 0.005479607 | R11: 0.007106875 | S11: 0.01015677 | T11: 0.2491413 | U11: 1859.793 | V11: 0.02497495 | W11: 1.040698 | X11: 0.07506345 | Y11: 3.48506 | Z11: 12.21637 | AA11: 0.0190623 | AB11: 3.090093 | AC11: 16.99077 | AD11: 99.0199 | AE11: 0.04991625 | AF11: 0.02003267 | AG11: 0.01506977 | AH11: 2.510861 | AI11: 0.06999597 | AJ11: 1.944506 | AK11: 0.008035428 | AL11: 0.0001964395 | AM11: 0.001121543 | AN11: 0.009705819 | AO11: 0.05092113 | AP11: 0.01682968 | AQ11: 0.00302892 | AR11: 0.0004456218 | AS11: 0.001818989 | AT11: 2.234221 | AU11: 0.02837362 | AV11: 0 | AW11: 0.01343327 | AX11: 0.0006141138 | AY11: 2.0802421e-05 | AZ11: 0.01580642 | BA11: 0.0001045437 | BB11: 8.3189625e-05 | BC11: 2.8942213e-06 | BD11: 0.05068876 | BE11: 1.344289 | BF11: 7.881521 | BG11: 340.4101 | BH11: 0.003122439 | BI11: 0.002117759 | BJ11: 0.0002408336 | BK11: 0.09548518 | BL11: 0.08889044 | BM11: 0.002649331 | BN11: 0.000457112 | BO11: 0.3241492 | BP11: 7.536964 | BQ11: 1.581215 | BR11: 2.286096 | BS11: 22.20363 | BT11: 2.830962 | BU11: 0.2101833 | BV11: 4386.843
A12: 11 rmk | B12: 34.7354 | C12: 0.009001642 | D12: 0.723762 | E12: 109.0517 | F12: 1.956603 | G12: 2.621096 | H12: 0.1676511 | I12: 14.68325 | J12: 0.07077587 | K12: 0.05875935 | L12: 416.7437 | M12: 0.0006657324 | N12: 8.108878 | O12: 0.781854 | P12: 0.002012034 | Q12: 0.0002104909 | R12: 0.003975235 | S12: 0.01615052 | T12: 0.7525111 | U12: 12.77641 | V12: 0.6110683 | W12: 88.02726 | X12: 0.160625 | Y12: 5.774088 | Z12: 4.426745 | AA12: 0.1242094 | AB12: 2.02427 | AC12: 0.953923 | AD12: 3.959947 | AE12: 0.1365677 | AF12: 0.01623239 | AG12: 0.02728583 | AH12: 2.01429 | AI12: 0.05860545 | AJ12: 2.151194 | AK12: 0.0164999 | AL12: 0.0008767033 | AM12: 0.0009844486 | AN12: 0.01581197 | AO12: 0.02339212 | AP12: 0.01411298 | AQ12: 0.003520892 | AR12: 0.007437454 | AS12: 0.02557348 | AT12: 3.743493 | AU12: 0.06192419 | AV12: 0 | AW12: 0.02510786 | AX12: 0.001760536 | AY12: 5.9636182e-05 | AZ12: 0.03137567 | BA12: 9.4367402e-05 | BB12: 0.0001070808 | BC12: 3.3415192e-06 | BD12: 0.005094623 | BE12: 3.880808 | BF12: 1.537911 | BG12: 68.05196 | BH12: 0.007566325 | BI12: 0.0115847 | BJ12: 0.001714492 | BK12: 0.2126975 | BL12: 0.007303508 | BM12: 0.001587186 | BN12: 0.0002912937 | BO12: 0.1286118 | BP12: 1.814797 | BQ12: 0.259813 | BR12: 4.456592 | BS12: 12.26085 | BT12: 1.020376 | BU12: 0.03010333 | BV12: 811.3925
A13: 12 wol | B13: 0.008219317 | C13: 4.853714e-06 | D13: 0.0008196363 | E13: 0.01915365 | F13: 0.0001279677 | G13: 0.001902849 | H13: 0.0001762161 | I13: 0.0131014 | J13: 0.0009653527 | K13: 0.137823 | L13: 0.5644016 | M13: 9.654358 | N13: 0.007659226 | O13: 0.0635021 | P13: 9.9965155e-06 | Q13: 1.1557109e-06 | R13: 2.3312694e-05 | S13: 2.484943e-06 | T13: 0.0008363331 | U13: 0.02018392 | V13: 0.0007764772 | W13: 0.00131089 | X13: 0.0009318978 | Y13: 0.002691851 | Z13: 0.0975828 | AA13: 0.0006411705 | AB13: 11.07293 | AC13: 0.09141006 | AD13: 0.841688 | AE13: 0.0005748798 | AF13: 9.3029499e-05 | AG13: 9.6072354e-06 | AH13: 0.08179545 | AI13: 0.001831438 | AJ13: 0.03305246 | AK13: 0.0001019588 | AL13: 3.0088015e-06 | AM13: 9.8622854e-07 | AN13: 7.9039492e-05 | AO13: 0.003092388 | AP13: 0.00279646 | AQ13: 0.0004066796 | AR13: 1.3355618e-06 | AS13: 3.9541851e-06 | AT13: 0.01440146 | AU13: 0.0003178622 | AV13: 0 | AW13: 9.5053008e-05 | AX13: 1.3482237e-05 | AY13: 4.5669572e-07 | AZ13: 0.0001197205 | BA13: 8.2840529e-07 | BB13: 3.3040584e-07 | BC13: 1.9047488e-20 | BD13: 0.002638411 | BE13: 0.01310377 | BF13: 0.06499374 | BG13: 2.707281 | BH13: 3.847363e-05 | BI13: 8.4204286e-05 | BJ13: 2.3568089e-05 | BK13: 0.00207787 | BL13: 6.1055282e-05 | BM13: 2.7793534e-05 | BN13: 4.8498432e-06 | BO13: 0.001105577 | BP13: 0.05376222 | BQ13: 0.004087945 | BR13: 0.0471471 | BS13: 0.1859979 | BT13: 0.02138014 | BU13: 0.00311556 | BV13: 25.84896
... A74: Total | B74: 5332.91 | C74: 1.726331 | D74: 220.9619 | E74: 14455.14 | F74: 148.4568 | G74: 2583.159 | H74: 31.8373 | I74: 1896.862 | J74: 850.8008 | K74: 5925.057 | L74: 932.4103 | M74: 20.08629 | N74: 4857.808 | O74: 6679.442 | P74: 1405.019 | Q74: 778.7162 | R74: 323.4155 | S74: 2019.087 | T74: 367.3593 | U74: 3185.239 | V74: 440.977 | W74: 2983.364 | X74: 10587.15 | Y74: 936.2837 | Z74: 19602.81 | AA74: 1969.593 | AB74: 9034.358 | AC74: 15174.19 | AD74: 15153.43 | AE74: 10111.33 | AF74: 7138.05 | AG74: 3022.838 | AH74: 9998.509 | AI74: 1799.766 | AJ74: 9845.427 | AK74: 9846.81 | AL74: 7223.592 | AM74: 4312.179 | AN74: 7178.677 | AO74: 38105.67 | AP74: 16180.88 | AQ74: 2055.783 | AR74: 2641.424 | AS74: 7413.715 | AT74: 16670.18 | AU74: 3156.17 | AV74: 0 | AW74: 2665.95 | AX74: 1716.745 | AY74: 5.166828 | AZ74: 1305.802 | BA74: 41.5962 | BB74: 6.812481 | BC74: 0.08998556 | BD74: 918.9895 | BE74: 23703.96 | BF74: 10638.55 | BG74: 10554.02 | BH74: 3428.112 | BI74: 995.6053 | BJ74: 1546.713 | BK74: 2036.78 | BL74: 5472.107 | BM74: 6292.125 | BN74: 871.9647 | BO74: 2701.12 | BP74: 7182.784 | BQ74: 3185.672 | BR74: 4089.718 | BS74: 3562.495 | BT74: 2665.893 | BU74: 1574.22 | BV74: 381761.6
A76: VDFB | B76: 1 a_pdr | C76: 2 a_wht | D76: 3 a_gro | E76: 4 a_v_f | F76: 5 a_osd | G76: 6 a_c_b | H76: 7 a_pfb | I76: 8 a_ocr | J76: 9 a_ctl | K76: 10 a_oap | L76: 11 a_rmk | M76: 12 a_wol | N76: 13 a_frs | O76: 14 a_fsh | P76: 15 a_coa | Q76: 16 a_oil | R76: 17 a_gas | S76: 18 a_oxt | T76: 19 a_cmt | U76: 20 a_omt | V76: 21 a_vol | W76: 22 a_mil | X76: 23 a_pcr | Y76: 24 a_sgr | Z76: 25 a_ofd | AA76: 26 a_b_t | AB76: 27 a_tex | AC76: 28 a_wap | AD76: 29 a_lea | AE76: 30 a_lum | AF76: 31 a_ppp | AG76: 32 a_p_c | AH76: 33 a_chm | AI76: 34 a_bph | AJ76: 35 a_rpp | AK76: 36 a_nmm | AL76: 37 a_i_s | AM76: 38 a_nfm | AN76: 39 a_fmp | AO76: 40 a_ele | AP76: 41 a_eeq | AQ76: 42 a_ome | AR76: 43 a_mvh | AS76: 44 a_otn | AT76: 45 a_omf | AU76: 46 a_TnD | AV76: 47 a_eNuclear | AW76: 48 a_eCoal | AX76: 49 a_eGas | AY76: 50 a_eWind | AZ76: 51 a_eHydro | BA76: 52 a_eOil | BB76: 53 a_eOther | BC76: 54 a_eSolar | BD76: 55 a_wtr | BE76: 56 a_cns | BF76: 57 a_trd | BG76: 58 a_afs | BH76: 59 a_otp | BI76: 60 a_wtp | BJ76: 61 a_atp | BK76: 62 a_whs | BL76: 63 a_cmn | BM76: 64 a_ofi | BN76: 65 a_ins | BO76: 66 a_rsa | BP76: 67 a_obs | BQ76: 68 a_ros | BR76: 69 a_osg | BS76: 70 a_edu | BT76: 71 a_hht | BU76: 72 a_dwe
A77: 1 pdr | B77: =B2 -> 2440.005 | C77: =C2 -> 0.2824842 | D77: =D2 -> 0.02429935 | E77: =E2 -> 81.08493 | F77: =F2 -> 0.9661417 | G77: =G2 -> 0.0185894 | H77: =H2 -> 0.02099327 | I77: =I2 -> 5.862594 | ... AU77: =AU2 -> 0.02624674 | AV77: =$AV$149*'VDFB_ref(한국)'!BX2 -> 3.3802621e-07 | AW77: =AW2 -> 0.01078705 | AX77: =AX2 -> 0.0009546354 | AY77: =AY2 -> 3.2337208e-05 | AZ77: =AZ2 -> 0.01001453 | BA77: =BA2 -> 0.0003407595 | BB77: =BB2 -> 0.0001270908 | BC77: =BC2 -> 4.0468617e-06 | BD77: =BD2 -> 0.1760508 | ... BU77: =BU2 -> 0.336404
A78: 2 wht | B78: =B3 -> 0.2552467 | C78: =C3 -> 0.009464098 | D78: =D3 -> 0.02424603 | E78: =E3 -> 0.2082057 | F78: =F3 -> 9.1647489e-05 | G78: =G3 -> 0.001535574 | H78: =H3 -> 0.0004470686 | I78: =I3 -> 0.1563714 | ... AU78: =AU3 -> 0.001267666 | AV78: =$AV$149*'VDFB_ref(한국)'!BX3 -> 2.5017824e-08 | AW78: =AW3 -> 0.0003993432 | AX78: =AX3 -> 5.1877934e-05 | AY78: =AY3 -> 1.7573071e-06 | AZ78: =AZ3 -> 0.0004904671 | BA78: =BA3 -> 4.123528e-06 | BB78: =BB3 -> 1.7231418e-06 | BC78: =BC3 -> 3.7197694e-08 | BD78: =BD3 -> 3.2569937e-05 | ... BU78: =BU3 -> 0.0001761787
A79: 3 gro | B79: =B4 -> 0.3967774 | C79: =C4 -> 0.0186369 | D79: =D4 -> 109.7173 | E79: =E4 -> 0.1805107 | F79: =F4 -> 0.006575648 | G79: =G4 -> 0.07447246 | H79: =H4 -> 0.09220115 | I79: =I4 -> 7.375558 | ... AU79: =AU4 -> 0.005650448 | AV79: =$AV$149*'VDFB_ref(한국)'!BX4 -> 1.0090903e-08 | AW79: =AW4 -> 0.005280721 | AX79: =AX4 -> 3.8699734e-05 | AY79: =AY4 -> 1.3109104e-06 | AZ79: =AZ4 -> 0.00239369 | BA79: =BA4 -> 0.0003381594 | BB79: =BB4 -> 0.0001253354 | BC79: =BC4 -> 4.4197532e-06 | BD79: =BD4 -> 0.1440057 | ... BU79: =BU4 -> 0.1284061
A80: 4 v_f | B80: =B5 -> 3.380985 | C80: =C5 -> 0.05984953 | D80: =D5 -> 0.2357687 | E80: =E5 -> 6839.872 | F80: =F5 -> 0.2607173 | G80: =G5 -> 0.3440941 | H80: =H5 -> 0.06229963 | I80: =I5 -> 1.621775 | ... AU80: =AU5 -> 0.1023681 | AV80: =$AV$149*'VDFB_ref(한국)'!BX5 -> 7.0316078e-06 | AW80: =AW5 -> 0.03963486 | AX80: =AX5 -> 0.003370411 | AY80: =AY5 -> 0.0001141689 | AZ80: =AZ5 -> 0.04632319 | BA80: =BA5 -> 0.0004595037 | BB80: =BB5 -> 0.0002409053 | BC80: =BC5 -> 7.2999264e-06 | BD80: =BD5 -> 4.583706 | ... BU80: =BU5 -> 0.7624763
A81: 5 osd | B81: =B6 -> 0.3603391 | C81: =C6 -> 0.007760571 | D81: =D6 -> 0.1140665 | E81: =E6 -> 2.867956 | F81: =F6 -> 100.2646 | G81: =G6 -> 0.06424164 | H81: =H6 -> 0.008744537 | I81: =I6 -> 0.5247079 | ... AU81: =AU6 -> 0.395048 | AV81: =$AV$149*'VDFB_ref(한국)'!BX6 -> 3.6400363e-06 | AW81: =AW6 -> 0.2368509 | AX81: =AX6 -> 0.001569118 | AY81: =AY6 -> 5.3152111e-05 | AZ81: =AZ6 -> 0.28756 | BA81: =BA6 -> 0.0003714568 | BB81: =BB6 -> 0.001326828 | BC81: =BC6 -> 5.2732936e-05 | BD81: =BD6 -> 0.2048961 | ... BU81: =BU6 -> 0.7627211
A82: 6 c_b | B82: =B7 -> 3.761405 | C82: =C7 -> 0.2379059 | D82: =D7 -> 0.04329105 | E82: =E7 -> 4.355056 | F82: =F7 -> 0.1400449 | G82: =G7 -> 2193.841 | H82: =H7 -> 0.0191276 | I82: =I7 -> 1.062088 | ... AU82: =AU7 -> 1.446185 | AV82: =$AV$149*'VDFB_ref(한국)'!BX7 -> 1.6024354e-06 | AW82: =AW7 -> 0.9909596 | AX82: =AX7 -> 0.03035336 | AY82: =AY7 -> 0.001028186 | AZ82: =AZ7 -> 0.581904 | BA82: =BA7 -> 0.05442749 | BB82: =BB7 -> 0.02017785 | BC82: =BC7 -> 0.0006999946 | BD82: =BD7 -> 0.2134291 | ... BU82: =BU7 -> 0.6902727
A83: 7 pfb | B83: =B8 -> 0.0490378 | C83: =C8 -> 5.0794519e-05 | D83: =D8 -> 0.004741445 | E83: =E8 -> 1.409449 | F83: =F8 -> 0.00103923 | G83: =G8 -> 0.004437193 | H83: =H8 -> 0.05808836 | I83: =I8 -> 0.06393407 | ... AU83: =AU8 -> 0.00117471 | AV83: =$AV$149*'VDFB_ref(한국)'!BX8 -> 1.0585929e-08 | AW83: =AW8 -> 0.0003432457 | AX83: =AX8 -> 5.0697199e-05 | AY83: =AY8 -> 1.7173111e-06 | AZ83: =AZ8 -> 0.0004354366 | BA83: =BA8 -> 2.8977286e-06 | BB83: =BB8 -> 1.1033642e-06 | BC83: =BC8 -> 1.9239449e-20 | BD83: =BD8 -> 0.001022258 | ... BU83: =BU8 -> 0.00333999
A84: 8 ocr | B84: =B9 -> 1.847462 | C84: =C9 -> 0.004818093 | D84: =D9 -> 0.06071927 | E84: =E9 -> 650.7568 | F84: =F9 -> 0.3627461 | G84: =G9 -> 0.4476043 | H84: =H9 -> 0.01251004 | I84: =I9 -> 106.5329 | ... AU84: =AU9 -> 0.06976986 | AV84: =$AV$149*'VDFB_ref(한국)'!BX9 -> 6.4034586e-06 | AW84: =AW9 -> 0.03941962 | AX84: =AX9 -> 0.0005879077 | AY84: =AY9 -> 1.9914716e-05 | AZ84: =AZ9 -> 0.04793216 | BA84: =BA9 -> 8.2114013e-05 | BB84: =BB9 -> 0.0002165673 | BC84: =BC9 -> 8.4044705e-06 | BD84: =BD9 -> 0.4416637 | ... BU84: =BU9 -> 2.175179
A85: 9 ctl | B85: =B10 -> 12.12095 | C85: =C10 -> 0.006592903 | D85: =D10 -> 0.4795656 | E85: =E10 -> 21.27229 | F85: =F10 -> 0.2009576 | G85: =G10 -> 0.3924353 | H85: =H10 -> 0.04299578 | I85: =I10 -> 6.009919 | ... AU85: =AU10 -> 0.02299844 | AV85: =$AV$149*'VDFB_ref(한국)'!BX10 -> 2.1069044e-07 | AW85: =AW10 -> 0.01039472 | AX85: =AX10 -> 0.0006515046 | AY85: =AY10 -> 2.2068991e-05 | AZ85: =AZ10 -> 0.01085679 | BA85: =BA10 -> 0.0002078103 | BB85: =BB10 -> 9.5775948e-05 | BC85: =BC10 -> 3.1815573e-06 | BD85: =BD10 -> 0.03252374 | ... BU85: =BU10 -> 0.3686945
A86: 10 oap | B86: =B11 -> 0.4823551 | C86: =C11 -> 0.01569653 | D86: =D11 -> 0.02477789 | E86: =E11 -> 2.269466 | F86: =F11 -> 0.02284173 | G86: =G11 -> 0.1082898 | H86: =H11 -> 0.04009119 | I86: =I11 -> 0.3082926 | ... AU86: =AU11 -> 0.02837362 | AV86: =$AV$149*'VDFB_ref(한국)'!BX11 -> 3.4693667e-07 | AW86: =AW11 -> 0.01343327 | AX86: =AX11 -> 0.0006141138 | AY86: =AY11 -> 2.0802421e-05 | AZ86: =AZ11 -> 0.01580642 | BA86: =BA11 -> 0.0001045437 | BB86: =BB11 -> 8.3189625e-05 | BC86: =BC11 -> 2.8942213e-06 | BD86: =BD11 -> 0.05068876 | ... BU86: =BU11 -> 0.2101833
A87: 11 rmk | B87: =B12 -> 34.7354 | C87: =C12 -> 0.009001642 | D87: =D12 -> 0.723762 | E87: =E12 -> 109.0517 | F87: =F12 -> 1.956603 | G87: =G12 -> 2.621096 | H87: =H12 -> 0.1676511 | I87: =I12 -> 14.68325 | ... AU87: =AU12 -> 0.06192419 | AV87: =$AV$149*'VDFB_ref(한국)'!BX12 -> 4.1780147e-07 | AW87: =AW12 -> 0.02510786 | AX87: =AX12 -> 0.001760536 | AY87: =AY12 -> 5.9636182e-05 | AZ87: =AZ12 -> 0.03137567 | BA87: =BA12 -> 9.4367402e-05 | BB87: =BB12 -> 0.0001070808 | BC87: =BC12 -> 3.3415192e-06 | BD87: =BD12 -> 0.005094623 | ... BU87: =BU12 -> 0.03010333
A88: 12 wol | B88: =B13 -> 0.008219317 | C88: =C13 -> 4.853714e-06 | D88: =D13 -> 0.0008196363 | E88: =E13 -> 0.01915365 | F88: =F13 -> 0.0001279677 | G88: =G13 -> 0.001902849 | H88: =H13 -> 0.0001762161 | I88: =I13 -> 0.0131014 | ... AU88: =AU13 -> 0.0003178622 | AV88: =$AV$149*'VDFB_ref(한국)'!BX13 -> 4.0744401e-09 | AW88: =AW13 -> 9.5053008e-05 | AX88: =AX13 -> 1.3482237e-05 | AY88: =AY13 -> 4.5669572e-07 | AZ88: =AZ13 -> 0.0001197205 | BA88: =BA13 -> 8.2840529e-07 | BB88: =BB13 -> 3.3040584e-07 | BC88: =BC13 -> 1.9047488e-20 | BD88: =BD13 -> 0.002638411 | ... BU88: =BU13 -> 0.00311556
... A122: 46 TnD | B122: =B47 -> 28.53779 | C122: =C47 -> 0.0001887247 | D122: =D47 -> 0.4871448 | E122: =E47 -> 77.78972 | F122: =F47 -> 0.2663709 | G122: =G47 -> 7.663683 | H122: =H47 -> 0.2972401 | I122: =I47 -> 18.21877 | ... AU122: =AU47 -> 66.12062 | AV122: =$AV$149*'VDFB_ref(한국)'!BX47 -> 0.0038649214 | AW122: =AW47 -> 60.06635 | AX122: =AX47 -> 20.74114 | AY122: =AY47 -> 0.2557105 | AZ122: =AZ47 -> 73.10513 | BA122: =BA47 -> 0.6318333 | BB122: =BB47 -> 0.1078257 | BC122: =BC47 -> 0.004140956 | BD122: =BD47 -> 21.16689 | ... BU122: =BU47 -> 0.004133828
A123: 47 eNuclear | B123: =$BW$123*'VDFB_ref(한국)'!B76 -> 0.00019407552 | C123: =$BW$123*'VDFB_ref(한국)'!C76 -> 2.2142877e-05 | D123: =$BW$123*'VDFB_ref(한국)'!D76 -> 1.9224849e-05 | E123: =$BW$123*'VDFB_ref(한국)'!E76 -> 0.00053130637 | F123: =$BW$123*'VDFB_ref(한국)'!F76 -> 5.0242256e-05 | G123: =$BW$123*'VDFB_ref(한국)'!G76 -> 2.9599125e-07 | H123: =$BW$123*'VDFB_ref(한국)'!H76 -> 5.5033746e-06 | I123: =$BW$123*'VDFB_ref(한국)'!I76 -> 4.6058225e-05 | ... AU123: =$BW$123*'VDFB_ref(한국)'!AU76 -> 0.0011324194 | AV123: =$AV$149*'VDFB_ref(한국)'!BX48 -> 0.0014575466 | AW123: =$BW$123*'VDFB_ref(한국)'!AW76 -> 0.0010412701 | AX123: =$BW$123*'VDFB_ref(한국)'!AX76 -> 0.00048588062 | AY123: =$BW$123*'VDFB_ref(한국)'!AY76 -> 9.9779978e-06 | AZ123: =$BW$123*'VDFB_ref(한국)'!AZ76 -> 1.3822539e-05 | BA123: =$BW$123*'VDFB_ref(한국)'!BA76 -> 6.9720053e-05 | BB123: =$BW$123*'VDFB_ref(한국)'!BB76 -> 7.1103683e-05 | BC123: =$BW$123*'VDFB_ref(한국)'!BC76 -> 3.5305657e-05 | BD123: =$BW$123*'VDFB_ref(한국)'!BD76 -> 0.00097214065 | ... BU123: =$BW$123*'VDFB_ref(한국)'!BU76 -> 2.9489097e-07 | BV123: =SUM(B123:BU123) -> 0.080896005 | BW123: 0.08
A124: 48 eCoal | B124: =B49 -> 22.10855 | C124: =C49 -> 0.0001591451 | D124: =D49 -> 0.3898221 | E124: =E49 -> 60.22855 | F124: =F49 -> 0.2073205 | G124: =G49 -> 5.922513 | H124: =H49 -> 0.2306091 | I124: =I49 -> 14.08541 | ... AU124: =AU49 -> 53.38868 | AV124: =$AV$149*'VDFB_ref(한국)'!BX49 -> 0.0037793291 | AW124: =AW49 -> 51.42294 | AX124: =AX49 -> 16.02489 | AY124: =AY49 -> 0.1975654 | AZ124: =AZ49 -> 58.5302 | BA124: =BA49 -> 0.7671205 | BB124: =BB49 -> 0.1378809 | BC124: =BC49 -> 0.007162347 | BD124: =BD49 -> 19.54513 | ... BU124: =BU49 -> 0.003220137
A125: 49 eGas | B125: =B50 -> 9.220884 | C125: =C50 -> 5.1526826e-05 | D125: =D50 -> 0.1349564 | E125: =E50 -> 25.18486 | F125: =F50 -> 0.08433704 | G125: =G50 -> 2.501297 | H125: =H50 -> 0.09538388 | I125: =I50 -> 5.935271 | ... AU125: =AU50 -> 20.81317 | AV125: =$AV$149*'VDFB_ref(한국)'!BX50 -> 0.0029835647 | AW125: =AW50 -> 17.90988 | AX125: =AX50 -> 6.775979 | AY125: =AY50 -> 0.08353873 | AZ125: =AZ50 -> 23.18118 | BA125: =BA50 -> 0.1112139 | BB125: =BB50 -> 0.01659716 | BC125: =BC50 -> 0 | BD125: =BD50 -> 5.768785 | ... BU125: =BU50 -> 0.001305626
A126: 50 eWind | B126: =B51 -> 0.137929 | C126: =C51 -> 7.7075515e-07 | D126: =D51 -> 0.002018722 | E126: =E51 -> 0.3767234 | F126: =F51 -> 0.001261541 | G126: =G51 -> 0.03741523 | H126: =H51 -> 0.001426783 | I126: =I51 -> 0.08878173 | ... AU126: =AU51 -> 0.3113302 | AV126: =$AV$149*'VDFB_ref(한국)'!BX51 -> 8.0036931e-05 | AW126: =AW51 -> 0.2679018 | AX126: =AX51 -> 0.1013573 | AY126: =AY51 -> 0.0012496 | AZ126: =AZ51 -> 0.3467518 | BA126: =BA51 -> 0.001663574 | BB126: =BB51 -> 0.0002482658 | BC126: =BC51 -> 0 | BD126: =BD51 -> 0.08629139 | ... BU126: =BU51 -> 1.9529987e-05
A127: 51 eHydro | B127: =B52 -> 42.84283 | C127: =C52 -> 0.000277086 | D127: =D52 -> 0.7422723 | E127: =E52 -> 116.7703 | F127: =F52 -> 0.4007341 | G127: =G52 -> 11.49406 | H127: =H52 -> 0.4465998 | I127: =I52 -> 27.33034 | ... AU127: =AU52 -> 96.91615 | AV127: =$AV$149*'VDFB_ref(한국)'!BX52 -> 9.5761185e-05 | AW127: =AW52 -> 85.19135 | AX127: =AX52 -> 31.10513 | AY127: =AY52 -> 0.3834846 | AZ127: =AZ52 -> 107.6402 | BA127: =BA52 -> 0.6754515 | BB127: =BB52 -> 0.1084784 | BC127: =BC52 -> 0.002345022 | BD127: =BD52 -> 28.70319 | ... BU127: =BU52 -> 0.006219258
A128: 52 eOil | B128: =B53 -> 0.3586317 | C128: =C53 -> 4.7956491e-06 | D128: =D53 -> 0.005242032 | E128: =E53 -> 0.9765449 | F128: =F53 -> 0.003280371 | G128: =G53 -> 0.09702089 | H128: =H53 -> 0.00369862 | I128: =I53 -> 0.2301397 | ... AU128: =AU53 -> 1.483602 | AV128: =$AV$149*'VDFB_ref(한국)'!BX53 -> 0.00080825247 | AW128: =AW53 -> 2.168377 | AX128: =AX53 -> 0.2626995 | AY128: =AY53 -> 0.003238732 | AZ128: =AZ53 -> 1.500345 | BA128: =BA53 -> 0.08632746 | BB128: =BB53 -> 0.01668759 | BC128: =BC53 -> 0.001165081 | BD128: =BD53 -> 1.150419 | ... BU128: =BU53 -> 5.1123825e-05
A129: 53 eOther | B129: =B54 -> 0.04861568 | C129: =C54 -> 7.7503137e-07 | D129: =D54 -> 0.001109876 | E129: =E54 -> 0.1315339 | F129: =F54 -> 0.0004754532 | G129: =G54 -> 0.01271018 | H129: =H54 -> 0.0005132508 | I129: =I54 -> 0.03034439 | ... AU129: =AU54 -> 0.2004954 | AV129: =$AV$149*'VDFB_ref(한국)'!BX54 -> 0.00069878658 | AW129: =AW54 -> 0.2978332 | AX129: =AX54 -> 0.03430324 | AY129: =AY54 -> 0.000422913 | AZ129: =AZ54 -> 0.2019518 | BA129: =BA54 -> 0.01208751 | BB129: =BB54 -> 0.002338564 | BC129: =BC54 -> 0.0001637195 | BD129: =BD54 -> 0.1606699 | ... BU129: =BU54 -> 7.45956e-06
A130: 54 eSolar | B130: =B55 -> 8.3942068e-05 | C130: =C55 -> 1.8943622e-08 | D130: =D55 -> 1.8834389e-05 | E130: =E55 -> 0.0001780969 | F130: =F55 -> 2.1280196e-06 | G130: =G55 -> 2.0308019e-06 | H130: =H55 -> 1.3407883e-06 | I130: =I55 -> 1.3083681e-05 | ... AU130: =AU55 -> 0.003290524 | AV130: =$AV$149*'VDFB_ref(한국)'!BX55 -> 0.00021584209 | AW130: =AW55 -> 0.00716533 | AX130: =AX55 -> 0 | AY130: =AY55 -> 0 | AZ130: =AZ55 -> 0.002926432 | BA130: =BA55 -> 0.0003985822 | BB130: =BB55 -> 7.7975652e-05 | BC130: =BC55 -> 5.6624203e-06 | BD130: =BD55 -> 0.004558717 | ... BU130: =BU55 -> 3.686079e-08
A131: 55 wtr | B131: =B56 -> 8.904906 | C131: =C56 -> 0.007572533 | D131: =D56 -> 0.3031422 | E131: =E56 -> 34.77479 | F131: =F56 -> 0.1495055 | G131: =G56 -> 4.514133 | H131: =H56 -> 0.08974381 | I131: =I56 -> 4.523189 | ... AU131: =AU56 -> 29.15555 | AV131: =$AV$149*'VDFB_ref(한국)'!BX56 -> 0.00082649439 | AW131: =AW56 -> 9.984822 | AX131: =AX56 -> 1.156997 | AY131: =AY56 -> 0.03919197 | AZ131: =AZ56 -> 11.20851 | BA131: =BA56 -> 0.1783547 | BB131: =BB56 -> 0.06930924 | BC131: =BC56 -> 0.00191684 | BD131: =BD56 -> 241.5891 | ... BU131: =BU56 -> 0.7047632
A132: 56 cns | B132: =B57 -> 10.57439 | C132: =C57 -> 0.07093998 | D132: =D57 -> 1.989153 | E132: =E57 -> 25.6044 | F132: =F57 -> 0.2423917 | G132: =G57 -> 0.5293141 | H132: =H57 -> 0.1769547 | I132: =I57 -> 5.91396 | ... AU132: =AU57 -> 83.63752 | AV132: =$AV$149*'VDFB_ref(한국)'!BX57 -> 0.0026596798 | AW132: =AW57 -> 34.45662 | AX132: =AX57 -> 2.619605 | AY132: =AY57 -> 0.08873621 | AZ132: =AZ57 -> 38.2753 | BA132: =BA57 -> 0.5382304 | BB132: =BB57 -> 0.2594081 | BC132: =BC57 -> 0.008256941 | BD132: =BD57 -> 9.678283 | ... BU132: =BU57 -> 863.8337
A133: 57 trd | B133: =B58 -> 438.2827 | C133: =C58 -> 0.1115233 | D133: =D58 -> 27.30122 | E133: =E58 -> 775.3162 | F133: =F58 -> 11.60476 | G133: =G58 -> 44.8673 | H133: =H58 -> 4.52123 | I133: =I58 -> 179.6265 | ... AU133: =AU58 -> 743.0757 | AV133: =$AV$149*'VDFB_ref(한국)'!BX58 -> 0.0063544177 | AW133: =AW58 -> 214.9776 | AX133: =AX58 -> 32.43833 | AY133: =AY58 -> 1.098812 | AZ133: =AZ58 -> 271.4902 | BA133: =BA58 -> 1.970724 | BB133: =BB58 -> 0.715008 | BC133: =BC58 -> 0.009674288 | BD133: =BD58 -> 76.5218 | ... BU133: =BU58 -> 40.02923
A134: 58 afs | B134: =B59 -> 9.097533 | C134: =C59 -> 0.01823674 | D134: =D59 -> 2.10025 | E134: =E59 -> 255.7784 | F134: =F59 -> 0.1977543 | G134: =G59 -> 1.933644 | H134: =H59 -> 0.366056 | I134: =I59 -> 16.52603 | ... AU134: =AU59 -> 35.60139 | AV134: =$AV$149*'VDFB_ref(한국)'!BX59 -> 0.0015541431 | AW134: =AW59 -> 10.14149 | AX134: =AX59 -> 1.578831 | AY134: =AY59 -> 0.05348114 | AZ134: =AZ59 -> 12.75483 | BA134: =BA59 -> 0.1011904 | BB134: =BB59 -> 0.03461024 | BC134: =BC59 -> 0.0004523974 | BD134: =BD59 -> 10.54653 | ... BU134: =BU59 -> 0.913192
A135: 59 otp | B135: =B60 -> 72.31199 | C135: =C60 -> 0.03922968 | D135: =D60 -> 3.491965 | E135: =E60 -> 156.1921 | F135: =F60 -> 2.14073 | G135: =G60 -> 17.94448 | H135: =H60 -> 0.7971253 | I135: =I60 -> 37.50679 | ... AU135: =AU60 -> 137.0605 | AV135: =$AV$149*'VDFB_ref(한국)'!BX60 -> 0.0015533346 | AW135: =AW60 -> 25.95219 | AX135: =AX60 -> 7.600641 | AY135: =AY60 -> 0.2574632 | AZ135: =AZ60 -> 61.96822 | BA135: =BA60 -> 0.7509458 | BB135: =BB60 -> 0.2597804 | BC135: =BC60 -> 0.005451724 | BD135: =BD60 -> 15.6124 | ... BU135: =BU60 -> 14.82594
... A148: 72 dwe | B148: =B73 -> 0.6112577 | C148: =C73 -> 0.02962383 | D148: =D73 -> 0.06285062 | E148: =E73 -> 6.081189 | F148: =F73 -> 0.001256656 | G148: =G73 -> 0.856997 | H148: =H73 -> 0.1541601 | I148: =I73 -> 0.02611887 | ... AU148: =AU73 -> 0.005838796 | AV148: =$AV$149*'VDFB_ref(한국)'!BX73 -> 2.8749554e-08 | AW148: =AW73 -> 0.001947546 | AX148: =AX73 -> 5.2089839e-05 | AY148: =AY73 -> 1.7644853e-06 | AZ148: =AZ73 -> 0.001300891 | BA148: =BA73 -> 9.3457675e-05 | BB148: =BB73 -> 3.5964844e-05 | BC148: =BC73 -> 1.2558295e-06 | BD148: =BD73 -> 0.06381582 | ... BU148: =BU73 -> 2.105067
AV149: 0.08

Sheet VDFB_PAO
A1: VDFB | B1: 1 pdr | C1: 2 wht | D1: 3 gro | E1: 4 v_f | F1: 5 osd | G1: 6 c_b | H1: 7 pfb | I1: 8 ocr | J1: 9 ctl | K1: 10 oap | L1: 11 rmk | M1: 12 wol | N1: 13 frs | O1: 14 fsh | P1: 15 coa | Q1: 16 oil | R1: 17 gas | S1: 18 oxt | T1: 19 cmt | U1: 20 omt | V1: 21 vol | W1: 22 mil | X1: 23 pcr | Y1: 24 sgr | Z1: 25 ofd | AA1: 26 b_t | AB1: 27 tex | AC1: 28 wap | AD1: 29 lea | AE1: 30 lum | AF1: 31 ppp | AG1: 32 p_c | AH1: 33 chm | AI1: 34 bph | AJ1: 35 rpp | AK1: 36 nmm | AL1: 37 i_s | AM1: 38 nfm | AN1: 39 fmp | AO1: 40 ele | AP1: 41 eeq | AQ1: 42 ome | AR1: 43 mvh | AS1: 44 otn | AT1: 45 omf | AU1: 46 TnD | AV1: 47 eNuclear | AW1: 48 eCoal | AX1: 49 eGas | AY1: 50 eWind | AZ1: 51 eHydro | BA1: 52 eOil | BB1: 53 eOther | BC1: 54 eSolar | BD1: 55 wtr | BE1: 56 cns | BF1: 57 trd | BG1: 58 afs | BH1: 59 otp | BI1: 60 wtp | BJ1: 61 atp | BK1: 62 whs | BL1: 63 cmn | BM1: 64 ofi | BN1: 65 ins | BO1: 66 rsa | BP1: 67 obs | BQ1: 68 ros | BR1: 69 osg | BS1: 70 edu | BT1: 71 hht | BU1: 72 dwe | BV1: Total
A2: 1 pdr | B2: 0.4220026 | C2: 0.5185956 | D2: 0.2515998 | E2: 0.3199749 | F2: 0.2342301 | G2: 0.001389002 | H2: 0.2343884 | I2: 0.2907448 | J2: 1.71191 | K2: 0.3514975 | L2: 0.4945141 | M2: 0.3762661 | N2: 0.1296841 | O2: 0.01869362 | P2: 6.5514629e-05 | Q2: 6.8008914e-05 | R2: 0.005613152 | S2: 0.0005612622 | T2: 0.4975467 | U2: 0.3780433 | V2: 0.1115656 | W2: 0.6162138 | X2: 146.11 | Y2: 0.01583349 | Z2: 1.44768 | AA2: 0.2810569 | AB2: 0.004461443 | AC2: 0.005945116 | AD2: 0.006280323 | AE2: 0.00533524 | AF2: 0.004620385 | AG2: 3.1811531e-05 | AH2: 0.0501074 | AI2: 0.02364623 | AJ2: 0.008788431 | AK2: 0.003765733 | AL2: 0.001211198 | AM2: 0.0006235177 | AN2: 0.002082411 | AO2: 0.005208712 | AP2: 0.007240403 | AQ2: 0.02439505 | AR2: 0.0006782729 | AS2: 2.8707316e-05 | AT2: 0.09693177 | AU2: 0.009746587 | AV2: 0 | AW2: 0.002188354 | AX2: 0.0004622425 | AY2: 0.0001650156 | AZ2: 0.0003980105 | BA2: 0.0001414416 | BB2: 0.0001991303 | BC2: 8.887428e-05 | BD2: 0.008867212 | BE2: 0.05271112 | BF2: 0.2734965 | BG2: 21.89222 | BH2: 0.0230637 | BI2: 0.004117965 | BJ2: 0.000212966 | BK2: 0.3408216 | BL2: 0.009222061 | BM2: 0.0005310939 | BN2: 0.0005512994 | BO2: 0.2567737 | BP2: 1.108343 | BQ2: 0.4251077 | BR2: 20.59327 | BS2: 0.3408929 | BT2: 0.132604 | BU2: 0.07084769 | BV2: 200.6182
A3: 2 wht | B3: 1.611892 | C3: 56.75013 | D3: 23.77015 | E3: 6.09525 | F3: 21.2951 | G3: 0.00203768 | H3: 0.5627791 | I3: 0.4133185 | J3: 73.39583 | K3: 19.63845 | L3: 42.11448 | M3: 23.92954 | N3: 1.635071 | O3: 0.3457257 | P3: 0.0001079662 | Q3: 3.6452293e-06 | R3: 0.0003537678 | S3: 0.00728719 | T3: 12.5879 | U3: 2.031507 | V3: 0.5858073 | W3: 0.6788958 | X3: 0.0007491364 | Y3: 2.737959 | Z3: 275.488 | AA3: 56.09261 | AB3: 0.0004468633 | AC3: 0.009440865 | AD3: 0.0001898624 | AE3: 0.007753408 | AF3: 0.002549597 | AG3: 1.1314611e-05 | AH3: 19.01185 | AI3: 2.798249 | AJ3: 0.009554625 | AK3: 0.01785184 | AL3: 0.09646912 | AM3: 0.04406174 | AN3: 0.0004296827 | AO3: 0.0001739867 | AP3: 0.0001860429 | AQ3: 0.06287258 | AR3: 0.04902479 | AS3: 1.9460027e-05 | AT3: 0.006139482 | AU3: 0.00262327 | AV3: 0 | AW3: 0.000534408 | AX3: 0.0001179463 | AY3: 4.2817617e-05 | AZ3: 0.0001378483 | BA3: 3.4454704e-05 | BB3: 5.482843e-05 | BC3: 2.1800057e-05 | BD3: 0.00109623 | BE3: 0.1307158 | BF3: 2.750282 | BG3: 2.21277 | BH3: 0.00611859 | BI3: 0.004505759 | BJ3: 0.0003475784 | BK3: 0.02557449 | BL3: 0.002585646 | BM3: 0.001004305 | BN3: 0.01361102 | BO3: 0.4533423 | BP3: 1.188419 | BQ3: 0.02320829 | BR3: 2.240286 | BS3: 0.01552499 | BT3: 0.008632411 | BU3: 0.004646631 | BV3: 652.9745
A4: 3 gro | B4: 0.9181675 | C4: 27.16473 | D4: 16.36982 | E4: 3.919595 | F4: 12.1114 | G4: 0.01487412 | H4: 0.0263151 | I4: 0.02151979 | J4: 53.32478 | K4: 50.23783 | L4: 63.76506 | M4: 14.66929 | N4: 1.059609 | O4: 0.1486529 | P4: 0.0001213057 | Q4: 9.0778758e-06 | R4: 0.001018959 | S4: 0.00497416 | T4: 8.195485 | U4: 1.385987 | V4: 0.4541474 | W4: 0.4639005 | X4: 0.1452056 | Y4: 0.6024421 | Z4: 308.1559 | AA4: 178.3777 | AB4: 0.001273365 | AC4: 0.006546318 | AD4: 0.0009937007 | AE4: 0.0185273 | AF4: 0.005787106 | AG4: 1.8130648e-05 | AH4: 0.1193266 | AI4: 0.5920539 | AJ4: 0.007785352 | AK4: 0.01167938 | AL4: 0.06210331 | AM4: 0.02840135 | AN4: 0.0006625505 | AO4: 0.000565065 | AP4: 0.0007021232 | AQ4: 0.04244084 | AR4: 0.03161019 | AS4: 0.0001157412 | AT4: 0.01998441 | AU4: 0.002206161 | AV4: 0 | AW4: 0.0004966049 | AX4: 0.0001047798 | AY4: 3.7388705e-05 | AZ4: 8.9378591e-05 | BA4: 3.2095304e-05 | BB4: 4.5044941e-05 | BC4: 2.016617e-05 | BD4: 0.008362718 | BE4: 0.1048084 | BF4: 1.811002 | BG4: 2.844921 | BH4: 0.006441883 | BI4: 0.003684451 | BJ4: 0.001984099 | BK4: 0.01960708 | BL4: 0.01883784 | BM4: 0.001823511 | BN4: 0.009691149 | BO4: 0.2971498 | BP4: 0.8246545 | BQ4: 0.02641862 | BR4: 0.865449 | BS4: 0.03566484 | BT4: 0.1448139 | BU4: 0.004083123 | BV4: 749.5215
A5: 4 v_f | B5: 0.1827057 | C5: 0.1851692 | D5: 0.2177906 | E5: 113.4522 | F5: 0.09074301 | G5: 15.98292 | H5: 20.77277 | I5: 11.02324 | J5: 3.918851 | K5: 2.709311 | L5: 6.791837 | M5: 1.069842 | N5: 0.3566718 | O5: 1.546345 | P5: 0.002830647 | Q5: 0.0001603365 | R5: 0.01694949 | S5: 0.003411651 | T5: 6.750073 | U5: 1.322502 | V5: 11.68278 | W5: 55.29285 | X5: 0.009620238 | Y5: 27.30795 | Z5: 672.106 | AA5: 555.4388 | AB5: 0.04175081 | AC5: 0.02840931 | AD5: 0.01682797 | AE5: 0.047825 | AF5: 0.0210492 | AG5: 0.0006518654 | AH5: 0.4650525 | AI5: 3.726563 | AJ5: 0.02305722 | AK5: 0.0776249 | AL5: 0.02000955 | AM5: 0.009644489 | AN5: 0.04843212 | AO5: 0.003761527 | AP5: 0.003574537 | AQ5: 0.4146177 | AR5: 0.3307512 | AS5: 0.00202332 | AT5: 0.1011401 | AU5: 0.03289396 | AV5: 0 | AW5: 0.006175375 | AX5: 0.001416702 | AY5: 0.0005215332 | AZ5: 0.002024418 | BA5: 0.0003972301 | BB5: 0.0006993784 | BC5: 0.0002529357 | BD5: 0.04272967 | BE5: 0.9221042 | BF5: 216.1686 | BG5: 503.5917 | BH5: 0.5113571 | BI5: 0.2080753 | BJ5: 0.005364906 | BK5: 0.3970563 | BL5: 0.08593409 | BM5: 0.009651771 | BN5: 0.09228204 | BO5: 0.3066579 | BP5: 7.082366 | BQ5: 0.905635 | BR5: 17.97815 | BS5: 43.04727 | BT5: 110.2766 | BU5: 0.1298881 | BV5: 2415.423
A6: 5 osd | B6: 1.766607 | C6: 52.26966 | D6: 26.0099 | E6: 12.72283 | F6: 38.60417 | G6: 2.097584 | H6: 3.773568 | I6: 2.045767 | J6: 73.51909 | K6: 15.57472 | L6: 34.44178 | M6: 25.50564 | N6: 0.1188824 | O6: 0.03574249 | P6: 0.0001426381 | Q6: 7.2971538e-06 | R6: 0.002060807 | S6: 0.000439546 | T6: 0.5477464 | U6: 9.920842 | V6: 87.64088 | W6: 219.2424 | X6: 0.0009959741 | Y6: 4.247741 | Z6: 264.4424 | AA6: 9.02132 | AB6: 0.02334248 | AC6: 0.1183384 | AD6: 0.001244851 | AE6: 0.1983766 | AF6: 0.9194972 | AG6: 2.2533935e-05 | AH6: 12.19331 | AI6: 32.43554 | AJ6: 5.813988 | AK6: 0.02526958 | AL6: 0.1432054 | AM6: 2.267543 | AN6: 4.142628 | AO6: 0.0002135088 | AP6: 0.0002267933 | AQ6: 0.003776455 | AR6: 0.2856596 | AS6: 0.1160571 | AT6: 2.325949 | AU6: 7.169916 | AV6: 0 | AW6: 1.740174 | AX6: 0.3554819 | AY6: 0.1252026 | AZ6: 0.2194234 | BA6: 0.1126802 | BB6: 0.1435423 | BC6: 0.07044294 | BD6: 0.002975814 | BE6: 4.176258 | BF6: 57.57341 | BG6: 1.970948 | BH6: 31.54799 | BI6: 0.0006161849 | BJ6: 0.0001097873 | BK6: 0.02613651 | BL6: 0.00323742 | BM6: 8.2403414e-05 | BN6: 0.0006405151 | BO6: 36.30387 | BP6: 40.04549 | BQ6: 0.03526421 | BR6: 1.848077 | BS6: 0.03058841 | BT6: 0.03953723 | BU6: 0.008046973 | BV6: 1128.117
A7: 6 c_b | B7: 5.9880749e-05 | C7: 0.001102329 | D7: 0.0004603837 | E7: 37.84697 | F7: 0.004321376 | G7: 7.486605 | H7: 8.247461 | I7: 4.258363 | J7: 0.02962545 | K7: 0.03332423 | L7: 0.07684307 | M7: 0.005284125 | N7: 0.003885165 | O7: 0.0006936433 | P7: 6.2779895e-05 | Q7: 7.9685533e-06 | R7: 0.01118598 | S7: 0.0001581258 | T7: 0.5963024 | U7: 0.5177463 | V7: 0.1028969 | W7: 0.3973079 | X7: 0.002332229 | Y7: 1058.655 | Z7: 84.95412 | AA7: 1.027693 | AB7: 0.0008150932 | AC7: 0.0003319937 | AD7: 0.0001152612 | AE7: 0.003532817 | AF7: 0.001329874 | AG7: 4.603583e-06 | AH7: 0.2225779 | AI7: 0.04137316 | AJ7: 0.007170062 | AK7: 0.0002271613 | AL7: 4.1618481e-05 | AM7: 3.2535911e-05 | AN7: 0.0003111619 | AO7: 0.0002600232 | AP7: 8.2116312e-05 | AQ7: 0.0005339364 | AR7: 3.854328e-05 | AS7: 0.0003786809 | AT7: 0.0009942187 | AU7: 0.3386996 | AV7: 0 | AW7: 0.07752423 | AX7: 0.01623826 | AY7: 0.005777596 | AZ7: 0.01299945 | BA7: 0.005013029 | BB7: 0.006886514 | BC7: 0.003145862 | BD7: 0.1044161 | BE7: 0.02161414 | BF7: 0.2281605 | BG7: 1.809961 | BH7: 0.001554241 | BI7: 0.06244596 | BJ7: 0.0002376866 | BK7: 0.02285282 | BL7: 0.0026856 | BM7: 0.0001730792 | BN7: 7.5974174e-05 | BO7: 0.01107848 | BP7: 0.06612834 | BQ7: 0.02935393 | BR7: 1.304886 | BS7: 0.0220057 | BT7: 0.01135562 | BU7: 0.009434945 | BV7: 1208.714
A8: 7 pfb | B8: 0.7326028 | C8: 21.70447 | D8: 10.80857 | E8: 0.8790364 | F8: 9.697442 | G8: 0.03865613 | H8: 2083.132 | I8: 1375.145 | J8: 30.56542 | K8: 4.365413 | L8: 7.561878 | M8: 10.65311 | N8: 0.2735044 | O8: 0.03480604 | P8: 0.0001185578 | Q8: 5.9612707e-05 | R8: 0.004973427 | S8: 0.001276975 | T8: 1.665222 | U8: 0.2776868 | V8: 0.5001923 | W8: 0.1224881 | X8: 0.004289025 | Y8: 0.00290214 | Z8: 0.09407312 | AA8: 0.2350046 | AB8: 21.42073 | AC8: 0.1858492 | AD8: 0.004919638 | AE8: 0.03590422 | AF8: 0.008925131 | AG8: 2.8395822e-05 | AH8: 0.1848399 | AI8: 0.1305702 | AJ8: 0.04299391 | AK8: 0.005408796 | AL8: 0.01276338 | AM8: 0.005900073 | AN8: 0.002629156 | AO8: 0.005795348 | AP8: 0.005902585 | AQ8: 0.02905921 | AR8: 0.006633316 | AS8: 7.6933793e-05 | AT8: 0.04158938 | AU8: 0.009109388 | AV8: 0 | AW8: 0.002139257 | AX8: 0.0004431546 | AY8: 0.0001569753 | AZ8: 0.0003190998 | BA8: 0.0001384089 | BB8: 0.0001839888 | BC8: 8.6714717e-05 | BD8: 0.02183175 | BE8: 0.1792473 | BF8: 0.466451 | BG8: 2.020076 | BH8: 0.003293955 | BI8: 0.06028232 | BJ8: 0.0008547513 | BK8: 0.02900416 | BL8: 0.003877843 | BM8: 0.003372716 | BN8: 0.004243217 | BO8: 0.07134993 | BP8: 0.2643048 | BQ8: 0.04015655 | BR8: 1.690634 | BS8: 0.03965912 | BT8: 0.02599327 | BU8: 0.01465347 | BV8: 3585.582
A9: 8 ocr | B9: 6.265441 | C9: 185.4171 | D9: 92.18874 | E9: 331.2493 | F9: 82.90131 | G9: 55.42023 | H9: 77.7513 | I9: 41.93255 | J9: 262.4107 | K9: 71.43991 | L9: 68.63339 | M9: 90.79381 | N9: 149.0598 | O9: 42.24026 | P9: 2.178975 | Q9: 7.5469761e-06 | R9: 0.00703711 | S9: 20.48043 | T9: 45.91567 | U9: 2.997562 | V9: 0.5307473 | W9: 0.5741072 | X9: 0.0003217109 | Y9: 1.7588 | Z9: 75.00092 | AA9: 6.888968 | AB9: 1.278237 | AC9: 0.01847923 | AD9: 0.06152033 | AE9: 0.05547836 | AF9: 0.1020751 | AG9: 0.004461775 | AH9: 10.09057 | AI9: 0.9648682 | AJ9: 56.47016 | AK9: 0.01583283 | AL9: 0.008109079 | AM9: 0.1585015 | AN9: 0.01031302 | AO9: 0.02063061 | AP9: 0.01424063 | AQ9: 0.0956613 | AR9: 0.03435751 | AS9: 0.009446981 | AT9: 3.30902 | AU9: 1.444655 | AV9: 0 | AW9: 0.3434773 | AX9: 0.07077882 | AY9: 0.02501787 | AZ9: 0.04823451 | BA9: 0.02223047 | BB9: 0.02908359 | BC9: 0.01391577 | BD9: 2.814191 | BE9: 144.1253 | BF9: 27.80735 | BG9: 12.76733 | BH9: 13.25063 | BI9: 0.7144243 | BJ9: 0.002083539 | BK9: 0.06480716 | BL9: 4.463885 | BM9: 0.006251815 | BN9: 0.02760552 | BO9: 64.49244 | BP9: 67.62916 | BQ9: 32.82719 | BR9: 19.18071 | BS9: 18.94333 | BT9: 7.903608 | BU9: 0.01206024 | BV9: 2205.789
A10: 9 ctl | B10: 0.2337971 | C10: 3.394442 | D10: 1.878845 | E10: 5.392427 | F10: 2.098587 | G10: 0.1311067 | H10: 0.4234444 | I10: 8.718138 | J10: 388.7003 | K10: 0.6586649 | L10: 381.9614 | M10: 49.28561 | N10: 28.52995 | O10: 5.13297 | P10: 0.0006407659 | Q10: 2.6787133e-05 | R10: 0.00398268 | S10: 0.4888057 | T10: 8644.823 | U10: 1.710893 | V10: 0.007830495 | W10: 1.7295 | X10: 0.9476652 | Y10: 0.4561865 | Z10: 66.67717 | AA10: 52.77819 | AB10: 1.042516 | AC10: 2.7472 | AD10: 0.07054815 | AE10: 0.08477806 | AF10: 0.3591917 | AG10: 4.4560555e-05 | AH10: 0.3465917 | AI10: 0.4764336 | AJ10: 2.396985 | AK10: 0.05324314 | AL10: 16.43051 | AM10: 7.496985 | AN10: 0.05507642 | AO10: 0.02839338 | AP10: 0.01786519 | AQ10: 3.264237 | AR10: 1.944296 | AS10: 0.002746226 | AT10: 0.06856955 | AU10: 0.01276627 | AV10: 0 | AW10: 0.002393535 | AX10: 0.000549452 | AY10: 0.0002023166 | AZ10: 0.0007874534 | BA10: 0.0001539578 | BB10: 0.0002715077 | BC10: 9.8042859e-05 | BD10: 2.118043 | BE10: 13.22848 | BF10: 145.0927 | BG10: 25.85063 | BH10: 1.391949 | BI10: 0.861731 | BJ10: 0.01438848 | BK10: 1.065731 | BL10: 0.1351017 | BM10: 0.7175773 | BN10: 0.3601437 | BO10: 10.33482 | BP10: 62.17651 | BQ10: 17.54498 | BR10: 84.66934 | BS10: 1.221852 | BT10: 0.4446079 | BU10: 0.07527235 | BV10: 10050.37
A11: 10 oap | B11: 0.5554245 | C11: 16.13577 | D11: 8.191742 | E11: 18.36101 | F11: 7.549635 | G11: 2.874145 | H11: 4.567651 | I11: 2.963545 | J11: 26.65172 | K11: 124.5644 | L11: 8.787961 | M11: 8.175215 | N11: 1.327282 | O11: 1.486344 | P11: 0.0006391409 | Q11: 4.9180242e-05 | R11: 0.006404505 | S11: 0.002817662 | T11: 92.87811 | U11: 1500.754 | V11: 1.689488 | W11: 28.81995 | X11: 0.06330165 | Y11: 3.719496 | Z11: 57.97757 | AA11: 1.126808 | AB11: 3.378356 | AC11: 8.537429 | AD11: 12.98928 | AE11: 0.08656261 | AF11: 0.5482782 | AG11: 0.1959574 | AH11: 1.594429 | AI11: 3.554212 | AJ11: 0.3806939 | AK11: 0.006159221 | AL11: 0.6820144 | AM11: 1.258043 | AN11: 0.004010643 | AO11: 3.217034 | AP11: 0.0007844782 | AQ11: 0.2711323 | AR11: 0.1715971 | AS11: 0.05052106 | AT11: 0.7292315 | AU11: 1.064372 | AV11: 0 | AW11: 0.2580844 | AX11: 0.05274228 | AY11: 0.01857915 | AZ11: 0.0327107 | BA11: 0.01671118 | BB11: 0.02131432 | BC11: 0.01044776 | BD11: 0.2173645 | BE11: 7.050803 | BF11: 197.5015 | BG11: 86.94891 | BH11: 4.262725 | BI11: 0.03374988 | BJ11: 0.006999119 | BK11: 1.780526 | BL11: 0.4933722 | BM11: 0.004980201 | BN11: 0.01422491 | BO11: 22.22754 | BP11: 70.3773 | BQ11: 43.5998 | BR11: 10.27953 | BS11: 14.12395 | BT11: 22.72533 | BU11: 0.05587581 | BV11: 2440.066
A12: 11 rmk | B12: 0.05455856 | C12: 1.561695 | D12: 0.801705 | E12: 0.3596479 | F12: 0.7616438 | G12: 0.07325398 | H12: 0.2228951 | I12: 0.1188132 | J12: 2.403723 | K12: 0.4321195 | L12: 566.1437 | M12: 0.7385896 | N12: 0.06159792 | O12: 0.02027587 | P12: 0.002042467 | Q12: 0.0001056656 | R12: 0.01244217 | S12: 0.03319281 | T12: 18.75621 | U12: 0.4070618 | V12: 0.4683254 | W12: 8875.505 | X12: 6.687733 | Y12: 3.057786 | Z12: 461.3625 | AA12: 27.78475 | AB12: 0.1982512 | AC12: 0.06852649 | AD12: 0.05553343 | AE12: 0.108726 | AF12: 0.1564167 | AG12: 0.06977521 | AH12: 228.7905 | AI12: 0.8658034 | AJ12: 0.2867776 | AK12: 0.04826439 | AL12: 0.02462384 | AM12: 0.3780039 | AN12: 0.1589104 | AO12: 0.0004681213 | AP12: 0.1213984 | AQ12: 1.465645 | AR12: 2.428711 | AS12: 0.4508594 | AT12: 0.006742817 | AU12: 0.345484 | AV12: 0 | AW12: 0.08219329 | AX12: 0.01693265 | AY12: 0.005984446 | AZ12: 0.01150586 | BA12: 0.005319773 | BB12: 0.006954045 | BC12: 0.00332993 | BD12: 0.0154961 | BE12: 5.586076 | BF12: 141.1783 | BG12: 100.945 | BH12: 0.02285087 | BI12: 0.02023485 | BJ12: 0.1041607 | BK12: 1.592372 | BL12: 0.0256648 | BM12: 0.07675655 | BN12: 0.3988055 | BO12: 6.043373 | BP12: 26.67548 | BQ12: 2.197915 | BR12: 16.3257 | BS12: 16.31525 | BT12: 92.01732 | BU12: 0.05595108 | BV12: 10613.59
A13: 12 wol | B13: 0.2013002 | C13: 5.964158 | D13: 2.965553 | E13: 0.2734244 | F13: 2.663757 | G13: 0.04673415 | H13: 0.2898231 | I13: 0.183987 | J13: 8.384842 | K13: 9.519458 | L13: 2.067881 | M13: 7.51433 | N13: 0.002945581 | O13: 0.01119207 | P13: 3.7216974e-05 | Q13: 9.8123871e-07 | R13: 0.0001000684 | S13: 8.316506e-06 | T13: 0.1506159 | U13: 0.00921131 | V13: 0.000854006 | W13: 0.006817142 | X13: 9.3034258e-05 | Y13: 0.002693019 | Z13: 0.6439059 | AA13: 0.001766779 | AB13: 251.5646 | AC13: 53.37267 | AD13: 4.618229 | AE13: 0.0004853984 | AF13: 0.007480181 | AG13: 0.04058817 | AH13: 0.1415088 | AI13: 0.02185981 | AJ13: 0.01118081 | AK13: 5.5367982e-05 | AL13: 1.5621861e-06 | AM13: 1.8995167e-06 | AN13: 0.002267716 | AO13: 1.242739 | AP13: 0.001672075 | AQ13: 0.2248864 | AR13: 0.1150371 | AS13: 1.5388141e-06 | AT13: 0.003404519 | AU13: 0.0003808974 | AV13: 0 | AW13: 5.3329484e-05 | AX13: 1.4251565e-05 | AY13: 5.5076298e-06 | AZ13: 3.3672888e-05 | BA13: 3.3920178e-06 | BB13: 8.5092952e-06 | BC13: 2.2229133e-06 | BD13: 0.0155604 | BE13: 2.216074 | BF13: 34.36021 | BG13: 2.366229 | BH13: 0.2008931 | BI13: 0.0001364045 | BJ13: 0.0001539814 | BK13: 0.3427826 | BL13: 0.0004345001 | BM13: 6.6949135e-05 | BN13: 0.0005372628 | BO13: 4.647993 | BP13: 23.8447 | BQ13: 0.01500979 | BR13: 0.7024214 | BS13: 0.06832422 | BT13: 2.265455 | BU13: 0.002375351 | BV13: 423.324
... A74: Total | B74: 98.19627 | C74: 2962.971 | D74: 1504.248 | E74: 5511.132 | F74: 1305.334 | G74: 682.8196 | H74: 3514.03 | I74: 2267.898 | J74: 6062.801 | K74: 1877.744 | L74: 4987.345 | M74: 1646.09 | N74: 3585.798 | O74: 1814.79 | P74: 19248.19 | Q74: 2249.972 | R74: 10154.48 | S74: 42697.4 | T74: 16686.35 | U74: 3191.321 | V74: 907.6861 | W74: 15967.67 | X74: 374.8208 | Y74: 2977.231 | Z74: 15495.59 | AA74: 7771.683 | AB74: 1080.32 | AC74: 683.177 | AD74: 242.9846 | AE74: 9365.951 | AF74: 6927.186 | AG74: 9530.227 | AH74: 8342.258 | AI74: 4529.278 | AJ74: 5335.474 | AK74: 8949.72 | AL74: 7724.766 | AM74: 33272.65 | AN74: 10363.91 | AO74: 3011.061 | AP74: 1406.875 | AQ74: 5289.766 | AR74: 4532.674 | AS74: 4083.226 | AT74: 3930.963 | AU74: 9203.995 | AV74: 0 | AW74: 8002.796 | AX74: 3726.212 | AY74: 118.6564 | AZ74: 308.1586 | BA74: 435.5054 | BB74: 245.3671 | BC74: 63.19407 | BD74: 13791.96 | BE74: 217151.1 | BF74: 76346.26 | BG74: 92441.52 | BH74: 42743.78 | BI74: 4806.971 | BJ74: 13392.08 | BK74: 6913.758 | BL74: 57438.97 | BM74: 28881.23 | BN74: 23763.87 | BO74: 49403.59 | BP74: 170115.7 | BQ74: 14777.14 | BR74: 44835.38 | BS74: 40169.31 | BT74: 49461.03 | BU74: 40692.18 | BV74: 1313376
A76: VDFB | B76: 1 a_pdr | C76: 2 a_wht | D76: 3 a_gro | E76: 4 a_v_f | F76: 5 a_osd | G76: 6 a_c_b | H76: 7 a_pfb | I76: 8 a_ocr | J76: 9 a_ctl | K76: 10 a_oap | L76: 11 a_rmk | M76: 12 a_wol | N76: 13 a_frs | O76: 14 a_fsh | P76: 15 a_coa | Q76: 16 a_oil | R76: 17 a_gas | S76: 18 a_oxt | T76: 19 a_cmt | U76: 20 a_omt | V76: 21 a_vol | W76: 22 a_mil | X76: 23 a_pcr | Y76: 24 a_sgr | Z76: 25 a_ofd | AA76: 26 a_b_t | AB76: 27 a_tex | AC76: 28 a_wap | AD76: 29 a_lea | AE76: 30 a_lum | AF76: 31 a_ppp | AG76: 32 a_p_c | AH76: 33 a_chm | AI76: 34 a_bph | AJ76: 35 a_rpp | AK76: 36 a_nmm | AL76: 37 a_i_s | AM76: 38 a_nfm | AN76: 39 a_fmp | AO76: 40 a_ele | AP76: 41 a_eeq | AQ76: 42 a_ome | AR76: 43 a_mvh | AS76: 44 a_otn | AT76: 45 a_omf | AU76: 46 a_TnD | AV76: 47 a_eNuclear | AW76: 48 a_eCoal | AX76: 49 a_eGas | AY76: 50 a_eWind | AZ76: 51 a_eHydro | BA76: 52 a_eOil | BB76: 53 a_eOther | BC76: 54 a_eSolar | BD76: 55 a_wtr | BE76: 56 a_cns | BF76: 57 a_trd | BG76: 58 a_afs | BH76: 59 a_otp | BI76: 60 a_wtp | BJ76: 61 a_atp | BK76: 62 a_whs | BL76: 63 a_cmn | BM76: 64 a_ofi | BN76: 65 a_ins | BO76: 66 a_rsa | BP76: 67 a_obs | BQ76: 68 a_ros | BR76: 69 a_osg | BS76: 70 a_edu | BT76: 71 a_hht | BU76: 72 a_dwe
A77: 1 pdr | B77: =B2 -> 0.4220026 | C77: =C2 -> 0.5185956 | D77: =D2 -> 0.2515998 | E77: =E2 -> 0.3199749 | F77: =F2 -> 0.2342301 | G77: =G2 -> 0.001389002 | H77: =H2 -> 0.2343884 | I77: =I2 -> 0.2907448 | ... AU77: =AU2 -> 0.009746587 | AV77: =$AV$149*'VDFB_ref(한국)'!BX2 -> 3.3802621e-07 | AW77: =AW2 -> 0.002188354 | AX77: =AX2 -> 0.0004622425 | AY77: =AY2 -> 0.0001650156 | AZ77: =AZ2 -> 0.0003980105 | BA77: =BA2 -> 0.0001414416 | BB77: =BB2 -> 0.0001991303 | BC77: =BC2 -> 8.887428e-05 | BD77: =BD2 -> 0.008867212 | ... BU77: =BU2 -> 0.07084769
A78: 2 wht | B78: =B3 -> 1.611892 | C78: =C3 -> 56.75013 | D78: =D3 -> 23.77015 | E78: =E3 -> 6.09525 | F78: =F3 -> 21.2951 | G78: =G3 -> 0.00203768 | H78: =H3 -> 0.5627791 | I78: =I3 -> 0.4133185 | ... AU78: =AU3 -> 0.00262327 | AV78: =$AV$149*'VDFB_ref(한국)'!BX3 -> 2.5017824e-08 | AW78: =AW3 -> 0.000534408 | AX78: =AX3 -> 0.0001179463 | AY78: =AY3 -> 4.2817617e-05 | AZ78: =AZ3 -> 0.0001378483 | BA78: =BA3 -> 3.4454704e-05 | BB78: =BB3 -> 5.482843e-05 | BC78: =BC3 -> 2.1800057e-05 | BD78: =BD3 -> 0.00109623 | ... BU78: =BU3 -> 0.004646631
A79: 3 gro | B79: =B4 -> 0.9181675 | C79: =C4 -> 27.16473 | D79: =D4 -> 16.36982 | E79: =E4 -> 3.919595 | F79: =F4 -> 12.1114 | G79: =G4 -> 0.01487412 | H79: =H4 -> 0.0263151 | I79: =I4 -> 0.02151979 | ... AU79: =AU4 -> 0.002206161 | AV79: =$AV$149*'VDFB_ref(한국)'!BX4 -> 1.0090903e-08 | AW79: =AW4 -> 0.0004966049 | AX79: =AX4 -> 0.0001047798 | AY79: =AY4 -> 3.7388705e-05 | AZ79: =AZ4 -> 8.9378591e-05 | BA79: =BA4 -> 3.2095304e-05 | BB79: =BB4 -> 4.5044941e-05 | BC79: =BC4 -> 2.016617e-05 | BD79: =BD4 -> 0.008362718 | ... BU79: =BU4 -> 0.004083123
A80: 4 v_f | B80: =B5 -> 0.1827057 | C80: =C5 -> 0.1851692 | D80: =D5 -> 0.2177906 | E80: =E5 -> 113.4522 | F80: =F5 -> 0.09074301 | G80: =G5 -> 15.98292 | H80: =H5 -> 20.77277 | I80: =I5 -> 11.02324 | ... AU80: =AU5 -> 0.03289396 | AV80: =$AV$149*'VDFB_ref(한국)'!BX5 -> 7.0316078e-06 | AW80: =AW5 -> 0.006175375 | AX80: =AX5 -> 0.001416702 | AY80: =AY5 -> 0.0005215332 | AZ80: =AZ5 -> 0.002024418 | BA80: =BA5 -> 0.0003972301 | BB80: =BB5 -> 0.0006993784 | BC80: =BC5 -> 0.0002529357 | BD80: =BD5 -> 0.04272967 | ... BU80: =BU5 -> 0.1298881
A81: 5 osd | B81: =B6 -> 1.766607 | C81: =C6 -> 52.26966 | D81: =D6 -> 26.0099 | E81: =E6 -> 12.72283 | F81: =F6 -> 38.60417 | G81: =G6 -> 2.097584 | H81: =H6 -> 3.773568 | I81: =I6 -> 2.045767 | ... AU81: =AU6 -> 7.169916 | AV81: =$AV$149*'VDFB_ref(한국)'!BX6 -> 3.6400363e-06 | AW81: =AW6 -> 1.740174 | AX81: =AX6 -> 0.3554819 | AY81: =AY6 -> 0.1252026 | AZ81: =AZ6 -> 0.2194234 | BA81: =BA6 -> 0.1126802 | BB81: =BB6 -> 0.1435423 | BC81: =BC6 -> 0.07044294 | BD81: =BD6 -> 0.002975814 | ... BU81: =BU6 -> 0.008046973
A82: 6 c_b | B82: =B7 -> 5.9880749e-05 | C82: =C7 -> 0.001102329 | D82: =D7 -> 0.0004603837 | E82: =E7 -> 37.84697 | F82: =F7 -> 0.004321376 | G82: =G7 -> 7.486605 | H82: =H7 -> 8.247461 | I82: =I7 -> 4.258363 | ... AU82: =AU7 -> 0.3386996 | AV82: =$AV$149*'VDFB_ref(한국)'!BX7 -> 1.6024354e-06 | AW82: =AW7 -> 0.07752423 | AX82: =AX7 -> 0.01623826 | AY82: =AY7 -> 0.005777596 | AZ82: =AZ7 -> 0.01299945 | BA82: =BA7 -> 0.005013029 | BB82: =BB7 -> 0.006886514 | BC82: =BC7 -> 0.003145862 | BD82: =BD7 -> 0.1044161 | ... BU82: =BU7 -> 0.009434945
A83: 7 pfb | B83: =B8 -> 0.7326028 | C83: =C8 -> 21.70447 | D83: =D8 -> 10.80857 | E83: =E8 -> 0.8790364 | F83: =F8 -> 9.697442 | G83: =G8 -> 0.03865613 | H83: =H8 -> 2083.132 | I83: =I8 -> 1375.145 | ... AU83: =AU8 -> 0.009109388 | AV83: =$AV$149*'VDFB_ref(한국)'!BX8 -> 1.0585929e-08 | AW83: =AW8 -> 0.002139257 | AX83: =AX8 -> 0.0004431546 | AY83: =AY8 -> 0.0001569753 | AZ83: =AZ8 -> 0.0003190998 | BA83: =BA8 -> 0.0001384089 | BB83: =BB8 -> 0.0001839888 | BC83: =BC8 -> 8.6714717e-05 | BD83: =BD8 -> 0.02183175 | ... BU83: =BU8 -> 0.01465347
A84: 8 ocr | B84: =B9 -> 6.265441 | C84: =C9 -> 185.4171 | D84: =D9 -> 92.18874 | E84: =E9 -> 331.2493 | F84: =F9 -> 82.90131 | G84: =G9 -> 55.42023 | H84: =H9 -> 77.7513 | I84: =I9 -> 41.93255 | ... AU84: =AU9 -> 1.444655 | AV84: =$AV$149*'VDFB_ref(한국)'!BX9 -> 6.4034586e-06 | AW84: =AW9 -> 0.3434773 | AX84: =AX9 -> 0.07077882 | AY84: =AY9 -> 0.02501787 | AZ84: =AZ9 -> 0.04823451 | BA84: =BA9 -> 0.02223047 | BB84: =BB9 -> 0.02908359 | BC84: =BC9 -> 0.01391577 | BD84: =BD9 -> 2.814191 | ... BU84: =BU9 -> 0.01206024
A85: 9 ctl | B85: =B10 -> 0.2337971 | C85: =C10 -> 3.394442 | D85: =D10 -> 1.878845 | E85: =E10 -> 5.392427 | F85: =F10 -> 2.098587 | G85: =G10 -> 0.1311067 | H85: =H10 -> 0.4234444 | I85: =I10 -> 8.718138 | ... AU85: =AU10 -> 0.01276627 | AV85: =$AV$149*'VDFB_ref(한국)'!BX10 -> 2.1069044e-07 | AW85: =AW10 -> 0.002393535 | AX85: =AX10 -> 0.000549452 | AY85: =AY10 -> 0.0002023166 | AZ85: =AZ10 -> 0.0007874534 | BA85: =BA10 -> 0.0001539578 | BB85: =BB10 -> 0.0002715077 | BC85: =BC10 -> 9.8042859e-05 | BD85: =BD10 -> 2.118043 | ... BU85: =BU10 -> 0.07527235
A86: 10 oap | B86: =B11 -> 0.5554245 | C86: =C11 -> 16.13577 | D86: =D11 -> 8.191742 | E86: =E11 -> 18.36101 | F86: =F11 -> 7.549635 | G86: =G11 -> 2.874145 | H86: =H11 -> 4.567651 | I86: =I11 -> 2.963545 | ... AU86: =AU11 -> 1.064372 | AV86: =$AV$149*'VDFB_ref(한국)'!BX11 -> 3.4693667e-07 | AW86: =AW11 -> 0.2580844 | AX86: =AX11 -> 0.05274228 | AY86: =AY11 -> 0.01857915 | AZ86: =AZ11 -> 0.0327107 | BA86: =BA11 -> 0.01671118 | BB86: =BB11 -> 0.02131432 | BC86: =BC11 -> 0.01044776 | BD86: =BD11 -> 0.2173645 | ... BU86: =BU11 -> 0.05587581
A87: 11 rmk | B87: =B12 -> 0.05455856 | C87: =C12 -> 1.561695 | D87: =D12 -> 0.801705 | E87: =E12 -> 0.3596479 | F87: =F12 -> 0.7616438 | G87: =G12 -> 0.07325398 | H87: =H12 -> 0.2228951 | I87: =I12 -> 0.1188132 | ... AU87: =AU12 -> 0.345484 | AV87: =$AV$149*'VDFB_ref(한국)'!BX12 -> 4.1780147e-07 | AW87: =AW12 -> 0.08219329 | AX87: =AX12 -> 0.01693265 | AY87: =AY12 -> 0.005984446 | AZ87: =AZ12 -> 0.01150586 | BA87: =BA12 -> 0.005319773 | BB87: =BB12 -> 0.006954045 | BC87: =BC12 -> 0.00332993 | BD87: =BD12 -> 0.0154961 | ... BU87: =BU12 -> 0.05595108
A88: 12 wol | B88: =B13 -> 0.2013002 | C88: =C13 -> 5.964158 | D88: =D13 -> 2.965553 | E88: =E13 -> 0.2734244 | F88: =F13 -> 2.663757 | G88: =G13 -> 0.04673415 | H88: =H13 -> 0.2898231 | I88: =I13 -> 0.183987 | ... AU88: =AU13 -> 0.0003808974 | AV88: =$AV$149*'VDFB_ref(한국)'!BX13 -> 4.0744401e-09 | AW88: =AW13 -> 5.3329484e-05 | AX88: =AX13 -> 1.4251565e-05 | AY88: =AY13 -> 5.5076298e-06 | AZ88: =AZ13 -> 3.3672888e-05 | BA88: =BA13 -> 3.3920178e-06 | BB88: =BB13 -> 8.5092952e-06 | BC88: =BC13 -> 2.2229133e-06 | BD88: =BD13 -> 0.0155604 | ... BU88: =BU13 -> 0.002375351
... A122: 46 TnD | B122: =B47 -> 0.5049761 | C122: =C47 -> 17.17564 | D122: =D47 -> 9.102397 | E122: =E47 -> 63.40397 | F122: =F47 -> 6.99033 | G122: =G47 -> 5.58161 | H122: =H47 -> 11.0391 | I122: =I47 -> 7.695536 | ... AU122: =AU47 -> 759.5869 | AV122: =$AV$149*'VDFB_ref(한국)'!BX47 -> 0.0038649214 | AW122: =AW47 -> 289.338 | AX122: =AX47 -> 76.43139 | AY122: =AY47 -> 16.14947 | AZ122: =AZ47 -> 33.8007 | BA122: =BA47 -> 7.010657 | BB122: =BB47 -> 8.312121 | BC122: =BC47 -> 8.893755 | BD122: =BD47 -> 237.8259 | ... BU122: =BU47 -> 0.01682668
A123: 47 eNuclear | B123: =$BW$123*'VDFB_ref(한국)'!B76 -> 0.00019407552 | C123: =$BW$123*'VDFB_ref(한국)'!C76 -> 2.2142877e-05 | D123: =$BW$123*'VDFB_ref(한국)'!D76 -> 1.9224849e-05 | E123: =$BW$123*'VDFB_ref(한국)'!E76 -> 0.00053130637 | F123: =$BW$123*'VDFB_ref(한국)'!F76 -> 5.0242256e-05 | G123: =$BW$123*'VDFB_ref(한국)'!G76 -> 2.9599125e-07 | H123: =$BW$123*'VDFB_ref(한국)'!H76 -> 5.5033746e-06 | I123: =$BW$123*'VDFB_ref(한국)'!I76 -> 4.6058225e-05 | ... AU123: =$BW$123*'VDFB_ref(한국)'!AU76 -> 0.0011324194 | AV123: =$AV$149*'VDFB_ref(한국)'!BX48 -> 0.0014575466 | AW123: =$BW$123*'VDFB_ref(한국)'!AW76 -> 0.0010412701 | AX123: =$BW$123*'VDFB_ref(한국)'!AX76 -> 0.00048588062 | AY123: =$BW$123*'VDFB_ref(한국)'!AY76 -> 9.9779978e-06 | AZ123: =$BW$123*'VDFB_ref(한국)'!AZ76 -> 1.3822539e-05 | BA123: =$BW$123*'VDFB_ref(한국)'!BA76 -> 6.9720053e-05 | BB123: =$BW$123*'VDFB_ref(한국)'!BB76 -> 7.1103683e-05 | BC123: =$BW$123*'VDFB_ref(한국)'!BC76 -> 3.5305657e-05 | BD123: =$BW$123*'VDFB_ref(한국)'!BD76 -> 0.00097214065 | ... BU123: =$BW$123*'VDFB_ref(한국)'!BU76 -> 2.9489097e-07 | BV123: =SUM(B123:BU123) -> 0.080896005 | BW123: 0.08
A124: 48 eCoal | B124: =B49 -> 0.3124474 | C124: =C49 -> 9.926749 | D124: =D49 -> 4.659878 | E124: =E49 -> 21.2759 | F124: =F49 -> 4.298653 | G124: =G49 -> 3.473193 | H124: =H49 -> 6.7716 | I124: =I49 -> 4.225912 | ... AU124: =AU49 -> 394.5563 | AV124: =$AV$149*'VDFB_ref(한국)'!BX49 -> 0.0037793291 | AW124: =AW49 -> 179.6967 | AX124: =AX49 -> 44.77563 | AY124: =AY49 -> 9.258652 | AZ124: =AZ49 -> 11.33209 | BA124: =BA49 -> 4.361623 | BB124: =BB49 -> 2.916695 | BC124: =BC49 -> 5.505394 | BD124: =BD49 -> 130.8961 | ... BU124: =BU49 -> 0.009881293
A125: 49 eGas | B125: =B50 -> 0.1179232 | C125: =C50 -> 3.860851 | D125: =D50 -> 1.917375 | E125: =E50 -> 10.96017 | F125: =F50 -> 1.626717 | G125: =G50 -> 1.307639 | H125: =H50 -> 2.565303 | I125: =I50 -> 1.682348 | ... AU125: =AU50 -> 161.2229 | AV125: =$AV$149*'VDFB_ref(한국)'!BX50 -> 0.0029835647 | AW125: =AW50 -> 67.711 | AX125: =AX50 -> 17.30964 | AY125: =AY50 -> 3.614112 | AZ125: =AZ50 -> 5.840708 | BA125: =BA50 -> 1.642259 | BB125: =BB50 -> 1.46416 | BC125: =BC50 -> 2.077427 | BD125: =BD50 -> 52.05553 | ... BU125: =BU50 -> 0.003815875
A126: 50 eWind | B126: =B51 -> 0.01028183 | C126: =C51 -> 0.3534438 | D126: =D51 -> 0.1905111 | E126: =E51 -> 1.386587 | F126: =F51 -> 0.1424715 | G126: =G51 -> 0.1135426 | H126: =H51 -> 0.2250799 | I126: =I51 -> 0.1595413 | ... AU126: =AU51 -> 15.86766 | AV126: =$AV$149*'VDFB_ref(한국)'!BX51 -> 8.0036931e-05 | AW126: =AW51 -> 5.887635 | AX126: =AX51 -> 1.569616 | AY126: =AY51 -> 0.3327267 | AZ126: =AZ51 -> 0.7392444 | BA126: =BA51 -> 0.142617 | BB126: =BB51 -> 0.1810997 | BC126: =BC51 -> 0.1810726 | BD126: =BD51 -> 4.928948 | ... BU126: =BU51 -> 0.0003454308
A127: 51 eHydro | B127: =B52 -> 0.02039079 | C127: =C52 -> 1.107483 | D127: =D52 -> 0.9420252 | E127: =E52 -> 13.1705 | F127: =F52 -> 0.2979411 | G127: =G52 -> 0.2137749 | H127: =H52 -> 0.4804438 | I127: =I52 -> 0.6272587 | ... AU127: =AU52 -> 75.24645 | AV127: =$AV$149*'VDFB_ref(한국)'!BX52 -> 9.5761185e-05 | AW127: =AW52 -> 11.28592 | AX127: =AX52 -> 4.572697 | AY127: =AY52 -> 1.085649 | AZ127: =AZ52 -> 7.027175 | BA127: =BA52 -> 0.2689822 | BB127: =BB52 -> 1.651294 | BC127: =BC52 -> 0.3576503 | BD127: =BD52 -> 19.20964 | ... BU127: =BU52 -> 0.0009926572
A128: 52 eOil | B128: =B53 -> 0.02491337 | C128: =C53 -> 0.7903895 | D128: =D53 -> 0.3699901 | E128: =E53 -> 1.667446 | F128: =F53 -> 0.3427155 | G128: =G53 -> 0.276971 | H128: =H53 -> 0.539847 | I128: =I53 -> 0.3360927 | ... AU128: =AU53 -> 31.33854 | AV128: =$AV$149*'VDFB_ref(한국)'!BX53 -> 0.00080825247 | AW128: =AW53 -> 14.32942 | AX128: =AX53 -> 3.566175 | AY128: =AY53 -> 0.7370644 | AZ128: =AZ53 -> 0.8880943 | BA128: =BA53 -> 0.3478179 | BB128: =BB53 -> 0.2289685 | BC128: =BC53 -> 0.4389834 | BD128: =BD53 -> 10.41089 | ... BU128: =BU53 -> 0.0007870406
A129: 53 eOther | B129: =B54 -> 0.01069039 | C129: =C54 -> 0.4173228 | D129: =D54 -> 0.2672432 | E129: =E54 -> 2.719076 | F129: =F54 -> 0.1500197 | G129: =G54 -> 0.1166567 | H129: =H54 -> 0.2381998 | I129: =I54 -> 0.2039867 | ... AU129: =AU54 -> 21.8646 | AV129: =$AV$149*'VDFB_ref(한국)'!BX54 -> 0.00069878658 | AW129: =AW54 -> 6.073732 | AX129: =AX54 -> 1.810939 | AY129: =AY54 -> 0.3981423 | AZ129: =AZ54 -> 1.450317 | BA129: =BA54 -> 0.1465857 | BB129: =BB54 -> 0.34669 | BC129: =BC54 -> 0.1880898 | BD129: =BD54 -> 6.281326 | ... BU129: =BU54 -> 0.0003968636
A130: 54 eSolar | B130: =B55 -> 0.007169091 | C130: =C55 -> 0.229025 | D130: =D55 -> 0.1086641 | E130: =E55 -> 0.5203743 | F130: =F55 -> 0.09867995 | G130: =G55 -> 0.07965701 | H130: =H55 -> 0.1554793 | I130: =I55 -> 0.0979239 | ... AU130: =AU55 -> 9.188351 | AV130: =$AV$149*'VDFB_ref(한국)'!BX55 -> 0.00021584209 | AW130: =AW55 -> 4.121927 | AX130: =AX55 -> 1.031886 | AY130: =AY55 -> 0.213755 | AZ130: =AZ55 -> 0.2771982 | BA130: =BA55 -> 0.1000344 | BB130: =BB55 -> 0.07091612 | BC130: =BC55 -> 0.1263165 | BD130: =BD55 -> 3.032558 | ... BU130: =BU55 -> 0.0002276763
A131: 55 wtr | B131: =B56 -> 4.166765 | C131: =C56 -> 123.674 | D131: =D56 -> 61.67951 | E131: =E56 -> 277.5062 | F131: =F56 -> 55.20111 | G131: =G56 -> 46.06713 | H131: =H56 -> 68.08289 | I131: =I56 -> 36.13857 | ... AU131: =AU56 -> 204.503 | AV131: =$AV$149*'VDFB_ref(한국)'!BX56 -> 0.00082649439 | AW131: =AW56 -> 39.28644 | AX131: =AX56 -> 8.913518 | AY131: =AY56 -> 3.268523 | AZ131: =AZ56 -> 12.08276 | BA131: =BA56 -> 2.528777 | BB131: =BB56 -> 4.327936 | BC131: =BC56 -> 1.607235 | BD131: =BD56 -> 2033.038 | ... BU131: =BU56 -> 594.5599
A132: 56 cns | B132: =B57 -> 8.195929 | C132: =C57 -> 243.7573 | D132: =D57 -> 122.5903 | E132: =E57 -> 281.0676 | F132: =F57 -> 108.4986 | G132: =G57 -> 43.82254 | H132: =H57 -> 96.41811 | I132: =I57 -> 56.66727 | ... AU132: =AU57 -> 1105.718 | AV132: =$AV$149*'VDFB_ref(한국)'!BX57 -> 0.0026596798 | AW132: =AW57 -> 248.4725 | AX132: =AX57 -> 52.46503 | AY132: =AY57 -> 18.72669 | AZ132: =AZ57 -> 45.03466 | BA132: =BA57 -> 16.06011 | BB132: =BB57 -> 22.58594 | BC132: =BC57 -> 10.09077 | BD132: =BD57 -> 867.4685 | ... BU132: =BU57 -> 10730.66
A133: 57 trd | B133: =B58 -> 5.39272 | C133: =C58 -> 199.4269 | D133: =D58 -> 99.69955 | E133: =E58 -> 466.1793 | F133: =F58 -> 79.69947 | G133: =G58 -> 46.1056 | H133: =H58 -> 149.6795 | I133: =I58 -> 128.073 | ... AU133: =AU58 -> 367.8106 | AV133: =$AV$149*'VDFB_ref(한국)'!BX58 -> 0.0063544177 | AW133: =AW58 -> 76.63632 | AX133: =AX58 -> 16.73951 | AY133: =AY58 -> 6.053402 | AZ133: =AZ58 -> 18.36707 | BA133: =BA58 -> 4.943927 | BB133: =BB58 -> 7.649006 | BC133: =BC58 -> 3.122906 | BD133: =BD58 -> 540.097 | ... BU133: =BU58 -> 656.5522
A134: 58 afs | B134: =B59 -> 1.593259 | C134: =C59 -> 45.05207 | D134: =D59 -> 22.88514 | E134: =E59 -> 88.64351 | F134: =F59 -> 20.53531 | G134: =G59 -> 14.98385 | H134: =H59 -> 28.32873 | I134: =I59 -> 15.27322 | ... AU134: =AU59 -> 139.8258 | AV134: =$AV$149*'VDFB_ref(한국)'!BX59 -> 0.0015541431 | AW134: =AW59 -> 33.07632 | AX134: =AX59 -> 6.830633 | AY134: =AY59 -> 2.416518 | AZ134: =AZ59 -> 4.763261 | BA134: =BA59 -> 2.140509 | BB134: =BB59 -> 2.818755 | BC134: =BC59 -> 1.340347 | BD134: =BD59 -> 185.0316 | ... BU134: =BU59 -> 61.75027
A135: 59 otp | B135: =B60 -> 9.085944 | C135: =C60 -> 297.761 | D135: =D60 -> 144.0229 | E135: =E60 -> 308.735 | F135: =F60 -> 128.1268 | G135: =G60 -> 38.10973 | H135: =H60 -> 77.212 | I135: =I60 -> 53.32405 | ... AU135: =AU60 -> 175.4379 | AV135: =$AV$149*'VDFB_ref(한국)'!BX60 -> 0.0015533346 | AW135: =AW60 -> 30.31171 | AX135: =AX60 -> 12.50216 | AY135: =AY60 -> 4.420491 | AZ135: =AZ60 -> 8.591726 | BA135: =BA60 -> 3.923493 | BB135: =BB60 -> 5.145181 | BC135: =BC60 -> 2.456306 | BD135: =BD60 -> 331.4339 | ... BU135: =BU60 -> 61.56673
... A148: 72 dwe | B148: =B73 -> 2.379961e-05 | C148: =C73 -> 0.001020703 | D148: =D73 -> 0.0004173018 | E148: =E73 -> 0.002243291 | F148: =F73 -> 0.0001160515 | G148: =G73 -> 0.006867317 | H148: =H73 -> 0.03872555 | I148: =I73 -> 9.1997521e-05 | ... AU148: =AU73 -> 0.003490202 | AV148: =$AV$149*'VDFB_ref(한국)'!BX73 -> 2.8749554e-08 | AW148: =AW73 -> 0.0003255356 | AX148: =AX73 -> 7.4370808e-05 | AY148: =AY73 -> 2.7337946e-05 | AZ148: =AZ73 -> 0.0001042144 | BA148: =BA73 -> 2.0935688e-05 | BB148: =BB73 -> 3.6487239e-05 | BC148: =BC73 -> 1.3327567e-05 | BD148: =BD73 -> 0.08352502 | ... BU148: =BU73 -> 1.195052
AV149: 0.08

Sheet VDFP_MNG
A1: VDFP | B1: 1 pdr | C1: 2 wht | D1: 3 gro | E1: 4 v_f | F1: 5 osd | G1: 6 c_b | H1: 7 pfb | I1: 8 ocr | J1: 9 ctl | K1: 10 oap | L1: 11 rmk | M1: 12 wol | N1: 13 frs | O1: 14 fsh | P1: 15 coa | Q1: 16 oil | R1: 17 gas | S1: 18 oxt | T1: 19 cmt | U1: 20 omt | V1: 21 vol | W1: 22 mil | X1: 23 pcr | Y1: 24 sgr | Z1: 25 ofd | AA1: 26 b_t | AB1: 27 tex | AC1: 28 wap | AD1: 29 lea | AE1: 30 lum | AF1: 31 ppp | AG1: 32 p_c | AH1: 33 chm | AI1: 34 bph | AJ1: 35 rpp | AK1: 36 nmm | AL1: 37 i_s | AM1: 38 nfm | AN1: 39 fmp | AO1: 40 ele | AP1: 41 eeq | AQ1: 42 ome | AR1: 43 mvh | AS1: 44 otn | AT1: 45 omf | AU1: 46 TnD | AV1: 47 eNuclear | AW1: 48 eCoal | AX1: 49 eGas | AY1: 50 eWind | AZ1: 51 eHydro | BA1: 52 eOil | BB1: 53 eOther | BC1: 54 eSolar | BD1: 55 wtr | BE1: 56 cns | BF1: 57 trd | BG1: 58 afs | BH1: 59 otp | BI1: 60 wtp | BJ1: 61 atp | BK1: 62 whs | BL1: 63 cmn | BM1: 64 ofi | BN1: 65 ins | BO1: 66 rsa | BP1: 67 obs | BQ1: 68 ros | BR1: 69 osg | BS1: 70 edu | BT1: 71 hht | BU1: 72 dwe | BV1: Total
A2: 1 pdr | B2: 0.000190845 | C2: 0.0005288834 | D2: 1.3462631e-05 | E2: 0.01127993 | F2: 0.003466021 | G2: 0.0001880274 | H2: 0.0001993374 | I2: 0.002861253 | J2: 0.05121163 | K2: 0.0003749722 | L2: 0.007149978 | M2: 0.007831523 | N2: 0.0001800778 | O2: 3.9959773e-06 | P2: 1.4702426e-06 | Q2: 1.6083512e-06 | R2: 9.7460131e-08 | S2: 5.5330906e-06 | T2: 0.002412286 | U2: 0.002005629 | V2: 1.5231057e-05 | W2: 0.001816293 | X2: 0.001817169 | Y2: 2.087817e-07 | Z2: 0.003310566 | AA2: 0.001230021 | AB2: 7.2149334e-05 | AC2: 0.000280467 | AD2: 0.0001019239 | AE2: 6.1744513e-06 | AF2: 7.9035655e-14 | AG2: 4.3903277e-08 | AH2: 3.1527929e-07 | AI2: 7.1498634e-09 | AJ2: 1.2196203e-09 | AK2: 8.2691367e-06 | AL2: 2.7127294e-09 | AM2: 2.6169766e-07 | AN2: 5.4755184e-14 | AO2: 6.6970308e-14 | AP2: 1.3525457e-13 | AQ2: 2.1287894e-13 | AR2: 2.4452886e-15 | AS2: 2.5761158e-15 | AT2: 0.0001651895 | AU2: 0.0001629688 | AV2: 0 | AW2: 0.0002913975 | AX2: 0 | AY2: 4.9323535e-06 | AZ2: 5.8585084e-07 | BA2: 4.4730559e-06 | BB2: 0 | BC2: 3.5729337e-07 | BD2: 2.3145742e-05 | BE2: 0.0001223473 | BF2: 0.002221336 | BG2: 0.03183604 | BH2: 8.4775893e-05 | BI2: 1.2069652e-05 | BJ2: 8.7345978e-07 | BK2: 0.001900586 | BL2: 9.1598777e-06 | BM2: 0.0006066668 | BN2: 2.1983155e-07 | BO2: 0.003672898 | BP2: 0.0007312439 | BQ2: 0.0009007056 | BR2: 0.04633869 | BS2: 0.000472917 | BT2: 8.3090861e-05 | BU2: 0.0007983036 | BV2: 0.1890106
