Workbook

Sheet CGE_Frozen
B1: Frozen | C1: Frozen | D1: Frozen | E1: Frozen | F1: Frozen | G1: Frozen | H1: Frozen | I1: Frozen | J1: Frozen | K1: Frozen | L1: Frozen | M1: Frozen | N1: Frozen | O1: Frozen | P1: Frozen | Q1: Frozen | R1: Frozen
B2: 01_KOR | C2: 02_CHN | D2: 03_JPN | E2: 04_RUS | F2: 05_MNG | G2: 06_PRK | H2: 07_NAM | I2: 08_LAM | J2: 09_WEU | K2: 10_EEU | L2: 11_RFSU | M2: 12_MEA | N2: 13_AFR | O2: 14_RCPA | P2: 15_SAS | Q2: 16_RPAS | R2: 17_RPAO
A3: 2019 | B3: 1649.34 | C3: 14643 | D3: 5115.17 | E3: 1690.44 | F3: 14.161 | G3: 16.0363 | H3: 23243.9 | I3: 5369.37 | J3: 18893.2 | K3: 1774.9 | L3: 610.966 | M3: 3517.49 | N3: 1794.02 | O3: 380.752 | P3: 3658.47 | Q3: 3429.91 | R3: 1607.7
A4: 2020 | B4: 1638.79 | C4: 15017.2 | D4: 4921.99 | E4: 1642.65 | F4: 13.5975 | G4: 15.433 | H4: 22689.2 | I4: 5041.57 | J4: 17906.8 | K4: 1718.48 | L4: 597.998 | M4: 3421.18 | N4: 1742.29 | O4: 377.893 | P4: 3517.61 | Q4: 3276.68 | R4: 1595.68
A5: 2021 | B5: 1720.41 | C5: 16306.4 | D5: 5070.65 | E5: 1735.6 | F5: 14.1899 | G5: 15.6426 | H5: 24077.8 | I5: 5406.67 | J5: 19180.6 | K5: 1836.19 | L5: 621.996 | M5: 3567.62 | N5: 1808.5 | O5: 394.158 | P5: 3833.46 | Q5: 3407.19 | R5: 1643.18
A6: 2022 | B6: 1772.2 | C6: 16858.4 | D6: 5139.14 | E6: 1715.32 | F6: 14.6019 | G6: 15.6356 | H6: 24740.5 | I6: 5633.88 | J6: 19963.4 | K6: 1910.54 | L6: 594.19 | M6: 3800.41 | N6: 1887.96 | O6: 410.957 | P6: 4097.67 | Q6: 3576.53 | R6: 1702.95
A7: 2023 | B7: 1811.48 | C7: 17767.5 | D7: 5232.68 | E7: 1773.48 | F7: 15.6261 | G7: 16.1638 | H7: 25440.9 | I7: 5762.21 | J7: 20234.3 | K7: 1938.74 | L7: 618.905 | M7: 3822.19 | N7: 1949.9 | O7: 427.278 | P7: 4416.22 | Q7: 3733.56 | R7: 1762.3
A8: 2024 | B8: 1846.93 | C8: 18608.6 | D8: 5248.03 | E8: 1853.78 | F8: 16.2624 | G8: 16.7234 | H8: 26124.8 | I8: 5906.93 | J8: 20525.3 | K8: 1978.27 | L8: 632.958 | M8: 3924.03 | N8: 2037.58 | O8: 446.476 | P8: 4655.15 | Q8: 3886.44 | R8: 1787.56 | S8: 01_KOR | T8: 02_CHN | U8: 03_JPN | V8: 04_RUS | W8: 05_MNG | X8: 06_PRK | Y8: 07_NAM | Z8: 08_LAM | AA8: 09_WEU | AB8: 10_EEU | AC8: 11_RFSU | AD8: 12_MEA | AE8: 13_AFR | AF8: 14_RCPA | AG8: 15_SAS | AH8: 16_RPAS | AI8: 17_RPAO
A9: 2025 | B9: 1901.56 | C9: 19472.9 | D9: 5342.34 | E9: 1872.04 | F9: 16.9186 | G9: 17.4908 | H9: 26806.4 | I9: 6104.74 | J9: 21145.3 | K9: 2046.18 | L9: 641.033 | M9: 4023.35 | N9: 2114.36 | O9: 467.738 | P9: 4960.02 | Q9: 4057.61 | R9: 1841.45 | S9: =(B9-B8)/B8 -> 0.029578815 | T9: =(C9-C8)/C8 -> 0.046446267 | U9: =(D9-D8)/D8 -> 0.017970553 | V9: =(E9-E8)/E8 -> 0.009850144 | W9: =(F9-F8)/F8 -> 0.040350748 | X9: =(G9-G8)/G8 -> 0.045887798 | Y9: =(H9-H8)/H8 -> 0.026090152 | Z9: =(I9-I8)/I8 -> 0.033487785 | ... AI9: =(R9-R8)/R8 -> 0.03014724
A10: 2026 | B10: 1944.92 | C10: 20266 | D10: 5404.59 | E10: 1903.42 | F10: 17.4337 | G10: 18.2815 | H10: 27390.7 | I10: 6280.2 | J10: 21614.2 | K10: 2104.73 | L10: 659.045 | M10: 4194.52 | N10: 2208.28 | O10: 491.255 | P10: 5241.93 | Q10: 4217.19 | R10: 1888.73 | S10: =(B10-B9)/B9 -> 0.022802331 | T10: =(C10-C9)/C9 -> 0.040728397 | U10: =(D10-D9)/D9 -> 0.011652197 | V10: =(E10-E9)/E9 -> 0.016762462 | W10: =(F10-F9)/F9 -> 0.030445782 | X10: =(G10-G9)/G9 -> 0.045206623 | Y10: =(H10-H9)/H9 -> 0.021797034 | Z10: =(I10-I9)/I9 -> 0.028741601 | ... AI10: =(R10-R9)/R9 -> 0.025675419
A11: 2027 | B11: 1996.8 | C11: 21085.8 | D11: 5471.3 | E11: 1921.76 | F11: 18.0587 | G11: 19.1834 | H11: 27962 | I11: 6431.18 | J11: 22082.9 | K11: 2169.42 | L11: 677.824 | M11: 4305.47 | N11: 2292.44 | O11: 516.358 | P11: 5568.14 | Q11: 4395.01 | R11: 1940.13 | S11: =(B11-B10)/B10 -> 0.026674619 | T11: =(C11-C10)/C10 -> 0.040451989 | U11: =(D11-D10)/D10 -> 0.012343212 | V11: =(E11-E10)/E10 -> 0.0096352881 | W11: =(F11-F10)/F10 -> 0.035850106 | X11: =(G11-G10)/G10 -> 0.049334026 | Y11: =(H11-H10)/H10 -> 0.020857444 | Z11: =(I11-I10)/I10 -> 0.024040636 | ... AI11: =(R11-R10)/R10 -> 0.027214054
A12: 2028 | B12: 2035.58 | C12: 21841.4 | D12: 5521.69 | E12: 1958.17 | F12: 18.6171 | G12: 20.1276 | H12: 28496.7 | I12: 6599.77 | J12: 22490.9 | K12: 2225.63 | L12: 706.428 | M12: 4510.17 | N12: 2402.23 | O12: 543.71 | P12: 5869.25 | Q12: 4562.04 | R12: 1989.35 | S12: =(B12-B11)/B11 -> 0.019421074 | T12: =(C12-C11)/C11 -> 0.035834543 | U12: =(D12-D11)/D11 -> 0.009209877 | V12: =(E12-E11)/E11 -> 0.018946174 | W12: =(F12-F11)/F11 -> 0.030921384 | X12: =(G12-G11)/G11 -> 0.049219638 | Y12: =(H12-H11)/H11 -> 0.01912238 | Z12: =(I12-I11)/I11 -> 0.026214474 | ... AI12: =(R12-R11)/R11 -> 0.025369434
A13: 2029 | B13: 2083.55 | C13: 22632.7 | D13: 5584.79 | E13: 1979.55 | F13: 19.2736 | G13: 21.1555 | H13: 29039.1 | I13: 6755.58 | J13: 22936.3 | K13: 2288.04 | L13: 730.174 | M13: 4635.24 | N13: 2499.69 | O13: 570.896 | P13: 6213.99 | Q13: 4744.31 | R13: 2041.99 | S13: =(B13-B12)/B12 -> 0.023565765 | T13: =(C13-C12)/C12 -> 0.036229363 | U13: =(D13-D12)/D12 -> 0.011427661 | V13: =(E13-E12)/E12 -> 0.010918357 | W13: =(F13-F12)/F12 -> 0.035263279 | X13: =(G13-G12)/G12 -> 0.051069179 | Y13: =(H13-H12)/H12 -> 0.019033783 | Z13: =(I13-I12)/I12 -> 0.023608398 | ... AI13: =(R13-R12)/R12 -> 0.026460904
A14: 2030 | B14: 2122.5 | C14: 23373.3 | D14: 5642.53 | E14: 2013.82 | F14: 19.8605 | G14: 22.2035 | H14: 29566.5 | I14: 6934.9 | J14: 23365.8 | K14: 2343.28 | L14: 756.936 | M14: 4818.22 | N14: 2617.01 | O14: 598.085 | P14: 6535.51 | Q14: 4914.65 | R14: 2092.44 | S14: =(B14-B13)/B13 -> 0.018694056 | T14: =(C14-C13)/C13 -> 0.032722565 | U14: =(D14-D13)/D13 -> 0.010338795 | V14: =(E14-E13)/E13 -> 0.017312015 | W14: =(F14-F13)/F13 -> 0.03045098 | X14: =(G14-G13)/G13 -> 0.049537945 | Y14: =(H14-H13)/H13 -> 0.01816172 | Z14: =(I14-I13)/I13 -> 0.026543983 | ... AI14: =(R14-R13)/R13 -> 0.024706291
A15: 2031 | B15: 2164.2 | C15: 24130.5 | D15: 5709.7 | E15: 2043.64 | F15: 20.5329 | G15: 23.3227 | H15: 30099.2 | I15: 7119.62 | J15: 23826.4 | K15: 2400.05 | L15: 779.96 | M15: 4958.91 | N15: 2734.14 | O15: 624.855 | P15: 6880.79 | Q15: 5091.11 | R15: 2145.13 | S15: =(B15-B14)/B14 -> 0.019646643 | T15: =(C15-C14)/C14 -> 0.032395939 | U15: =(D15-D14)/D14 -> 0.011904234 | V15: =(E15-E14)/E14 -> 0.014807679 | W15: =(F15-F14)/F14 -> 0.033856147 | X15: =(G15-G14)/G14 -> 0.050406467 | Y15: =(H15-H14)/H14 -> 0.018017012 | Z15: =(I15-I14)/I14 -> 0.026636289 | ... AI15: =(R15-R14)/R14 -> 0.025181128
A16: 2032 | B16: 2197.78 | C16: 24850.9 | D16: 5772.03 | E16: 2086.37 | F16: 21.1959 | G16: 24.4954 | H16: 30615 | I16: 7326.75 | J16: 24266.2 | K16: 2451.01 | L16: 807.573 | M16: 5158.98 | N16: 2875.4 | O16: 652.792 | P16: 7205.58 | Q16: 5259.73 | R16: 2197.41 | S16: =(B16-B15)/B15 -> 0.015516126 | T16: =(C16-C15)/C15 -> 0.029854334 | U16: =(D16-D15)/D15 -> 0.01091651 | V16: =(E16-E15)/E15 -> 0.020908771 | W16: =(F16-F15)/F15 -> 0.032289642 | X16: =(G16-G15)/G15 -> 0.050281485 | Y16: =(H16-H15)/H15 -> 0.017136668 | Z16: =(I16-I15)/I15 -> 0.029092845 | ... AI16: =(R16-R15)/R15 -> 0.024371483
A17: 2033 | B17: 2237.55 | C17: 25591.1 | D17: 5843.18 | E17: 2119.66 | F17: 21.9174 | G17: 25.7584 | H17: 31135.6 | I17: 7530.19 | J17: 24735.7 | K17: 2506.05 | L17: 831.206 | M17: 5297.83 | N17: 3010.32 | O17: 680.093 | P17: 7567.37 | Q17: 5438.3 | R17: 2251.43 | S17: =(B17-B16)/B16 -> 0.018095533 | T17: =(C17-C16)/C16 -> 0.029785642 | U17: =(D17-D16)/D16 -> 0.012326686 | V17: =(E17-E16)/E16 -> 0.015955943 | W17: =(F17-F16)/F16 -> 0.034039602 | X17: =(G17-G16)/G16 -> 0.051560701 | Y17: =(H17-H16)/H16 -> 0.017004736 | Z17: =(I17-I16)/I16 -> 0.027766745 | ... AI17: =(R17-R16)/R16 -> 0.024583487
A18: 2034 | B18: 2267.76 | C18: 26267.2 | D18: 5905.01 | E18: 2165.37 | F18: 22.6015 | G18: 27.0576 | H18: 31640.8 | I18: 7754.67 | J18: 25180.4 | K18: 2554.2 | L18: 859.551 | M18: 5507.32 | N18: 3167.78 | O18: 707.875 | P18: 7902.7 | Q18: 5605.12 | R18: 2304.78 | S18: =(B18-B17)/B17 -> 0.013501374 | T18: =(C18-C17)/C17 -> 0.026419341 | U18: =(D18-D17)/D17 -> 0.010581567 | V18: =(E18-E17)/E17 -> 0.021564779 | W18: =(F18-F17)/F17 -> 0.031212644 | X18: =(G18-G17)/G17 -> 0.050437915 | Y18: =(H18-H17)/H17 -> 0.016225799 | Z18: =(I18-I17)/I17 -> 0.029810669 | ... AI18: =(R18-R17)/R17 -> 0.023696051
A19: 2035 | B19: 2303.57 | C19: 26942.5 | D19: 5972.07 | E19: 2199.22 | F19: 23.3272 | G19: 28.4414 | H19: 32154.8 | I19: 7971.45 | J19: 25655.6 | K19: 2606.26 | L19: 883.223 | M19: 5653.78 | N19: 3313.15 | O19: 734.174 | P19: 8276.57 | Q19: 5780.21 | R19: 2359.75 | S19: =(B19-B18)/B18 -> 0.015790913 | T19: =(C19-C18)/C18 -> 0.025708869 | U19: =(D19-D18)/D18 -> 0.011356458 | V19: =(E19-E18)/E18 -> 0.015632432 | W19: =(F19-F18)/F18 -> 0.032108488 | X19: =(G19-G18)/G18 -> 0.051142747 | Y19: =(H19-H18)/H18 -> 0.016244848 | Z19: =(I19-I18)/I18 -> 0.027954768 | ... AI19: =(R19-R18)/R18 -> 0.023850433
A20: 2036 | B20: 2330.97 | C20: 27542.4 | D20: 6028.65 | E20: 2243.04 | F20: 24.0091 | G20: 29.8717 | H20: 32655.1 | I20: 8207.27 | J20: 26109.8 | K20: 2652.22 | L20: 910.856 | M20: 5866.22 | N20: 3478.35 | O20: 760.461 | P20: 8625.64 | Q20: 5943.39 | R20: 2414.11 | S20: =(B20-B19)/B19 -> 0.011894581 | T20: =(C20-C19)/C19 -> 0.022265937 | U20: =(D20-D19)/D19 -> 0.0094741019 | V20: =(E20-E19)/E19 -> 0.019925246 | W20: =(F20-F19)/F19 -> 0.02923197 | X20: =(G20-G19)/G19 -> 0.050289367 | Y20: =(H20-H19)/H19 -> 0.015559108 | Z20: =(I20-I19)/I19 -> 0.029583075 | ... AI20: =(R20-R19)/R19 -> 0.023036339
... A34: 2050 | B34: 2649.92 | C34: 35122.3 | D34: 6870.76 | E34: 2811.9 | F34: 35.3361 | G34: 57.6935 | H34: 39565.2 | I34: 12164.8 | J34: 32892.4 | K34: 3196.52 | L34: 1274.73 | M34: 8785.08 | N34: 6553.17 | O34: 1092.08 | P34: 14417 | Q34: 8189.45 | R34: 3254.25 | S34: =(B34-B33)/B33 -> 0.0062426903 | T34: =(C34-C33)/C33 -> 0.014353666 | U34: =(D34-D33)/D33 -> 0.0092778659 | V34: =(E34-E33)/E33 -> 0.015434283 | W34: =(F34-F33)/F33 -> 0.026776426 | X34: =(G34-G33)/G33 -> 0.044110967 | Y34: =(H34-H33)/H33 -> 0.012534741 | Z34: =(I34-I33)/I33 -> 0.0274064 | ... AI34: =(R34-R33)/R33 -> 0.019875706
B36: Frozen | C36: Frozen | D36: Frozen | E36: Frozen | F36: Frozen | G36: Frozen | H36: Frozen | I36: Frozen | J36: Frozen | K36: Frozen | L36: Frozen | M36: Frozen | N36: Frozen | O36: Frozen | P36: Frozen | Q36: Frozen | R36: Frozen
B37: 01_KOR | C37: 02_CHN | D37: 03_JPN | E37: 04_RUS | F37: 05_MNG | G37: 06_PRK | H37: 07_NAM | I37: 08_LAM | J37: 09_WEU | K37: 10_EEU | L37: 11_RFSU | M37: 12_MEA | N37: 13_AFR | O37: 14_RCPA | P37: 15_SAS | Q37: 16_RPAS | R37: 17_RPAO
A38: 2019 | B38: 51.7648 | C38: 1415.25 | D38: 126.633 | E38: 144.406 | F38: 3.23243 | G38: 25.7554 | H38: 369.4 | I38: 612.533 | J38: 508.668 | K38: 118.257 | L38: 140.625 | M38: 500.52 | N38: 1068.94 | O38: 119.197 | P38: 1823.83 | Q38: 557.765 | R38: 30.314
A39: 2020 | B39: 51.8581 | C39: 1431.5 | D39: 125.543 | E39: 145.762 | F39: 3.26646 | G39: 25.8132 | H39: 376.696 | I39: 616.162 | J39: 507.435 | K39: 119.398 | L39: 147.826 | M39: 504.777 | N39: 1056.87 | O39: 119.766 | P39: 1833.47 | Q39: 585.766 | R39: 30.5707
A40: 2021 | B40: 51.7866 | C40: 1431.98 | D40: 124.929 | E40: 145.683 | F40: 3.3147 | G40: 25.9303 | H40: 378.164 | I40: 620.407 | J40: 508.623 | K40: 119.197 | L40: 147.378 | M40: 513.098 | N40: 1085.16 | O40: 120.787 | P40: 1851.56 | Q40: 590.513 | R40: 30.8058
A41: 2022 | B41: 51.7151 | C41: 1432.46 | D41: 124.315 | E41: 145.605 | F41: 3.36293 | G41: 26.0474 | H41: 379.631 | I41: 624.651 | J41: 509.81 | K41: 118.996 | L41: 146.93 | M41: 521.42 | N41: 1113.45 | O41: 121.809 | P41: 1869.64 | Q41: 595.261 | R41: 31.041
A42: 2023 | B42: 51.6435 | C42: 1432.94 | D42: 123.701 | E42: 145.527 | F42: 3.41117 | G42: 26.1645 | H42: 381.099 | I42: 628.896 | J42: 510.998 | K42: 118.795 | L42: 146.482 | M42: 529.741 | N42: 1141.74 | O42: 122.831 | P42: 1887.73 | Q42: 600.009 | R42: 31.2762
A43: 2024 | B43: 51.572 | C43: 1433.43 | D43: 123.087 | E43: 145.449 | F43: 3.4594 | G43: 26.2816 | H43: 382.567 | I43: 633.14 | J43: 512.185 | K43: 118.594 | L43: 146.034 | M43: 538.062 | N43: 1170.02 | O43: 123.853 | P43: 1905.81 | Q43: 604.757 | R43: 31.5114 | S43: 01_KOR | T43: 02_CHN | U43: 03_JPN | V43: 04_RUS | W43: 05_MNG | X43: 06_PRK | Y43: 07_NAM | Z43: 08_LAM | AA43: 09_WEU | AB43: 10_EEU | AC43: 11_RFSU | AD43: 12_MEA | AE43: 13_AFR | AF43: 14_RCPA | AG43: 15_SAS | AH43: 16_RPAS | AI43: 17_RPAO
A44: 2025 | B44: 51.5005 | C44: 1433.91 | D44: 122.473 | E44: 145.37 | F44: 3.50764 | G44: 26.3987 | H44: 384.035 | I44: 637.385 | J44: 513.373 | K44: 118.393 | L44: 145.586 | M44: 546.384 | N44: 1198.31 | O44: 124.875 | P44: 1923.9 | Q44: 609.505 | R44: 31.7465 | S44: =(B44-B43)/B43 -> -0.0013864112 | T44: =(C44-C43)/C43 -> 0.00033486114 | U44: =(D44-D43)/D43 -> -0.0049883416 | V44: =(E44-E43)/E43 -> -0.00054314571 | W44: =(F44-F43)/F43 -> 0.013944615 | X44: =(G44-G43)/G43 -> 0.0044555887 | Y44: =(H44-H43)/H43 -> 0.0038372364 | Z44: =(I44-I43)/I43 -> 0.0067046783 | ... AI44: =(R44-R43)/R43 -> 0.007460792
A45: 2026 | B45: 51.3967 | C45: 1431.89 | D45: 121.848 | E45: 144.976 | F45: 3.55088 | G45: 26.4254 | H45: 385.703 | I45: 641.625 | J45: 514.185 | K45: 117.85 | L45: 146.668 | M45: 554.467 | N45: 1228.65 | O45: 125.724 | P45: 1942.06 | Q45: 613.998 | R45: 31.9721 | S45: =(B45-B44)/B44 -> -0.0020155144 | T45: =(C45-C44)/C44 -> -0.0014087356 | U45: =(D45-D44)/D44 -> -0.0051031656 | V45: =(E45-E44)/E44 -> -0.0027103254 | W45: =(F45-F44)/F44 -> 0.012327377 | X45: =(G45-G44)/G44 -> 0.0010114134 | Y45: =(H45-H44)/H44 -> 0.0043433541 | Z45: =(I45-I44)/I44 -> 0.0066521804 | ... AI45: =(R45-R44)/R44 -> 0.0071062952
A46: 2027 | B46: 51.2929 | C46: 1429.87 | D46: 121.223 | E46: 144.582 | F46: 3.59412 | G46: 26.452 | H46: 387.37 | I46: 645.865 | J46: 514.997 | K46: 117.308 | L46: 147.75 | M46: 562.55 | N46: 1258.99 | O46: 126.573 | P46: 1960.22 | Q46: 618.491 | R46: 32.1976 | S46: =(B46-B45)/B45 -> -0.0020195849 | T46: =(C46-C45)/C45 -> -0.0014107229 | U46: =(D46-D45)/D45 -> -0.0051293415 | V46: =(E46-E45)/E45 -> -0.0027176912 | W46: =(F46-F45)/F45 -> 0.012177263 | X46: =(G46-G45)/G45 -> 0.0010066073 | Y46: =(H46-H45)/H45 -> 0.0043219783 | Z46: =(I46-I45)/I45 -> 0.0066082213 | ... AI46: =(R46-R45)/R45 -> 0.0070530244
A47: 2028 | B47: 51.1891 | C47: 1427.86 | D47: 120.598 | E47: 144.188 | F47: 3.63736 | G47: 26.4787 | H47: 389.038 | I47: 650.106 | J47: 515.809 | K47: 116.765 | L47: 148.832 | M47: 570.633 | N47: 1289.32 | O47: 127.421 | P47: 1978.38 | Q47: 622.983 | R47: 32.4232 | S47: =(B47-B46)/B46 -> -0.0020236719 | T47: =(C47-C46)/C46 -> -0.0014057222 | U47: =(D47-D46)/D46 -> -0.0051557873 | V47: =(E47-E46)/E46 -> -0.0027250972 | W47: =(F47-F46)/F46 -> 0.012030761 | X47: =(G47-G46)/G46 -> 0.0010093755 | Y47: =(H47-H46)/H46 -> 0.0043059607 | Z47: =(I47-I46)/I46 -> 0.0065663877 | ... AI47: =(R47-R46)/R46 -> 0.0070067334
A48: 2029 | B48: 51.0853 | C48: 1425.84 | D48: 119.973 | E48: 143.794 | F48: 3.68059 | G48: 26.5053 | H48: 390.706 | I48: 654.346 | J48: 516.621 | K48: 116.223 | L48: 149.913 | M48: 578.715 | N48: 1319.66 | O48: 128.27 | P48: 1996.55 | Q48: 627.476 | R48: 32.6487 | S48: =(B48-B47)/B47 -> -0.0020277754 | T48: =(C48-C47)/C47 -> -0.0014147045 | U48: =(D48-D47)/D47 -> -0.0051825072 | V48: =(E48-E47)/E47 -> -0.0027325436 | W48: =(F48-F47)/F47 -> 0.011884994 | X48: =(G48-G47)/G47 -> 0.001004581 | Y48: =(H48-H47)/H47 -> 0.0042874989 | Z48: =(I48-I47)/I47 -> 0.0065220133 | ... AI48: =(R48-R47)/R47 -> 0.0069548965
A49: 2030 | B49: 50.9815 | C49: 1423.82 | D49: 119.348 | E49: 143.4 | F49: 3.72383 | G49: 26.532 | H49: 392.374 | I49: 658.587 | J49: 517.433 | K49: 115.68 | L49: 150.995 | M49: 586.798 | N49: 1350 | O49: 129.119 | P49: 2014.71 | Q49: 631.969 | R49: 32.8742 | S49: =(B49-B48)/B48 -> -0.0020318957 | T49: =(C49-C48)/C48 -> -0.0014167087 | U49: =(D49-D48)/D48 -> -0.0052095055 | V49: =(E49-E48)/E48 -> -0.0027400309 | W49: =(F49-F48)/F48 -> 0.011748116 | X49: =(G49-G48)/G48 -> 0.0010073457 | Y49: =(H49-H48)/H48 -> 0.0042691947 | Z49: =(I49-I48)/I48 -> 0.0064812805 | ... AI49: =(R49-R48)/R48 -> 0.00690686
A50: 2031 | B50: 50.836 | C50: 1420.33 | D50: 118.688 | E50: 143.033 | F50: 3.76586 | G50: 26.5009 | H50: 394.002 | I50: 662.134 | J50: 518.174 | K50: 115.114 | L50: 151.873 | M50: 594.491 | N50: 1381.71 | O50: 129.766 | P50: 2030.54 | Q50: 635.695 | R50: 33.0834 | S50: =(B50-B49)/B49 -> -0.0028539764 | T50: =(C50-C49)/C49 -> -0.0024511525 | U50: =(D50-D49)/D49 -> -0.0055300466 | V50: =(E50-E49)/E49 -> -0.0025592748 | W50: =(F50-F49)/F49 -> 0.011286767 | X50: =(G50-G49)/G49 -> -0.0011721695 | Y50: =(H50-H49)/H49 -> 0.0041491026 | Z50: =(I50-I49)/I49 -> 0.0053857729 | ... AI50: =(R50-R49)/R49 -> 0.006363653
A51: 2032 | B51: 50.6905 | C51: 1416.85 | D51: 118.029 | E51: 142.667 | F51: 3.80789 | G51: 26.4698 | H51: 395.629 | I51: 665.68 | J51: 518.916 | K51: 114.548 | L51: 152.751 | M51: 602.184 | N51: 1413.42 | O51: 130.413 | P51: 2046.37 | Q51: 639.421 | R51: 33.2925 | S51: =(B51-B50)/B50 -> -0.0028621449 | T51: =(C51-C50)/C50 -> -0.0024501348 | U51: =(D51-D50)/D50 -> -0.0055523726 | V51: =(E51-E50)/E50 -> -0.0025588501 | W51: =(F51-F50)/F50 -> 0.011160797 | X51: =(G51-G50)/G50 -> -0.001173545 | Y51: =(H51-H50)/H50 -> 0.0041294207 | Z51: =(I51-I50)/I50 -> 0.0053554114 | ... AI51: =(R51-R50)/R50 -> 0.0063203903
A52: 2033 | B52: 50.545 | C52: 1413.36 | D52: 117.37 | E52: 142.301 | F52: 3.84992 | G52: 26.4387 | H52: 397.257 | I52: 669.227 | J52: 519.657 | K52: 113.981 | L52: 153.629 | M52: 609.876 | N52: 1445.14 | O52: 131.06 | P52: 2062.2 | Q52: 643.148 | R52: 33.5016 | S52: =(B52-B51)/B51 -> -0.0028703603 | T52: =(C52-C51)/C51 -> -0.0024632106 | U52: =(D52-D51)/D51 -> -0.0055833736 | V52: =(E52-E51)/E51 -> -0.0025654146 | W52: =(F52-F51)/F51 -> 0.011037609 | X52: =(G52-G51)/G51 -> -0.0011749239 | Y52: =(H52-H51)/H51 -> 0.0041149663 | Z52: =(I52-I51)/I51 -> 0.005328386 | ... AI52: =(R52-R51)/R51 -> 0.0062806938
A53: 2034 | B53: 50.3995 | C53: 1409.87 | D53: 116.71 | E53: 141.934 | F53: 3.89195 | G53: 26.4076 | H53: 398.884 | I53: 672.774 | J53: 520.399 | K53: 113.415 | L53: 154.507 | M53: 617.569 | N53: 1476.85 | O53: 131.707 | P53: 2078.02 | Q53: 646.874 | R53: 33.7107 | S53: =(B53-B52)/B52 -> -0.002878623 | T53: =(C53-C52)/C52 -> -0.002469293 | U53: =(D53-D52)/D52 -> -0.0056232427 | V53: =(E53-E52)/E52 -> -0.0025790402 | W53: =(F53-F52)/F52 -> 0.01091711 | X53: =(G53-G52)/G52 -> -0.0011763059 | Y53: =(H53-H52)/H52 -> 0.0040955855 | Z53: =(I53-I52)/I52 -> 0.0053001448 | ... AI53: =(R53-R52)/R52 -> 0.0062414929
A54: 2035 | B54: 50.254 | C54: 1406.39 | D54: 116.051 | E54: 141.568 | F54: 3.93398 | G54: 26.3765 | H54: 400.512 | I54: 676.321 | J54: 521.14 | K54: 112.849 | L54: 155.385 | M54: 625.261 | N54: 1508.56 | O54: 132.354 | P54: 2093.85 | Q54: 650.6 | R54: 33.9198 | S54: =(B54-B53)/B53 -> -0.0028869334 | T54: =(C54-C53)/C53 -> -0.0024683127 | U54: =(D54-D53)/D53 -> -0.0056464742 | V54: =(E54-E53)/E53 -> -0.0025786633 | W54: =(F54-F53)/F53 -> 0.010799214 | X54: =(G54-G53)/G53 -> -0.0011776913 | Y54: =(H54-H53)/H53 -> 0.0040813871 | Z54: =(I54-I53)/I53 -> 0.0052722014 | ... AI54: =(R54-R53)/R53 -> 0.0062027783
A55: 2036 | B55: 50.0485 | C55: 1401.75 | D55: 115.374 | E55: 141.292 | F55: 3.97617 | G55: 26.3167 | H55: 402.04 | I55: 679.09 | J55: 521.862 | K55: 112.293 | L55: 156.141 | M55: 632.603 | N55: 1541.18 | O55: 132.834 | P55: 2107.06 | Q55: 653.459 | R55: 34.1168 | S55: =(B55-B54)/B54 -> -0.0040892267 | T55: =(C55-C54)/C54 -> -0.0032992271 | U55: =(D55-D54)/D54 -> -0.0058336421 | V55: =(E55-E54)/E54 -> -0.0019495931 | W55: =(F55-F54)/F54 -> 0.010724508 | X55: =(G55-G54)/G54 -> -0.0022671696 | Y55: =(H55-H54)/H54 -> 0.0038151167 | Z55: =(I55-I54)/I54 -> 0.0040942097 | ... AI55: =(R55-R54)/R54 -> 0.0058078173
... A69: 2050 | B69: 46.4634 | C69: 1313.46 | D69: 105.982 | E69: 138.756 | F69: 4.56197 | G69: 25.2112 | H69: 421.856 | I69: 706.086 | J69: 531.081 | K69: 104.98 | L69: 165.045 | M69: 726.99 | N69: 2000.05 | O69: 137.286 | P69: 2249.76 | Q69: 681.388 | R69: 36.8438 | S69: =(B69-B68)/B68 -> -0.0062388916 | T69: =(C69-C68)/C68 -> -0.0059485969 | U69: =(D69-D68)/D68 -> -0.0061516533 | V69: =(E69-E68)/E68 -> -0.00083530157 | W69: =(F69-F68)/F68 -> 0.0090978668 | X69: =(G69-G68)/G68 -> -0.0036437791 | Y69: =(H69-H68)/H68 -> 0.0031722478 | Z69: =(I69-I68)/I68 -> 0.0017095084 | ... AI69: =(R69-R68)/R68 -> 0.0053098021
B71: Frozen | C71: Frozen | D71: Frozen | E71: Frozen | F71: Frozen | G71: Frozen | H71: Frozen | I71: Frozen | J71: Frozen | K71: Frozen | L71: Frozen | M71: Frozen | N71: Frozen | O71: Frozen | P71: Frozen | Q71: Frozen | R71: Frozen
B72: 01_KOR | C72: 02_CHN | D72: 03_JPN | E72: 04_RUS | F72: 05_MNG | G72: 06_PRK | H72: 07_NAM | I72: 08_LAM | J72: 09_WEU | K72: 10_EEU | L72: 11_RFSU | M72: 12_MEA | N72: 13_AFR | O72: 14_RCPA | P72: 15_SAS | Q72: 16_RPAS | R72: 17_RPAO | S72: 01_KOR | T72: 02_CHN | U72: 03_JPN | V72: 04_RUS | W72: 05_MNG | X72: 06_PRK | Y72: 07_NAM | Z72: 08_LAM | AA72: 09_WEU | AB72: 10_EEU | AC72: 11_RFSU | AD72: 12_MEA | AE72: 13_AFR | AF72: 14_RCPA | AG72: 15_SAS | AH72: 16_RPAS | AI72: 17_RPAO
A73: 2019 | B73: 580.687 | C73: 9607.28 | D73: 975.894 | E73: 1412.29 | F73: 21.6862 | G73: 8.12537 | H73: 4753.71 | I73: 1376.36 | J73: 2425.29 | K73: 662.517 | L73: 570.818 | M73: 1945.03 | N73: 747.628 | O73: 306.86 | P73: 2459.65 | Q73: 1469.62 | R73: 408.029 | S73: =B73/B$73 -> 1 | T73: =C73/C$73 -> 1 | U73: =D73/D$73 -> 1 | V73: =E73/E$73 -> 1 | W73: =F73/F$73 -> 1 | X73: =G73/G$73 -> 1 | Y73: =H73/H$73 -> 1 | Z73: =I73/I$73 -> 1 | ... AI73: =R73/R$73 -> 1
A74: 2020 | B74: 591.706 | C74: 10076.8 | D74: 952.784 | E74: 1393.3 | F74: 20.8987 | G74: 8.07482 | H74: 4751.46 | I74: 1311.64 | J74: 2338.16 | K74: 655.097 | L74: 570.146 | M74: 1925.74 | N74: 738.072 | O74: 310.828 | P74: 2408.61 | Q74: 1436.13 | R74: 415.394 | S74: =B74/B$73 -> 1.0189758 | T74: =C74/C$73 -> 1.0488713 | U74: =D74/D$73 -> 0.97631915 | V74: =E74/E$73 -> 0.98655375 | W74: =F74/F$73 -> 0.96368658 | X74: =G74/G$73 -> 0.99377874 | Y74: =H74/H$73 -> 0.99952669 | Z74: =I74/I$73 -> 0.95297742 | ... AI74: =R74/R$73 -> 1.0180502
A75: 2021 | B75: 631.384 | C75: 11022.9 | D75: 991.093 | E75: 1479.73 | F75: 21.4538 | G75: 8.23502 | H75: 5097.22 | I75: 1413.05 | J75: 2523.86 | K75: 706.089 | L75: 595.518 | M75: 2025.97 | N75: 771.649 | O75: 324.828 | P75: 2602.27 | Q75: 1514.56 | R75: 436 | S75: =B75/B$73 -> 1.0873052 | T75: =C75/C$73 -> 1.1473487 | U75: =D75/D$73 -> 1.0155744 | V75: =E75/E$73 -> 1.0477522 | W75: =F75/F$73 -> 0.98928351 | X75: =G75/G$73 -> 1.0134948 | Y75: =H75/H$73 -> 1.0722615 | Z75: =I75/I$73 -> 1.0266573 | ... AI75: =R75/R$73 -> 1.0685515
A76: 2022 | B76: 658.08 | C76: 11561.2 | D76: 1020.5 | E76: 1476.68 | F76: 22.4451 | G76: 8.48173 | H76: 5338.28 | I76: 1490.73 | J76: 2640.6 | K76: 738.436 | L76: 571.392 | M76: 2182.42 | N76: 813.351 | O76: 342.709 | P76: 2825.36 | Q76: 1618.89 | R76: 461.708 | S76: =B76/B$73 -> 1.1332783 | T76: =C76/C$73 -> 1.2033791 | U76: =D76/D$73 -> 1.0457078 | V76: =E76/E$73 -> 1.0455926 | W76: =F76/F$73 -> 1.0349946 | X76: =G76/G$73 -> 1.0438577 | Y76: =H76/H$73 -> 1.1229713 | Z76: =I76/I$73 -> 1.083096 | ... AI76: =R76/R$73 -> 1.1315568
A77: 2023 | B77: 686.922 | C77: 12236.4 | D77: 1053.33 | E77: 1542.81 | F77: 24.1428 | G77: 8.81573 | H77: 5537.78 | I77: 1538.3 | J77: 2714.1 | K77: 756.617 | L77: 604.284 | M77: 2217.66 | N77: 847.707 | O77: 358.845 | P77: 3007.78 | Q77: 1708.12 | R77: 483.404 | S77: =B77/B$73 -> 1.1829471 | T77: =C77/C$73 -> 1.2736591 | U77: =D77/D$73 -> 1.0793488 | V77: =E77/E$73 -> 1.0924173 | W77: =F77/F$73 -> 1.1132794 | X77: =G77/G$73 -> 1.0849635 | Y77: =H77/H$73 -> 1.1649385 | Z77: =I77/I$73 -> 1.1176582 | ... AI77: =R77/R$73 -> 1.1847295
A78: 2024 | B78: 708.634 | C78: 12860.7 | D78: 1056.69 | E78: 1619.36 | F78: 25.444 | G78: 9.24681 | H78: 5727.46 | I78: 1586.3 | J78: 2753.16 | K78: 776.281 | L78: 617.148 | M78: 2278.44 | N78: 885.265 | O78: 376.054 | P78: 3208.82 | Q78: 1787.02 | R78: 493.789 | S78: =B78/B$73 -> 1.2203373 | T78: =C78/C$73 -> 1.3386411 | U78: =D78/D$73 -> 1.0827918 | V78: =E78/E$73 -> 1.14662 | W78: =F78/F$73 -> 1.1732807 | X78: =G78/G$73 -> 1.1380171 | Y78: =H78/H$73 -> 1.20484 | Z78: =I78/I$73 -> 1.1525328 | ... AI78: =R78/R$73 -> 1.2101811
A79: 2025 | B79: 743.153 | C79: 13464.4 | D79: 1093.79 | E79: 1652.39 | F79: 26.6012 | G79: 9.72229 | H79: 5954.43 | I79: 1653.08 | J79: 2877.23 | K79: 808.759 | L79: 629.869 | M79: 2364.04 | N79: 927.284 | O79: 395.471 | P79: 3378.83 | Q79: 1884.4 | R79: 517.29 | S79: =B79/B$73 -> 1.2797824 | T79: =C79/C$73 -> 1.4014789 | U79: =D79/D$73 -> 1.1208082 | V79: =E79/E$73 -> 1.1700076 | W79: =F79/F$73 -> 1.2266418 | X79: =G79/G$73 -> 1.1965351 | Y79: =H79/H$73 -> 1.2525859 | Z79: =I79/I$73 -> 1.2010521 | ... AI79: =R79/R$73 -> 1.2677775
A80: 2026 | B80: 759.786 | C80: 14030 | D80: 1112.99 | E80: 1679.85 | F80: 27.5582 | G80: 10.3063 | H80: 6133.58 | I80: 1714.19 | J80: 2940.34 | K80: 832.372 | L80: 649.136 | M80: 2478.22 | N80: 971.59 | O80: 416.957 | P80: 3612.14 | Q80: 1971.71 | R80: 537.291 | S80: =B80/B$73 -> 1.3084261 | T80: =C80/C$73 -> 1.4603509 | U80: =D80/D$73 -> 1.1404825 | V80: =E80/E$73 -> 1.1894512 | W80: =F80/F$73 -> 1.2707713 | X80: =G80/G$73 -> 1.2684099 | Y80: =H80/H$73 -> 1.2902722 | Z80: =I80/I$73 -> 1.2454518 | ... AI80: =R80/R$73 -> 1.3167961
A81: 2027 | B81: 788.85 | C81: 14588.5 | D81: 1144.33 | E81: 1708.07 | F81: 28.641 | G81: 10.9055 | H81: 6311.07 | I81: 1768.2 | J81: 3040.92 | K81: 863.631 | L81: 674.045 | M81: 2574.03 | N81: 1017.8 | O81: 440.649 | P81: 3793.43 | Q81: 2069.72 | R81: 559.357 | S81: =B81/B$73 -> 1.3584771 | T81: =C81/C$73 -> 1.5184839 | U81: =D81/D$73 -> 1.1725966 | V81: =E81/E$73 -> 1.2094329 | W81: =F81/F$73 -> 1.3207016 | X81: =G81/G$73 -> 1.3421543 | Y81: =H81/H$73 -> 1.3276094 | Z81: =I81/I$73 -> 1.284693 | ... AI81: =R81/R$73 -> 1.3708756
A82: 2028 | B82: 808.927 | C82: 15078.2 | D82: 1158.94 | E82: 1738.51 | F82: 29.6337 | G82: 11.5891 | H82: 6476.49 | I82: 1824.66 | J82: 3092.58 | K82: 885.838 | L82: 701.824 | M82: 2706.56 | N82: 1066.74 | O82: 464.576 | P82: 4042.23 | Q82: 2160.91 | R82: 579.414 | S82: =B82/B$73 -> 1.3930517 | T82: =C82/C$73 -> 1.5694557 | U82: =D82/D$73 -> 1.1875675 | V82: =E82/E$73 -> 1.2309866 | W82: =F82/F$73 -> 1.3664773 | X82: =G82/G$73 -> 1.4262858 | Y82: =H82/H$73 -> 1.3624075 | Z82: =I82/I$73 -> 1.3257142 | ... AI82: =R82/R$73 -> 1.4200314
A83: 2029 | B83: 841.688 | C83: 15590.4 | D83: 1189.81 | E83: 1770.94 | F83: 30.7915 | G83: 12.2924 | H83: 6656.6 | I83: 1879.64 | J83: 3190.75 | K83: 915.723 | L83: 731.493 | M83: 2810.29 | N83: 1119.12 | O83: 489.115 | P83: 4242.45 | Q83: 2263.11 | R83: 602.05 | S83: =B83/B$73 -> 1.4494693 | T83: =C83/C$73 -> 1.6227694 | U83: =D83/D$73 -> 1.2192 | V83: =E83/E$73 -> 1.2539493 | W83: =F83/F$73 -> 1.4198661 | X83: =G83/G$73 -> 1.5128419 | Y83: =H83/H$73 -> 1.4002958 | Z83: =I83/I$73 -> 1.3656601 | ... AI83: =R83/R$73 -> 1.4755079
A84: 2030 | B84: 857.574 | C84: 16054 | D84: 1210.53 | E84: 1800.67 | F84: 31.7632 | G84: 13.0805 | H84: 6803.9 | I84: 1940.83 | J84: 3254.64 | K84: 938.282 | L84: 760.303 | M84: 2938.49 | N84: 1175.77 | O84: 512.027 | P84: 4489.07 | Q84: 2357.47 | R84: 622.721 | S84: =B84/B$73 -> 1.4768266 | T84: =C84/C$73 -> 1.6710245 | U84: =D84/D$73 -> 1.2404319 | V84: =E84/E$73 -> 1.2750002 | W84: =F84/F$73 -> 1.4646734 | X84: =G84/G$73 -> 1.6098344 | Y84: =H84/H$73 -> 1.4312821 | Z84: =I84/I$73 -> 1.410118 | ... AI84: =R84/R$73 -> 1.5261685
... A104: 2050 | B104: 1067.82 | C104: 17933.1 | D104: 1464.81 | E104: 2586.2 | F104: 54.5457 | G104: 44.0951 | H104: 8460.31 | I104: 3518.76 | J104: 4538.91 | K104: 1249.96 | L104: 1345.58 | M104: 5911.55 | N104: 3121.65 | O104: 871.462 | P104: 9599.55 | Q104: 4138.62 | R104: 926.012 | S104: =B104/B$73 -> 1.8388908 | T104: =C104/C$73 -> 1.8666157 | U104: =D104/D$73 -> 1.5009929 | V104: =E104/E$73 -> 1.8312103 | W104: =F104/F$73 -> 2.5152263 | X104: =G104/G$73 -> 5.4268421 | Y104: =H104/H$73 -> 1.7797278 | Z104: =I104/I$73 -> 2.5565695 | ... AI104: =R104/R$73 -> 2.2694759

Sheet Data
C1: EDGAR IEA CO2 Emission ktCO2 | T1: World Bank POP Person | AK1: World Bank GDP constant 2021 international $ | BB1: TES (ktoe)
C2: 01_KOR | D2: 02_CHN | E2: 03_JPN | F2: 04_RUS | G2: 05_MNG | H2: 06_PRK | I2: 07_NAM | J2: 08_LAM | K2: 09_WEU | L2: 10_EEU | M2: 11_RFSU | N2: 12_MEA | O2: 13_AFR | P2: 14_RCPA | Q2: 15_SAS | R2: 16_RPAS | S2: 17_RPAO | T2: 01_KOR | U2: 02_CHN | V2: 03_JPN | W2: 04_RUS | X2: 05_MNG | Y2: 06_PRK | Z2: 07_NAM | AA2: 08_LAM | AB2: 09_WEU | AC2: 10_EEU | AD2: 11_RFSU | AE2: 12_MEA | AF2: 13_AFR | AG2: 14_RCPA | AH2: 15_SAS | AI2: 16_RPAS | AJ2: 17_RPAO | AK2: 01_KOR | AL2: 02_CHN | AM2: 03_JPN | AN2: 04_RUS | AO2: 05_MNG | AP2: 06_PRK | AQ2: 07_NAM | AR2: 08_LAM | AS2: 09_WEU | AT2: 10_EEU | AU2: 11_RFSU | AV2: 12_MEA | AW2: 13_AFR | AX2: 14_RCPA | AY2: 15_SAS | AZ2: 16_RPAS | BA2: 17_RPAO | BB2: 01_KOR | BC2: 02_CHN | BD2: 03_JPN | BE2: 04_RUS | BF2: 05_MNG | BG2: 06_PRK | BH2: 07_NAM | BI2: 08_LAM | BJ2: 09_WEU | BK2: 10_EEU | BL2: 11_RFSU | BM2: 12_MEA | BN2: 13_AFR | BO2: 14_RCPA | BP2: 15_SAS | BQ2: 16_RPAS | BR2: 17_RPAO
A3: Historical | B3: 1990 | C3: 260232.56 | D3: 2449320.5 | E3: 1162286.3 | F3: 2436269.5 | G3: 13147.885 | H3: 131964.51 | I3: 5443214.7 | J3: 950935.02 | K3: 3555586.6 | L3: 1179817 | M3: 1492441.5 | N3: 917112.56 | O3: 477656.38 | P3: 21263.409 | Q3: 689599.68 | R3: 544604.01 | S3: 302698.53 | T3: 42869283 | U3: 1140889500 | V3: 123478000 | W3: 147969406 | X3: 2098710 | Y3: 21112137 | Z3: 277759852 | AA3: 437248525 | AB3: 434508762 | AC3: 131020110 | AD3: 143965916 | AE3: 280903196 | AF3: 488052325 | AG3: 11686707 | AH3: 1129452594 | AI3: 369194554 | AJ3: 20394928 | AK3: 6.1636957e+11 | AL3: 2.0725265e+12 | AM3: 4.3553678e+12 | AN3: 4.3863451e+12 | AO3: 1.3930858e+10 | AP3: 1.9573106e+10 | AQ3: 1.2198702e+13 | AR3: 5.030829e+12 | AS3: 1.5393166e+13 | AT3: 1.9708102e+12 | AU3: 1.9762052e+12 | AV3: 3.1526616e+12 | AW3: 1.8809725e+12 | AX3: 2.8161944e+10 | AY3: 2.6223045e+12 | AZ3: 2.1091693e+12 | BA3: 7.2112341e+11 | BB3: 89512.003 | BC3: 887159.24 | BD3: 436913.56 | BE3: 879334.57 | BF3: 3493.952 | BG3: 33221.982 | BH3: 2126074.6 | BI3: 459016.56 | BJ3: 1403150.1 | BK3: 374610.73 | BL3: 501235.34 | BM3: 312863.28 | BN3: 239635.33 | BO3: 17868.358 | BP3: 347037.52 | BQ3: 249694.69 | BR3: 99108.107
B4: 1991 | C4: 292360.93 | D4: 2588695.4 | E4: 1172036.8 | F4: 2393540.5 | G4: 14858.263 | H4: 126915.61 | I4: 5393199.6 | J4: 979649.5 | K4: 3601521.6 | L4: 1072019.7 | M4: 1431030.7 | N4: 959075.29 | O4: 476328.84 | P4: 21507.377 | Q4: 737460.84 | R4: 589575.19 | S4: 305394.51 | T4: 43295704 | U4: 1156532000 | V4: 123964000 | W4: 148394216 | X4: 2165342 | Y4: 21428638 | Z4: 281470059 | AA4: 445392924 | AB4: 437283653 | AC4: 130458697 | AD4: 145408876 | AE4: 288264778 | AF4: 502131649 | AG4: 12121968 | AH4: 1155118555 | AI4: 376274496 | AJ4: 20779136 | AK4: 6.8339961e+11 | AL4: 2.2599534e+12 | AM4: 4.5088229e+12 | AN4: 4.164969e+12 | AO4: 1.2719772e+10 | AP4: 1.8708527e+10 | AQ4: 1.2163267e+13 | AR4: 5.1984352e+12 | AS4: 15693738611764 | AT4: 1.7548478e+12 | AU4: 1.8103172e+12 | AV4: 3.1950405e+12 | AW4: 1.8857577e+12 | AX4: 3.0014885e+10 | AY4: 2.6750096e+12 | AZ4: 2.2428762e+12 | BA4: 7.1762798e+11 | BB4: 97845.605 | BC4: 862048.71 | BD4: 441422.94 | BE4: 871370.01 | BF4: 3824.161 | BG4: 31703.718 | BH4: 2141300.2 | BI4: 470032.89 | BJ4: 1433702.1 | BK4: 341425.1 | BL4: 495502.66 | BM4: 328284.01 | BN4: 247089.63 | BO4: 18110.888 | BP4: 361011.07 | BQ4: 269522.07 | BR4: 98405.337
B5: 1992 | C5: 321092.19 | D5: 2713280.8 | E5: 1177372.1 | F5: 2205465.1 | G5: 12957.341 | H5: 112244.29 | I5: 5484641.9 | J5: 996489.84 | K5: 3526821.3 | L5: 985980.64 | M5: 1275412.2 | N5: 1020478.7 | O5: 478803.53 | P5: 22566.565 | Q5: 769328.16 | R5: 624591.46 | S5: 310412.88 | T5: 43747962 | U5: 1170770500 | V5: 124425000 | W5: 148538197 | X5: 2167790 | Y5: 21750911 | Z5: 285342295 | AA5: 453484566 | AB5: 440113356 | AC5: 129877934 | AD5: 147554695 | AE5: 295864932 | AF5: 516567881 | AG5: 12672729 | AH5: 1180621418 | AI5: 383346097 | AJ5: 21010335 | AK5: 7.2680636e+11 | AL5: 2.5677521e+12 | AM5: 4.5494287e+12 | AN5: 3.5597542e+12 | AO5: 1.1542371e+10 | AP5: 1.7383216e+10 | AQ5: 1.2562835e+13 | AR5: 5.3458515e+12 | AS5: 1.5929653e+13 | AT5: 1.6658229e+12 | AU5: 1.595111e+12 | AV5: 3.3818537e+12 | AW5: 1.8768141e+12 | AX5: 3.198972e+10 | AY5: 2828896832965 | AZ5: 2.3857926e+12 | BA5: 7.2140378e+11 | BB5: 111375.97 | BC5: 893025.12 | BD5: 451223.41 | BE5: 795730.56 | BF5: 3342.886 | BG5: 27712.95 | BH5: 2185011.4 | BI5: 482108.21 | BJ5: 1422061.8 | BK5: 312242.26 | BL5: 437820.09 | BM5: 359486.94 | BN5: 248067.41 | BO5: 18903.571 | BP5: 375614.44 | BQ5: 285360.18 | BR5: 100283.67
B6: 1993 | C6: 349635.31 | D6: 2934645.2 | E6: 1169827.6 | F6: 2012962.5 | G6: 11937.255 | H6: 104007.02 | I6: 5603056.8 | J6: 1029878.1 | K6: 3471941.2 | L6: 955970.87 | M6: 1114426.2 | N6: 1074708.4 | O6: 478621.92 | P6: 26303.315 | Q6: 809046.77 | R6: 677597.99 | S6: 314345.14 | T6: 44194628 | U6: 1184341000 | V6: 124829000 | W6: 148458777 | X6: 2165130 | Y6: 22073352 | Z6: 289066123 | AA6: 461533132 | AB6: 442800797 | AC6: 129477709 | AD6: 149904165 | AE6: 302603096 | AF6: 531102032 | AG6: 13301441 | AH6: 1206276498 | AI6: 390445055 | AJ6: 21207008 | AK6: 7.7764441e+11 | AL6: 2.9097739e+12 | AM6: 4.5285369e+12 | AN6: 3.2511755e+12 | AO6: 1.1176617e+10 | AP6: 1.6604637e+10 | AQ6: 1.2907496e+13 | AR6: 5.597629e+12 | AS6: 1.5972132e+13 | AT6: 1.669082e+12 | AU6: 1.3953777e+12 | AV6: 3.4611776e+12 | AW6: 1.8493115e+12 | AX6: 3.34735e+10 | AY6: 2.951963e+12 | AZ6: 2.5538382e+12 | BA6: 7.529879e+11 | BB6: 124844.01 | BC6: 944793.3 | BD6: 453936.86 | BE6: 751218.69 | BF6: 3123.808 | BG6: 25488.827 | BH6: 2226733.6 | BI6: 485746.46 | BJ6: 1426881.1 | BK6: 308299.3 | BL6: 388385.59 | BM6: 383542.35 | BN6: 256661.85 | BO6: 20510.416 | BP6: 388030.3 | BQ6: 306769.64 | BR6: 105514.72
B7: 1994 | C7: 377449.77 | D7: 3085058.9 | E7: 1223346.4 | F7: 1814911.9 | G7: 10406.291 | H7: 95190.123 | I7: 5703237.1 | J7: 1093035.9 | K7: 3476457.8 | L7: 919653.75 | M7: 962199.14 | N7: 1161081.2 | O7: 481841.51 | P7: 30821.812 | Q7: 857759.76 | R7: 731162.66 | S7: 320281.2 | T7: 44641540 | U7: 1197870400 | V7: 125178000 | W7: 148407912 | X7: 2189395 | Y7: 22393975 | Z7: 292594524 | AA7: 469500872 | AB7: 445145911 | AC7: 129286564 | AD7: 151281889 | AE7: 309232193 | AF7: 545286694 | AG7: 14048382 | AH7: 1232053600 | AI7: 397464561 | AJ7: 21425468 | AK7: 8.5052397e+11 | AL7: 3.2750338e+12 | AM7: 4.5775983e+12 | AN7: 2.8425107e+12 | AO7: 1.1415169e+10 | AP7: 1.6254156e+10 | AQ7: 1.3432828e+13 | AR7: 5.8980759e+12 | AS7: 1.6375677e+13 | AT7: 1730170845331 | AU7: 1.1300026e+12 | AV7: 3.5544809e+12 | AW7: 1.8649737e+12 | AX7: 2.6154493e+10 | AY7: 3.1284179e+12 | AZ7: 2.7476642e+12 | BA7: 7.8418811e+11 | BB7: 132540.66 | BC7: 990029.39 | BD7: 478664.55 | BE7: 657041.37 | BF7: 2695.978 | BG7: 23308.619 | BH7: 2271729.8 | BI7: 512782.71 | BJ7: 1430967.7 | BK7: 293212.26 | BL7: 341578.26 | BM7: 410723.53 | BN7: 261528.91 | BO7: 20524.894 | BP7: 405621.41 | BQ7: 322156.57 | BR7: 106114.51
B8: 1995 | C8: 407088.33 | D8: 3404402.5 | E8: 1233224.3 | F8: 1768562.2 | G8: 10343.857 | H8: 89100.934 | I8: 5769303 | J8: 1110071.3 | K8: 3531993.7 | L8: 930359.48 | M8: 910528.41 | N8: 1194933.9 | O8: 512119.9 | P8: 36266.532 | Q8: 920512.07 | R8: 800344.77 | S8: 331507.61 | T8: 45092991 | U8: 1211011100 | V8: 125472000 | W8: 148375787 | X8: 2224945 | Y8: 22669304 | Z8: 296054001 | AA8: 477446311 | AB8: 447323255 | AC8: 129143618 | AD8: 151876925 | AE8: 316208257 | AF8: 559832338 | AG8: 14947906 | AH8: 1258097812 | AI8: 404530176 | AJ8: 21678282 | AK8: 9.3333008e+11 | AL8: 3.6166248e+12 | AM8: 4.6980349e+12 | AN8: 2.7247304e+12 | AO8: 1.2143049e+10 | AP8: 1.5543137e+10 | AQ8: 1.3793398e+13 | AR8: 5.9464307e+12 | AS8: 1.684167e+13 | AT8: 1.9017749e+12 | AU8: 1.0182738e+12 | AV8: 3.6574941e+12 | AW8: 1.9228897e+12 | AX8: 2.8431444e+10 | AY8: 3.3434667e+12 | AZ8: 2.9584785e+12 | BA8: 8.1564524e+11 | BB8: 145844.17 | BC8: 1062594.4 | BD8: 491307.96 | BE8: 636759.67 | BF8: 2680.436 | BG8: 21984.934 | BH8: 2300833.3 | BI8: 516587.15 | BJ8: 1471349.8 | BK8: 306055.2 | BL8: 322310.59 | BM8: 422901.15 | BN8: 272921.75 | BO8: 24736.14 | BP8: 429329.83 | BQ8: 344323.39 | BR8: 107543.27
B9: 1996 | C9: 436496.62 | D9: 3376352.7 | E9: 1246029 | F9: 1727191.4 | G9: 8742.7979 | H9: 79057.98 | I9: 5938551.1 | J9: 1185727.7 | K9: 3640655.2 | L9: 968421.9 | M9: 813741.61 | N9: 1231365.3 | O9: 546038.7 | P9: 40833.909 | Q9: 964846.41 | R9: 860502.66 | S9: 342482.08 | T9: 45524681 | U9: 1223985500 | V9: 125757000 | W9: 148160129 | X9: 2259507 | Y9: 22895746 | Z9: 299485254 | AA9: 485330003 | AB9: 449387090 | AC9: 129083967 | AD9: 152356459 | AE9: 323099229 | AF9: 575059391 | AG9: 15846948 | AH9: 1284555740 | AI9: 411766189 | AJ9: 21956767 | AK9: 1.0079072e+12 | AL9: 3.9640841e+12 | AM9: 4.8452652e+12 | AN9: 2.6224149e+12 | AO9: 1.2414458e+10 | AP9: 1.5022054e+10 | AQ9: 1.4288379e+13 | AR9: 6185211724211 | AS9: 1.7198056e+13 | AT9: 1.9936867e+12 | AU9: 9.6864287e+11 | AV9: 3.851821e+12 | AW9: 2.02193e+12 | AX9: 3.0228518e+10 | AY9: 3.5698745e+12 | AZ9: 3.1694997e+12 | BA9: 8.4687164e+11 | BB9: 157557.38 | BC9: 1088325.6 | BD9: 501830.04 | BE9: 630361.05 | BF9: 2255.473 | BG9: 19330.781 | BH9: 2351460.8 | BI9: 539954.86 | BJ9: 1525014.4 | BK9: 318750.74 | BL9: 299759.57 | BM9: 430846.54 | BN9: 282353.35 | BO9: 26027.848 | BP9: 445743.16 | BQ9: 365032.43 | BR9: 114534.61
B10: 1997 | C10: 458862.69 | D10: 3471729.5 | E10: 1231696.8 | F10: 1607381.1 | G10: 8569.3157 | H10: 76671.966 | I10: 6227975.9 | J10: 1252429.9 | K10: 3588436.2 | L10: 946912.8 | M10: 776129.95 | N10: 1288349.2 | O10: 561018.33 | P10: 46932.466 | Q10: 1014005.1 | R10: 920270.39 | S10: 353715.2 | T10: 45953580 | U10: 1236564300 | V10: 126057000 | W10: 147915361 | X10: 2291750 | Y10: 23110830 | Z10: 303052655 | AA10: 493156466 | AB10: 451331585 | AC10: 128990732 | AD10: 152702465 | AE10: 330134532 | AF10: 590392154 | AG10: 16722993 | AH10: 1311157702 | AI10: 419070574 | AJ10: 22204337 | AK10: 1.0712258e+12 | AL10: 4.3220656e+12 | AM10: 4.8928084e+12 | AN10: 2.6591265e+12 | AO10: 1.2898213e+10 | AP10: 1.4048117e+10 | AQ10: 1.4921731e+13 | AR10: 6.5248088e+12 | AS10: 1.7756941e+13 | AT10: 2.0434743e+12 | AU10: 9.7360227e+11 | AV10: 4.0279413e+12 | AW10: 2.0920109e+12 | AX10: 3.1797325e+10 | AY10: 3.7039589e+12 | AZ10: 3.2796049e+12 | BA10: 8.7777139e+11 | BB10: 168900.94 | BC10: 1088457.3 | BD10: 507012.5 | BE10: 602112.92 | BF10: 2205.954 | BG10: 18414.924 | BH10: 2374931.6 | BI10: 563156.28 | BJ10: 1520153.3 | BK10: 313134.94 | BL10: 286973.36 | BM10: 455996.41 | BN10: 291153.79 | BO10: 27904.304 | BP10: 463990 | BQ10: 384893.83 | BR10: 117562.03
B11: 1998 | C11: 393614.15 | D11: 3564606.2 | E11: 1184390.4 | F11: 1613220.9 | G11: 8596.3138 | H11: 62868.572 | I11: 6281934.6 | J11: 1304115.2 | K11: 3640966.8 | L11: 895788.73 | M11: 777044.59 | N11: 1300422.2 | O11: 564772.57 | P11: 52432.275 | Q11: 1038921.4 | R11: 908266.2 | S11: 372570.5 | T11: 46286503 | U11: 1248478700 | V11: 126400000 | W11: 147670784 | X11: 2323809 | Y11: 23311564 | Z11: 306507357 | AA11: 500989840 | AB11: 453192778 | AC11: 128718120 | AD11: 153050558 | AE11: 337359109 | AF11: 606268459 | AG11: 17306439 | AH11: 1337928286 | AI11: 426507563 | AJ11: 22422584 | AK11: 1.0183187e+12 | AL11: 4.6291127e+12 | AM11: 4.8306535e+12 | AN11: 2.5181938e+12 | AO11: 1.3329006e+10 | AP11: 1.3921102e+10 | AQ11: 1.558306e+13 | AR11: 6.719084e+12 | AS11: 1.8284272e+13 | AT11: 2.1009295e+12 | AU11: 9.7772525e+11 | AV11: 4.2218032e+12 | AW11: 2.1453495e+12 | AX11: 3.319071e+10 | AY11: 3.9087691e+12 | AZ11: 2.9995856e+12 | BA11: 9.1398908e+11 | BB11: 156186.82 | BC11: 1096599.6 | BD11: 497798.97 | BE11: 588064.34 | BF11: 2223.701 | BG11: 17184.524 | BH11: 2391914.4 | BI11: 583720.47 | BJ11: 1546380.1 | BK11: 300277.97 | BL11: 280947.75 | BM11: 465015.52 | BN11: 293401.52 | BO11: 29779.885 | BP11: 475371.54 | BQ11: 378779.39 | BR11: 119961.12
B12: 1999 | C12: 430610.18 | D12: 3493310.9 | E12: 1225171.6 | F12: 1660911.2 | G12: 8653.9361 | H12: 68566.356 | I12: 6310488 | J12: 1293950.8 | K12: 3618063.5 | L12: 833794.89 | M12: 765713.4 | N12: 1346078.4 | O12: 553427.82 | P12: 53574.996 | Q12: 1112775.9 | R12: 951144.8 | S12: 380162.15 | T12: 46616677 | U12: 1259341500 | V12: 126631000 | W12: 147214776 | X12: 2356813 | Y12: 23497599 | Z12: 309947562 | AA12: 508748419 | AB12: 455199408 | AC12: 128335102 | AD12: 153601663 | AE12: 344767792 | AF12: 622587149 | AG12: 17606515 | AH12: 1364829186 | AI12: 433639198 | AJ12: 22647364 | AK12: 1.1366195e+12 | AL12: 4.9746806e+12 | AM12: 4.8145225e+12 | AN12: 2.6793561e+12 | AO12: 1.3738255e+10 | AP12: 1.476724e+10 | AQ12: 1.633398e+13 | AR12: 6.7515858e+12 | AS12: 1.8774506e+13 | AT12: 2.1291833e+12 | AU12: 9.9573896e+11 | AV12: 4.3455444e+12 | AW12: 2.1893802e+12 | AX12: 3.6658934e+10 | AY12: 4.2069405e+12 | AZ12: 3.0940993e+12 | BA12: 9.6039273e+11 | BB12: 170887.45 | BC12: 1119133.3 | BD12: 505792.56 | BE12: 609137.52 | BF12: 2226.752 | BG12: 18408.718 | BH12: 2456798.2 | BI12: 599353.94 | BJ12: 1546612.6 | BK12: 281921.76 | BL12: 278517.84 | BM12: 482482.07 | BN12: 297761.65 | BO12: 30646.21 | BP12: 502890.83 | BQ12: 392231.84 | BR12: 122794.23
B13: 2000 | C13: 466403.11 | D13: 3689778.3 | E13: 1243576.8 | F13: 1681152.1 | G13: 9040.4928 | H13: 73806.333 | I13: 6497071 | J13: 1333142.4 | K13: 3664963 | L13: 840541.74 | M13: 772428.62 | N13: 1407109.2 | O13: 568324.43 | P13: 59471.518 | Q13: 1152686.6 | R13: 989752.36 | S13: 386893.79 | T13: 47008111 | U13: 1269310000 | V13: 126843000 | W13: 146596869 | X13: 2388299 | Y13: 23665910 | Z13: 313359794 | AA13: 516277627 | AB13: 457445232 | AC13: 127646761 | AD13: 153992027 | AE13: 352552470 | AF13: 639184700 | AG13: 17893548 | AH13: 1392064609 | AI13: 440542431 | AJ13: 22886502 | AK13: 1.2412096e+12 | AL13: 5.3995512e+12 | AM13: 4.9476271e+12 | AN13: 2.9472935e+12 | AO13: 1.3895704e+10 | AP13: 1.4828093e+10 | AQ13: 1.7014998e+13 | AR13: 6.9986462e+12 | AS13: 1.9553439e+13 | AT13: 2.2155137e+12 | AU13: 1.0929911e+12 | AV13: 4.6171576e+12 | AW13: 2.2609754e+12 | AX13: 3.9698196e+10 | AY13: 4.3795499e+12 | AZ13: 3.270245e+12 | BA13: 9.9659484e+11 | BB13: 185793.14 | BC13: 1148088.2 | BD13: 515874.98 | BE13: 619370.25 | BF13: 2394.233 | BG13: 19716.932 | BH13: 2525241.7 | BI13: 603797.85 | BJ13: 1566683.4 | BK13: 282194.81 | BL13: 278949.5 | BM13: 495982.8 | BN13: 293612.18 | BO13: 33754.646 | BP13: 516264.13 | BQ13: 410656.06 | BR13: 125340.18
B14: 2001 | C14: 477110.97 | D14: 3866914.8 | E14: 1229989.5 | F14: 1684276.8 | G14: 9012.3217 | H14: 76673.024 | I14: 6436885.7 | J14: 1335077.6 | K14: 3697764.3 | L14: 856791.11 | M14: 767748.96 | N14: 1480690.4 | O14: 588570.5 | P14: 65308.37 | Q14: 1176570.9 | R14: 1029906.4 | S14: 395335.91 | T14: 47370164 | U14: 1278564300 | V14: 127149000 | W14: 145976482 | X14: 2417751 | Y14: 23815358 | Z14: 316502971 | AA14: 523568696 | AB14: 459924387 | AC14: 126865365 | AD14: 154268911 | AE14: 360583862 | AF14: 656336244 | AG14: 18179966 | AH14: 1419419963 | AI14: 447435050 | AJ14: 23155201 | AK14: 1.2998684e+12 | AL14: 5.8278084e+12 | AM14: 4.9667301e+12 | AN14: 3.097607e+12 | AO14: 1.4306004e+10 | AP14: 1.5385051e+10 | AQ14: 1.719124e+13 | AR14: 7.017981e+12 | AS14: 1.9901016e+13 | AT14: 2.2862112e+12 | AU14: 1.1818355e+12 | AV14: 4.7191986e+12 | AW14: 2.3574149e+12 | AX14: 4.2373825e+10 | AY14: 4.5771542e+12 | AZ14: 3.3626395e+12 | BA14: 1.0187497e+12 | BB14: 185836.99 | BC14: 1185975.1 | BD14: 507338 | BE14: 625933.77 | BF14: 2412.035 | BG14: 20369.48 | BH14: 2478366 | BI14: 604943.18 | BJ14: 1595655.5 | BK14: 290522.03 | BL14: 276283.8 | BM14: 537791.1 | BN14: 296775.29 | BO14: 35829.363 | BP14: 525722.08 | BQ14: 422438.74 | BR14: 122819.52
B15: 2002 | C15: 494470.38 | D15: 4174024.3 | E15: 1264500.9 | F15: 1675294.7 | G15: 9658.0318 | H15: 73443.086 | I15: 6300956.4 | J15: 1340822.3 | K15: 3696516.5 | L15: 844662.5 | M15: 790664.75 | N15: 1535742.1 | O15: 591070.9 | P15: 76484.171 | Q15: 1215732.1 | R15: 1062324.3 | S15: 403644.4 | T15: 47644736 | U15: 1287144100 | V15: 127445000 | W15: 145306497 | X15: 2449027 | Y15: 23943973 | Z15: 319497793 | AA15: 530681757 | AB15: 462778793 | AC15: 126158241 | AD15: 155531091 | AE15: 368226417 | AF15: 674082131 | AG15: 18466130 | AH15: 1445807345 | AI15: 454091846 | AJ15: 23443710 | AK15: 1.4005302e+12 | AL15: 6.346233e+12 | AM15: 4.9688142e+12 | AN15: 3.2431943e+12 | AO15: 1.4983104e+10 | AP15: 1.5569847e+10 | AQ15: 1.7509111e+13 | AR15: 7.0536286e+12 | AS15: 2.0152677e+13 | AT15: 2.3720873e+12 | AU15: 1.2624663e+12 | AV15: 4.827508e+12 | AW15: 2516882202715 | AX15: 4.4970909e+10 | AY15: 4.7428562e+12 | AZ15: 3.5302475e+12 | BA15: 1.0600814e+12 | BB15: 195032.6 | BC15: 1262919.3 | BD15: 508877.71 | BE15: 623283.45 | BF15: 2582.539 | BG15: 19565.581 | BH15: 2504214.2 | BI15: 627231.47 | BJ15: 1595308.1 | BK15: 292717.73 | BL15: 283376.87 | BM15: 562124.78 | BN15: 298303.62 | BO15: 38675.963 | BP15: 539355.49 | BQ15: 442213.25 | BR15: 123920.44
... B36: 2023 | C36: 590364.99 | D36: 13055361 | E36: 1002438.2 | F36: 1948302.4 | G36: 27152.554 | H36: 65658.792 | I36: 5200023.6 | J36: 1738813.4 | K36: 2730381.1 | L36: 700085.59 | M36: 748868.07 | N36: 3041205.6 | O36: 852828.67 | P36: 435385.16 | Q36: 3394417.2 | R36: 1889024.1 | S36: 409271.67 | T36: 51712619 | U36: 1418246100 | V36: 124516650 | W36: 143826130 | X36: 3481145 | Y36: 26418204 | Z36: 377375365 | AA36: 654233535 | AB36: 517657986 | AC36: 116540071 | AD36: 188493817 | AE36: 568662672 | AF36: 1181158123 | AG36: 25088873 | AH36: 1910085074 | AI36: 579133327 | AJ36: 31859922 | AK36: 2.7939989e+12 | AL36: 3.249047e+13 | AM36: 5.7101667e+12 | AN36: 5.835482e+12 | AO36: 5.6474142e+10 | AP36: 1.6297779e+10 | AQ36: 2.7282617e+13 | AR36: 1.1967382e+13 | AS36: 2.7812607e+13 | AT36: 4.5854972e+12 | AU36: 2.5826499e+12 | AV36: 9.8487115e+12 | AW36: 5.8845819e+12 | AX36: 1.8083048e+11 | AY36: 1.6585661e+13 | AZ36: 8.9479489e+12 | BA36: 1.8752993e+12 | BB36: 275986.38 | BC36: 4033290.5 | BD36: 378423.7 | BE36: 790799.98 | BF36: 7575.884 | BG36: 17564.581 | BH36: 2437321.7 | BI36: 861869.24 | BJ36: 1354085.6 | BK36: 284265.45 | BL36: 279216.33 | BM36: 1149380.3 | BN36: 533450.56 | BO36: 118583.93 | BP36: 1273003.8 | BQ36: 749319.79 | BR36: 150405.9
B37: 2024 | C37: 588008.9 | D37: 13159344 | E37: 972266.97 | F37: 2009154.1 | G37: 27657.81 | H37: 66239.386 | I37: 5225596.7 | J37: 1761432.4 | K37: 2699253.5 | L37: 681371.72 | M37: 750015.58 | N37: 3109592.4 | O37: 878058.08 | P37: 476321.17 | Q37: 3536777.3 | R37: 1964318 | S37: 415217.71 | T37: 51751065 | U37: 1416499100 | V37: 123975371 | W37: 143533851 | X37: 3524788 | Y37: 26498823 | Z37: 381884256 | AA37: 658805744 | AB37: 520209090 | AC37: 116232057 | AD37: 191240258 | AE37: 579884282 | AF37: 1210812164 | AG37: 25408620 | AH37: 1928653696 | AI37: 583518010 | AJ37: 32484312 | AK37: 2.8499797e+12 | AL37: 3.4095631e+13 | AM37: 5.7161229e+12 | AN37: 6.0889972e+12 | AO37: 5.9366773e+10 | AP37: 1.6901309e+10 | AQ37: 2.8016074e+13 | AR37: 12234872446897 | AS37: 2.816821e+13 | AT37: 4.6859222e+12 | AU37: 2.6222383e+12 | AV37: 9.9834038e+12 | AW37: 6.1278988e+12 | AX37: 1.9045137e+11 | AY37: 1.7563606e+13 | AZ37: 9.3455062e+12 | BA37: 1.9008365e+12
A38: Projection | B38: 2025 | T38: =T37+T37*CGE_Frozen!S44 -> 51679317 | U38: =U37+U37*CGE_Frozen!T44 -> 1.4169734e+09 | V38: =V37+V37*CGE_Frozen!U44 -> 1.2335694e+08 | W38: =W37+W37*CGE_Frozen!V44 -> 1.4345589e+08 | X38: =X37+X37*CGE_Frozen!W44 -> 3573939.8 | Y38: =Y37+Y37*CGE_Frozen!X44 -> 26616891 | Z38: =Z37+Z37*CGE_Frozen!Y44 -> 3.8334964e+08 | AA38: =AA37+AA37*CGE_Frozen!Z44 -> 6.6322282e+08 | ... AJ38: =AJ37+AJ37*CGE_Frozen!AI44 -> 32726671 | AK38: =AK37+AK37*CGE_Frozen!S9 -> 2.9342787e+12 | AL38: =AL37+AL37*CGE_Frozen!T9 -> 3.5679246e+13 | AM38: =AM37+AM37*CGE_Frozen!U9 -> 5.8188448e+12 | AN38: =AN37+AN37*CGE_Frozen!V9 -> 6.1489747e+12 | AO38: =AO37+AO37*CGE_Frozen!W9 -> 6.1762266e+10 | AP38: =AP37+AP37*CGE_Frozen!X9 -> 1.7676873e+10 | AQ38: =AQ37+AQ37*CGE_Frozen!Y9 -> 2.8747018e+13 | AR38: =AR37+AR37*CGE_Frozen!Z9 -> 1.2644591e+13 | ... BA38: =BA37+BA37*CGE_Frozen!AI9 -> 1.9581415e+12
B39: 2026 | T39: =T38+T38*CGE_Frozen!S45 -> 51575156 | U39: =U38+U38*CGE_Frozen!T45 -> 1.4149773e+09 | V39: =V38+V38*CGE_Frozen!U45 -> 1.2272743e+08 | W39: =W38+W38*CGE_Frozen!V45 -> 1.4306708e+08 | X39: =X38+X38*CGE_Frozen!W45 -> 3617997.1 | Y39: =Y38+Y38*CGE_Frozen!X45 -> 26643812 | Z39: =Z38+Z38*CGE_Frozen!Y45 -> 3.8501466e+08 | AA39: =AA38+AA38*CGE_Frozen!Z45 -> 6.676347e+08 | ... AJ39: =AJ38+AJ38*CGE_Frozen!AI45 -> 32959236 | AK39: =AK38+AK38*CGE_Frozen!S10 -> 3.0011871e+12 | AL39: =AL38+AL38*CGE_Frozen!T10 -> 3.7132404e+13 | AM39: =AM38+AM38*CGE_Frozen!U10 -> 5.8866471e+12 | AN39: =AN38+AN38*CGE_Frozen!V10 -> 6.2520466e+12 | AO39: =AO38+AO38*CGE_Frozen!W10 -> 6.3642667e+10 | AP39: =AP38+AP38*CGE_Frozen!X10 -> 1.8475984e+10 | AQ39: =AQ38+AQ38*CGE_Frozen!Y10 -> 2.9373618e+13 | AR39: =AR38+AR38*CGE_Frozen!Z10 -> 1.3008017e+13 | ... BA39: =BA38+BA38*CGE_Frozen!AI10 -> 2.0084176e+12
B40: 2027 | T40: =T39+T39*CGE_Frozen!S46 -> 51470996 | U40: =U39+U39*CGE_Frozen!T46 -> 1.4129811e+09 | V40: =V39+V39*CGE_Frozen!U46 -> 1.2209792e+08 | W40: =W39+W39*CGE_Frozen!V46 -> 1.4267827e+08 | X40: =X39+X39*CGE_Frozen!W46 -> 3662054.4 | Y40: =Y39+Y39*CGE_Frozen!X46 -> 26670631 | Z40: =Z39+Z39*CGE_Frozen!Y46 -> 3.8667868e+08 | AA40: =AA39+AA39*CGE_Frozen!Z46 -> 6.7204658e+08 | ... AJ40: =AJ39+AJ39*CGE_Frozen!AI46 -> 33191698 | AK40: =AK39+AK39*CGE_Frozen!S11 -> 3.0812427e+12 | AL40: =AL39+AL39*CGE_Frozen!T11 -> 3.8634484e+13 | AM40: =AM39+AM39*CGE_Frozen!U11 -> 5.9593072e+12 | AN40: =AN39+AN39*CGE_Frozen!V11 -> 6.3122869e+12 | AO40: =AO39+AO39*CGE_Frozen!W11 -> 6.5924263e+10 | AP40: =AP39+AP39*CGE_Frozen!X11 -> 1.9387479e+10 | AQ40: =AQ39+AQ39*CGE_Frozen!Y11 -> 2.9986276e+13 | AR40: =AR39+AR39*CGE_Frozen!Z11 -> 1.3320738e+13 | ... BA40: =BA39+BA39*CGE_Frozen!AI11 -> 2.0630748e+12
B41: 2028 | T41: =T40+T40*CGE_Frozen!S47 -> 51366836 | U41: =U40+U40*CGE_Frozen!T47 -> 1.4109949e+09 | V41: =V40+V40*CGE_Frozen!U47 -> 1.2146841e+08 | W41: =W40+W40*CGE_Frozen!V47 -> 1.4228945e+08 | X41: =X40+X40*CGE_Frozen!W47 -> 3706111.7 | Y41: =Y40+Y40*CGE_Frozen!X47 -> 26697552 | Z41: =Z40+Z40*CGE_Frozen!Y47 -> 3.8834371e+08 | AA41: =AA40+AA40*CGE_Frozen!Z47 -> 6.764595e+08 | ... AJ41: =AJ40+AJ40*CGE_Frozen!AI47 -> 33424264 | AK41: =AK40+AK40*CGE_Frozen!S12 -> 3.1410837e+12 | AL41: =AL40+AL40*CGE_Frozen!T12 -> 4.0018933e+13 | AM41: =AM40+AM40*CGE_Frozen!U12 -> 6.0141917e+12 | AN41: =AN40+AN40*CGE_Frozen!V12 -> 6.4318806e+12 | AO41: =AO40+AO40*CGE_Frozen!W12 -> 6.7962733e+10 | AP41: =AP40+AP40*CGE_Frozen!X12 -> 2.0341724e+10 | AQ41: =AQ40+AQ40*CGE_Frozen!Y12 -> 3.0559685e+13 | AR41: =AR40+AR40*CGE_Frozen!Z12 -> 1.3669934e+13 | ... BA41: =BA40+BA40*CGE_Frozen!AI12 -> 2.1154138e+12
B42: 2029 | T42: =T41+T41*CGE_Frozen!S48 -> 51262675 | U42: =U41+U41*CGE_Frozen!T48 -> 1.4089987e+09 | V42: =V41+V41*CGE_Frozen!U48 -> 1.208389e+08 | W42: =W41+W41*CGE_Frozen!V48 -> 1.4190064e+08 | X42: =X41+X41*CGE_Frozen!W48 -> 3750158.8 | Y42: =Y41+Y41*CGE_Frozen!X48 -> 26724372 | Z42: =Z41+Z41*CGE_Frozen!Y48 -> 3.9000873e+08 | AA42: =AA41+AA41*CGE_Frozen!Z48 -> 6.8087138e+08 | ... AJ42: =AJ41+AJ41*CGE_Frozen!AI48 -> 33656726 | AK42: =AK41+AK41*CGE_Frozen!S13 -> 3.2151057e+12 | AL42: =AL41+AL41*CGE_Frozen!T13 -> 4.1468794e+13 | AM42: =AM41+AM41*CGE_Frozen!U13 -> 6.0829199e+12 | AN42: =AN41+AN41*CGE_Frozen!V13 -> 6.5021062e+12 | AO42: =AO41+AO41*CGE_Frozen!W13 -> 7.0359321e+10 | AP42: =AP41+AP41*CGE_Frozen!X13 -> 2.1380559e+10 | AQ42: =AQ41+AQ41*CGE_Frozen!Y13 -> 3.1141352e+13 | AR42: =AR41+AR41*CGE_Frozen!Z13 -> 1.3992659e+13 | ... BA42: =BA41+BA41*CGE_Frozen!AI13 -> 2.1713896e+12
B43: 2030 | T43: =T42+T42*CGE_Frozen!S49 -> 51158515 | U43: =U42+U42*CGE_Frozen!T49 -> 1.4070026e+09 | V43: =V42+V42*CGE_Frozen!U49 -> 1.2020939e+08 | W43: =W42+W42*CGE_Frozen!V49 -> 1.4151183e+08 | X43: =X42+X42*CGE_Frozen!W49 -> 3794216.1 | Y43: =Y42+Y42*CGE_Frozen!X49 -> 26751293 | Z43: =Z42+Z42*CGE_Frozen!Y49 -> 3.9167375e+08 | AA43: =AA42+AA42*CGE_Frozen!Z49 -> 6.8528429e+08 | ... AJ43: =AJ42+AJ42*CGE_Frozen!AI49 -> 33889188 | AK43: =AK42+AK42*CGE_Frozen!S14 -> 3.2752091e+12 | AL43: =AL42+AL42*CGE_Frozen!T14 -> 4.2825759e+13 | AM43: =AM42+AM42*CGE_Frozen!U14 -> 6.1458099e+12 | AN43: =AN42+AN42*CGE_Frozen!V14 -> 6.6146707e+12 | AO43: =AO42+AO42*CGE_Frozen!W14 -> 7.2501832e+10 | AP43: =AP42+AP42*CGE_Frozen!X14 -> 2.2439708e+10 | AQ43: =AQ42+AQ42*CGE_Frozen!Y14 -> 3.1706932e+13 | AR43: =AR42+AR42*CGE_Frozen!Z14 -> 1.436408e+13 | ... BA43: =BA42+BA42*CGE_Frozen!AI14 -> 2.2250366e+12
B44: 2031 | T44: =T43+T43*CGE_Frozen!S50 -> 51012510 | U44: =U43+U43*CGE_Frozen!T50 -> 1.4035538e+09 | V44: =V43+V43*CGE_Frozen!U50 -> 1.1954462e+08 | W44: =W43+W43*CGE_Frozen!V50 -> 1.4114966e+08 | X44: =X43+X43*CGE_Frozen!W50 -> 3837040.6 | Y44: =Y43+Y43*CGE_Frozen!X50 -> 26719936 | Z44: =Z43+Z43*CGE_Frozen!Y50 -> 3.9329885e+08 | AA44: =AA43+AA43*CGE_Frozen!Z50 -> 6.8897508e+08 | ... AJ44: =AJ43+AJ43*CGE_Frozen!AI50 -> 34104847 | AK44: =AK43+AK43*CGE_Frozen!S15 -> 3.339556e+12 | AL44: =AL43+AL43*CGE_Frozen!T15 -> 4.421314e+13 | AM44: =AM43+AM43*CGE_Frozen!U15 -> 6.2189711e+12 | AN44: =AN43+AN43*CGE_Frozen!V15 -> 6.7126186e+12 | AO44: =AO43+AO43*CGE_Frozen!W15 -> 7.4956464e+10 | AP44: =AP43+AP43*CGE_Frozen!X15 -> 2.3570814e+10 | AQ44: =AQ43+AQ43*CGE_Frozen!Y15 -> 3.2278196e+13 | AR44: =AR43+AR43*CGE_Frozen!Z15 -> 1.4746686e+13 | ... BA44: =BA43+BA43*CGE_Frozen!AI15 -> 2.2810655e+12
B45: 2032 | T45: =T44+T44*CGE_Frozen!S51 -> 50866504 | U45: =U44+U44*CGE_Frozen!T51 -> 1.4001149e+09 | V45: =V44+V44*CGE_Frozen!U51 -> 1.1888087e+08 | W45: =W44+W44*CGE_Frozen!V51 -> 1.4078848e+08 | X45: =X44+X44*CGE_Frozen!W51 -> 3879865 | Y45: =Y44+Y44*CGE_Frozen!X51 -> 26688579 | Z45: =Z44+Z44*CGE_Frozen!Y51 -> 3.9492295e+08 | AA45: =AA44+AA44*CGE_Frozen!Z51 -> 6.9266483e+08 | ... AJ45: =AJ44+AJ44*CGE_Frozen!AI51 -> 34320403 | AK45: =AK44+AK44*CGE_Frozen!S16 -> 3.3913729e+12 | AL45: =AL44+AL44*CGE_Frozen!T16 -> 4.5533093e+13 | AM45: =AM44+AM44*CGE_Frozen!U16 -> 6.2868605e+12 | AN45: =AN44+AN44*CGE_Frozen!V16 -> 6.8529713e+12 | AO45: =AO44+AO44*CGE_Frozen!W16 -> 7.7376782e+10 | AP45: =AP44+AP44*CGE_Frozen!X16 -> 2.475599e+10 | AQ45: =AQ44+AQ44*CGE_Frozen!Y16 -> 3.2831337e+13 | AR45: =AR44+AR44*CGE_Frozen!Z16 -> 1.5175709e+13 | ... BA45: =BA44+BA44*CGE_Frozen!AI16 -> 2.3366584e+12
B46: 2033 | T46: =T45+T45*CGE_Frozen!S52 -> 50720499 | U46: =U45+U45*CGE_Frozen!T52 -> 1.3966662e+09 | V46: =V45+V45*CGE_Frozen!U52 -> 1.1821711e+08 | W46: =W45+W45*CGE_Frozen!V52 -> 1.404273e+08 | X46: =X45+X45*CGE_Frozen!W52 -> 3922689.4 | Y46: =Y45+Y45*CGE_Frozen!X52 -> 26657221 | Z46: =Z45+Z45*CGE_Frozen!Y52 -> 3.9654804e+08 | AA46: =AA45+AA45*CGE_Frozen!Z52 -> 6.9635561e+08 | ... AJ46: =AJ45+AJ45*CGE_Frozen!AI52 -> 34535959 | AK46: =AK45+AK45*CGE_Frozen!S17 -> 3.4527416e+12 | AL46: =AL45+AL45*CGE_Frozen!T17 -> 4.6889326e+13 | AM46: =AM45+AM45*CGE_Frozen!U17 -> 6.3643567e+12 | AN46: =AN45+AN45*CGE_Frozen!V17 -> 6.9623169e+12 | AO46: =AO45+AO45*CGE_Frozen!W17 -> 8.0010657e+10 | AP46: =AP45+AP45*CGE_Frozen!X17 -> 2.6032426e+10 | AQ46: =AQ45+AQ45*CGE_Frozen!Y17 -> 3.3389625e+13 | AR46: =AR45+AR45*CGE_Frozen!Z17 -> 1.5597089e+13 | ... BA46: =BA45+BA45*CGE_Frozen!AI17 -> 2.3941017e+12
B47: 2034 | T47: =T46+T46*CGE_Frozen!S53 -> 50574494 | U47: =U46+U46*CGE_Frozen!T53 -> 1.3932174e+09 | V47: =V46+V46*CGE_Frozen!U53 -> 1.1755235e+08 | W47: =W46+W46*CGE_Frozen!V53 -> 1.4006513e+08 | X47: =X46+X46*CGE_Frozen!W53 -> 3965513.9 | Y47: =Y46+Y46*CGE_Frozen!X53 -> 26625864 | Z47: =Z46+Z46*CGE_Frozen!Y53 -> 3.9817214e+08 | AA47: =AA46+AA46*CGE_Frozen!Z53 -> 7.000464e+08 | ... AJ47: =AJ46+AJ46*CGE_Frozen!AI53 -> 34751515 | AK47: =AK46+AK46*CGE_Frozen!S18 -> 3.4993584e+12 | AL47: =AL46+AL46*CGE_Frozen!T18 -> 4.8128111e+13 | AM47: =AM46+AM46*CGE_Frozen!U18 -> 6.4317016e+12 | AN47: =AN46+AN46*CGE_Frozen!V18 -> 7.1124577e+12 | AO47: =AO46+AO46*CGE_Frozen!W18 -> 8.2508001e+10 | AP47: =AP46+AP46*CGE_Frozen!X18 -> 2.7345447e+10 | AQ47: =AQ46+AQ46*CGE_Frozen!Y18 -> 3.3931399e+13 | AR47: =AR46+AR46*CGE_Frozen!Z18 -> 1.6062049e+13 | ... BA47: =BA46+BA46*CGE_Frozen!AI18 -> 2.4508324e+12
B48: 2035 | T48: =T47+T47*CGE_Frozen!S54 -> 50428489 | U48: =U47+U47*CGE_Frozen!T54 -> 1.3897785e+09 | V48: =V47+V47*CGE_Frozen!U54 -> 1.1688859e+08 | W48: =W47+W47*CGE_Frozen!V54 -> 1.3970395e+08 | X48: =X47+X47*CGE_Frozen!W54 -> 4008338.3 | Y48: =Y47+Y47*CGE_Frozen!X54 -> 26594507 | Z48: =Z47+Z47*CGE_Frozen!Y54 -> 3.9979723e+08 | AA48: =AA47+AA47*CGE_Frozen!Z54 -> 7.0373718e+08 | ... AJ48: =AJ47+AJ47*CGE_Frozen!AI54 -> 34967071 | AK48: =AK47+AK47*CGE_Frozen!S19 -> 3.5546165e+12 | AL48: =AL47+AL47*CGE_Frozen!T19 -> 4.936543e+13 | AM48: =AM47+AM47*CGE_Frozen!U19 -> 6.5047429e+12 | AN48: =AN47+AN47*CGE_Frozen!V19 -> 7.2236427e+12 | AO48: =AO47+AO47*CGE_Frozen!W19 -> 8.5157208e+10 | AP48: =AP47+AP47*CGE_Frozen!X19 -> 2.8743968e+10 | AQ48: =AQ47+AQ47*CGE_Frozen!Y19 -> 3.4482609e+13 | AR48: =AR47+AR47*CGE_Frozen!Z19 -> 1.651106e+13 | ... BA48: =BA47+BA47*CGE_Frozen!AI19 -> 2.5092858e+12
B49: 2036 | T49: =T48+T48*CGE_Frozen!S55 -> 50222275 | U49: =U48+U48*CGE_Frozen!T55 -> 1.3851933e+09 | V49: =V48+V48*CGE_Frozen!U55 -> 1.162067e+08 | W49: =W48+W48*CGE_Frozen!V55 -> 1.3943159e+08 | X49: =X48+X48*CGE_Frozen!W55 -> 4051325.8 | Y49: =Y48+Y48*CGE_Frozen!X55 -> 26534213 | Z49: =Z48+Z48*CGE_Frozen!Y55 -> 4.013225e+08 | AA49: =AA48+AA48*CGE_Frozen!Z55 -> 7.0661843e+08 | ... AJ49: =AJ48+AJ48*CGE_Frozen!AI55 -> 35170154 | AK49: =AK48+AK48*CGE_Frozen!S20 -> 3.5968971e+12 | AL49: =AL48+AL48*CGE_Frozen!T20 -> 5.0464598e+13 | AM49: =AM48+AM48*CGE_Frozen!U20 -> 6.5663695e+12 | AN49: =AN48+AN48*CGE_Frozen!V20 -> 7.3675756e+12 | AO49: =AO48+AO48*CGE_Frozen!W20 -> 8.7646521e+10 | AP49: =AP48+AP48*CGE_Frozen!X20 -> 3.0189484e+10 | AQ49: =AQ48+AQ48*CGE_Frozen!Y20 -> 3.5019128e+13 | AR49: =AR48+AR48*CGE_Frozen!Z20 -> 1.6999508e+13 | ... BA49: =BA48+BA48*CGE_Frozen!AI20 -> 2.5670906e+12
B50: 2037 | T50: =T49+T49*CGE_Frozen!S56 -> 50016062 | U50: =U49+U49*CGE_Frozen!T56 -> 1.3806081e+09 | V50: =V49+V49*CGE_Frozen!U56 -> 1.1552482e+08 | W50: =W49+W49*CGE_Frozen!V56 -> 1.3916021e+08 | X50: =X49+X49*CGE_Frozen!W56 -> 4094313.2 | Y50: =Y49+Y49*CGE_Frozen!X56 -> 26473919 | Z50: =Z49+Z49*CGE_Frozen!Y56 -> 4.0284778e+08 | AA50: =AA49+AA49*CGE_Frozen!Z56 -> 7.0950072e+08 | ... AJ50: =AJ49+AJ49*CGE_Frozen!AI56 -> 35373133 | AK50: =AK49+AK49*CGE_Frozen!S21 -> 3.6469241e+12 | AL50: =AL49+AL49*CGE_Frozen!T21 -> 5.1562483e+13 | AM50: =AM49+AM49*CGE_Frozen!U21 -> 6.6328539e+12 | AN50: =AN49+AN49*CGE_Frozen!V21 -> 7.4811912e+12 | AO50: =AO49+AO49*CGE_Frozen!W21 -> 9.0295363e+10 | AP50: =AP49+AP49*CGE_Frozen!X21 -> 3.1746373e+10 | AQ50: =AQ49+AQ49*CGE_Frozen!Y21 -> 3.5560687e+13 | AR50: =AR49+AR49*CGE_Frozen!Z21 -> 1.7482487e+13 | ... BA50: =BA49+BA49*CGE_Frozen!AI21 -> 2.6263628e+12
... B63: 2050 | T63: =T62+T62*CGE_Frozen!S69 -> 46624727 | U63: =U62+U62*CGE_Frozen!T69 -> 1.2979461e+09 | V63: =V62+V62*CGE_Frozen!U69 -> 1.0674692e+08 | W63: =W62+W62*CGE_Frozen!V69 -> 1.3692898e+08 | X63: =X62+X62*CGE_Frozen!W69 -> 4648198.3 | Y63: =Y62+Y62*CGE_Frozen!X69 -> 25419576 | Z63: =Z62+Z62*CGE_Frozen!Y69 -> 4.2110314e+08 | AA63: =AA62+AA62*CGE_Frozen!Z69 -> 7.3470877e+08 | ... AJ63: =AJ62+AJ62*CGE_Frozen!AI69 -> 37981349 | AK63: =AK62+AK62*CGE_Frozen!S34 -> 4.0890658e+12 | AL63: =AL62+AL62*CGE_Frozen!T34 -> 6.4352879e+13 | AM63: =AM62+AM62*CGE_Frozen!U34 -> 7.4835907e+12 | AN63: =AN62+AN62*CGE_Frozen!V34 -> 9.236075e+12 | AO63: =AO62+AO62*CGE_Frozen!W34 -> 1.2899635e+11 | AP63: =AP62+AP62*CGE_Frozen!X34 -> 5.8307261e+10 | AQ63: =AQ62+AQ62*CGE_Frozen!Y34 -> 4.2429476e+13 | AR63: =AR62+AR62*CGE_Frozen!Z34 -> 2.5196638e+13 | ... BA63: =BA62+BA62*CGE_Frozen!AI34 -> 3.4604697e+12

Sheet KAYA
B1: P | S1: GDP/P | AJ1: TES/GDP | BA1: E/PES
B2: 01_KOR | C2: 02_CHN | D2: 03_JPN | E2: 04_RUS | F2: 05_MNG | G2: 06_PRK | H2: 07_NAM | I2: 08_LAM | J2: 09_WEU | K2: 10_EEU | L2: 11_RFSU | M2: 12_MEA | N2: 13_AFR | O2: 14_RCPA | P2: 15_SAS | Q2: 16_RPAS | R2: 17_RPAO | S2: 01_KOR | T2: 02_CHN | U2: 03_JPN | V2: 04_RUS | W2: 05_MNG | X2: 06_PRK | Y2: 07_NAM | Z2: 08_LAM | AA2: 09_WEU | AB2: 10_EEU | AC2: 11_RFSU | AD2: 12_MEA | AE2: 13_AFR | AF2: 14_RCPA | AG2: 15_SAS | AH2: 16_RPAS | AI2: 17_RPAO | AJ2: 01_KOR | AK2: 02_CHN | AL2: 03_JPN | AM2: 04_RUS | AN2: 05_MNG | AO2: 06_PRK | AP2: 07_NAM | AQ2: 08_LAM | AR2: 09_WEU | AS2: 10_EEU | AT2: 11_RFSU | AU2: 12_MEA | AV2: 13_AFR | AW2: 14_RCPA | AX2: 15_SAS | AY2: 16_RPAS | AZ2: 17_RPAO | BA2: 01_KOR | BB2: 02_CHN | BC2: 03_JPN | BD2: 04_RUS | BE2: 05_MNG | BF2: 06_PRK | BG2: 07_NAM | BH2: 08_LAM | BI2: 09_WEU | BJ2: 10_EEU | BK2: 11_RFSU | BL2: 12_MEA | BM2: 13_AFR | BN2: 14_RCPA | BO2: 15_SAS | BP2: 16_RPAS | BQ2: 17_RPAO
A3: 1990 | B3: =Data!T3 -> 42869283 | C3: =Data!U3 -> 1140889500 | D3: =Data!V3 -> 123478000 | E3: =Data!W3 -> 147969406 | F3: =Data!X3 -> 2098710 | G3: =Data!Y3 -> 21112137 | H3: =Data!Z3 -> 277759852 | I3: =Data!AA3 -> 437248525 | ... R3: =Data!AJ3 -> 20394928 | S3: =Data!AK3/Data!T3 -> 14377.884 | T3: =Data!AL3/Data!U3 -> 1816.5883 | U3: =Data!AM3/Data!V3 -> 35272.419 | V3: =Data!AN3/Data!W3 -> 29643.595 | W3: =Data!AO3/Data!X3 -> 6637.8193 | X3: =Data!AP3/Data!Y3 -> 927.10206 | Y3: =Data!AQ3/Data!Z3 -> 43918.162 | Z3: =Data!AR3/Data!AA3 -> 11505.651 | ... AZ3: =Data!BR3/Data!BA3 -> 1.3743571e-07 | BA3: =Data!C3/Data!BB3 -> 2.9072364 | BB3: =Data!D3/Data!BC3 -> 2.7608578 | BC3: =Data!E3/Data!BD3 -> 2.6602201 | BD3: =Data!F3/Data!BE3 -> 2.7705832 | BE3: =Data!G3/Data!BF3 -> 3.763041 | BF3: =Data!H3/Data!BG3 -> 3.9722047 | BG3: =Data!I3/Data!BH3 -> 2.5602181 | BH3: =Data!J3/Data!BI3 -> 2.0716791 | ... BQ3: =Data!S3/Data!BR3 -> 3.0542257
A4: 1991 | B4: =Data!T4 -> 43295704 | C4: =Data!U4 -> 1156532000 | D4: =Data!V4 -> 123964000 | E4: =Data!W4 -> 148394216 | F4: =Data!X4 -> 2165342 | G4: =Data!Y4 -> 21428638 | H4: =Data!Z4 -> 281470059 | I4: =Data!AA4 -> 445392924 | ... R4: =Data!AJ4 -> 20779136 | S4: =Data!AK4/Data!T4 -> 15784.467 | T4: =Data!AL4/Data!U4 -> 1954.0777 | U4: =Data!AM4/Data!V4 -> 36372.035 | V4: =Data!AN4/Data!W4 -> 28066.922 | W4: =Data!AO4/Data!X4 -> 5874.2556 | X4: =Data!AP4/Data!Y4 -> 873.06188 | Y4: =Data!AQ4/Data!Z4 -> 43213.359 | Z4: =Data!AR4/Data!AA4 -> 11671.571 | ... AZ4: =Data!BR4/Data!BA4 -> 1.3712584e-07 | BA4: =Data!C4/Data!BB4 -> 2.9879822 | BB4: =Data!D4/Data!BC4 -> 3.0029572 | BC4: =Data!E4/Data!BD4 -> 2.6551334 | BD4: =Data!F4/Data!BE4 -> 2.7468704 | BE4: =Data!G4/Data!BF4 -> 3.8853655 | BF4: =Data!H4/Data!BG4 -> 4.0031774 | BG4: =Data!I4/Data!BH4 -> 2.5186565 | BH4: =Data!J4/Data!BI4 -> 2.0842148 | ... BQ4: =Data!S4/Data!BR4 -> 3.1034345
A5: 1992 | B5: =Data!T5 -> 43747962 | C5: =Data!U5 -> 1170770500 | D5: =Data!V5 -> 124425000 | E5: =Data!W5 -> 148538197 | F5: =Data!X5 -> 2167790 | G5: =Data!Y5 -> 21750911 | H5: =Data!Z5 -> 285342295 | I5: =Data!AA5 -> 453484566 | ... R5: =Data!AJ5 -> 21010335 | S5: =Data!AK5/Data!T5 -> 16613.491 | T5: =Data!AL5/Data!U5 -> 2193.2156 | U5: =Data!AM5/Data!V5 -> 36563.623 | V5: =Data!AN5/Data!W5 -> 23965.245 | W5: =Data!AO5/Data!X5 -> 5324.4876 | X5: =Data!AP5/Data!Y5 -> 799.19485 | Y5: =Data!AQ5/Data!Z5 -> 44027.243 | Z5: =Data!AR5/Data!AA5 -> 11788.387 | ... AZ5: =Data!BR5/Data!BA5 -> 1.3901184e-07 | BA5: =Data!C5/Data!BB5 -> 2.8829574 | BB5: =Data!D5/Data!BC5 -> 3.0383029 | BC5: =Data!E5/Data!BD5 -> 2.6092885 | BD5: =Data!F5/Data!BE5 -> 2.7716229 | BE5: =Data!G5/Data!BF5 -> 3.8760942 | BF5: =Data!H5/Data!BG5 -> 4.0502467 | BG5: =Data!I5/Data!BH5 -> 2.5101205 | BH5: =Data!J5/Data!BI5 -> 2.0669423 | ... BQ5: =Data!S5/Data!BR5 -> 3.0953483
A6: 1993 | B6: =Data!T6 -> 44194628 | C6: =Data!U6 -> 1184341000 | D6: =Data!V6 -> 124829000 | E6: =Data!W6 -> 148458777 | F6: =Data!X6 -> 2165130 | G6: =Data!Y6 -> 22073352 | H6: =Data!Z6 -> 289066123 | I6: =Data!AA6 -> 461533132 | ... R6: =Data!AJ6 -> 21207008 | S6: =Data!AK6/Data!T6 -> 17595.904 | T6: =Data!AL6/Data!U6 -> 2456.8717 | U6: =Data!AM6/Data!V6 -> 36277.923 | V6: =Data!AN6/Data!W6 -> 21899.517 | W6: =Data!AO6/Data!X6 -> 5162.0999 | X6: =Data!AP6/Data!Y6 -> 752.2481 | Y6: =Data!AQ6/Data!Z6 -> 44652.401 | Z6: =Data!AR6/Data!AA6 -> 12128.336 | ... AZ6: =Data!BR6/Data!BA6 -> 1.4012804e-07 | BA6: =Data!C6/Data!BB6 -> 2.8005775 | BB6: =Data!D6/Data!BC6 -> 3.106124 | BC6: =Data!E6/Data!BD6 -> 2.5770712 | BD6: =Data!F6/Data!BE6 -> 2.6795959 | BE6: =Data!G6/Data!BF6 -> 3.8213794 | BF6: =Data!H6/Data!BG6 -> 4.0804946 | BG6: =Data!I6/Data!BH6 -> 2.5162673 | BH6: =Data!J6/Data!BI6 -> 2.1201968 | ... BQ6: =Data!S6/Data!BR6 -> 2.9791591
A7: 1994 | B7: =Data!T7 -> 44641540 | C7: =Data!U7 -> 1197870400 | D7: =Data!V7 -> 125178000 | E7: =Data!W7 -> 148407912 | F7: =Data!X7 -> 2189395 | G7: =Data!Y7 -> 22393975 | H7: =Data!Z7 -> 292594524 | I7: =Data!AA7 -> 469500872 | ... R7: =Data!AJ7 -> 21425468 | S7: =Data!AK7/Data!T7 -> 19052.299 | T7: =Data!AL7/Data!U7 -> 2734.0469 | U7: =Data!AM7/Data!V7 -> 36568.712 | V7: =Data!AN7/Data!W7 -> 19153.363 | W7: =Data!AO7/Data!X7 -> 5213.8463 | X7: =Data!AP7/Data!Y7 -> 725.82721 | Y7: =Data!AQ7/Data!Z7 -> 45909.361 | Z7: =Data!AR7/Data!AA7 -> 12562.439 | ... AZ7: =Data!BR7/Data!BA7 -> 1.3531767e-07 | BA7: =Data!C7/Data!BB7 -> 2.8478035 | BB7: =Data!D7/Data!BC7 -> 3.1161286 | BC7: =Data!E7/Data!BD7 -> 2.555749 | BD7: =Data!F7/Data!BE7 -> 2.762249 | BE7: =Data!G7/Data!BF7 -> 3.8599315 | BF7: =Data!H7/Data!BG7 -> 4.0839023 | BG7: =Data!I7/Data!BH7 -> 2.5105261 | BH7: =Data!J7/Data!BI7 -> 2.1315771 | ... BQ7: =Data!S7/Data!BR7 -> 3.0182603
A8: 1995 | B8: =Data!T8 -> 45092991 | C8: =Data!U8 -> 1211011100 | D8: =Data!V8 -> 125472000 | E8: =Data!W8 -> 148375787 | F8: =Data!X8 -> 2224945 | G8: =Data!Y8 -> 22669304 | H8: =Data!Z8 -> 296054001 | I8: =Data!AA8 -> 477446311 | ... R8: =Data!AJ8 -> 21678282 | S8: =Data!AK8/Data!T8 -> 20697.897 | T8: =Data!AL8/Data!U8 -> 2986.4506 | U8: =Data!AM8/Data!V8 -> 37442.895 | V8: =Data!AN8/Data!W8 -> 18363.714 | W8: =Data!AO8/Data!X8 -> 5457.685 | X8: =Data!AP8/Data!Y8 -> 685.64684 | Y8: =Data!AQ8/Data!Z8 -> 46590.817 | Z8: =Data!AR8/Data!AA8 -> 12454.658 | ... AZ8: =Data!BR8/Data!BA8 -> 1.3185055e-07 | BA8: =Data!C8/Data!BB8 -> 2.7912555 | BB8: =Data!D8/Data!BC8 -> 3.203859 | BC8: =Data!E8/Data!BD8 -> 2.5100841 | BD8: =Data!F8/Data!BE8 -> 2.7774406 | BE8: =Data!G8/Data!BF8 -> 3.8590203 | BF8: =Data!H8/Data!BG8 -> 4.0528179 | BG8: =Data!I8/Data!BH8 -> 2.5074841 | BH8: =Data!J8/Data!BI8 -> 2.1488559 | ... BQ8: =Data!S8/Data!BR8 -> 3.0825508
A9: 1996 | B9: =Data!T9 -> 45524681 | C9: =Data!U9 -> 1223985500 | D9: =Data!V9 -> 125757000 | E9: =Data!W9 -> 148160129 | F9: =Data!X9 -> 2259507 | G9: =Data!Y9 -> 22895746 | H9: =Data!Z9 -> 299485254 | I9: =Data!AA9 -> 485330003 | ... R9: =Data!AJ9 -> 21956767 | S9: =Data!AK9/Data!T9 -> 22139.796 | T9: =Data!AL9/Data!U9 -> 3238.6692 | U9: =Data!AM9/Data!V9 -> 38528.791 | V9: =Data!AN9/Data!W9 -> 17699.869 | W9: =Data!AO9/Data!X9 -> 5494.3213 | X9: =Data!AP9/Data!Y9 -> 656.10675 | Y9: =Data!AQ9/Data!Z9 -> 47709.792 | Z9: =Data!AR9/Data!AA9 -> 12744.342 | ... AZ9: =Data!BR9/Data!BA9 -> 1.3524435e-07 | BA9: =Data!C9/Data!BB9 -> 2.7703979 | BB9: =Data!D9/Data!BC9 -> 3.1023369 | BC9: =Data!E9/Data!BD9 -> 2.4829702 | BD9: =Data!F9/Data!BE9 -> 2.7400034 | BE9: =Data!G9/Data!BF9 -> 3.8762592 | BF9: =Data!H9/Data!BG9 -> 4.0897458 | BG9: =Data!I9/Data!BH9 -> 2.5254731 | BH9: =Data!J9/Data!BI9 -> 2.1959756 | ... BQ9: =Data!S9/Data!BR9 -> 2.9902061
A10: 1997 | B10: =Data!T10 -> 45953580 | C10: =Data!U10 -> 1236564300 | D10: =Data!V10 -> 126057000 | E10: =Data!W10 -> 147915361 | F10: =Data!X10 -> 2291750 | G10: =Data!Y10 -> 23110830 | H10: =Data!Z10 -> 303052655 | I10: =Data!AA10 -> 493156466 | ... R10: =Data!AJ10 -> 22204337 | S10: =Data!AK10/Data!T10 -> 23311.042 | T10: =Data!AL10/Data!U10 -> 3495.2211 | U10: =Data!AM10/Data!V10 -> 38814.254 | V10: =Data!AN10/Data!W10 -> 17977.352 | W10: =Data!AO10/Data!X10 -> 5628.1066 | X10: =Data!AP10/Data!Y10 -> 607.85863 | Y10: =Data!AQ10/Data!Z10 -> 49238.081 | Z10: =Data!AR10/Data!AA10 -> 13230.707 | ... AZ10: =Data!BR10/Data!BA10 -> 1.339324e-07 | BA10: =Data!C10/Data!BB10 -> 2.7167563 | BB10: =Data!D10/Data!BC10 -> 3.1895873 | BC10: =Data!E10/Data!BD10 -> 2.4293223 | BD10: =Data!F10/Data!BE10 -> 2.6695676 | BE10: =Data!G10/Data!BF10 -> 3.8846303 | BF10: =Data!H10/Data!BG10 -> 4.1635776 | BG10: =Data!I10/Data!BH10 -> 2.6223812 | BH10: =Data!J10/Data!BI10 -> 2.2239474 | ... BQ10: =Data!S10/Data!BR10 -> 3.0087538
A11: 1998 | B11: =Data!T11 -> 46286503 | C11: =Data!U11 -> 1248478700 | D11: =Data!V11 -> 126400000 | E11: =Data!W11 -> 147670784 | F11: =Data!X11 -> 2323809 | G11: =Data!Y11 -> 23311564 | H11: =Data!Z11 -> 306507357 | I11: =Data!AA11 -> 500989840 | ... R11: =Data!AJ11 -> 22422584 | S11: =Data!AK11/Data!T11 -> 22000.339 | T11: =Data!AL11/Data!U11 -> 3707.8027 | U11: =Data!AM11/Data!V11 -> 38217.196 | V11: =Data!AN11/Data!W11 -> 17052.756 | W11: =Data!AO11/Data!X11 -> 5735.8438 | X11: =Data!AP11/Data!Y11 -> 597.17579 | Y11: =Data!AQ11/Data!Z11 -> 50840.736 | Z11: =Data!AR11/Data!AA11 -> 13411.617 | ... AZ11: =Data!BR11/Data!BA11 -> 1.3125006e-07 | BA11: =Data!C11/Data!BB11 -> 2.5201495 | BB11: =Data!D11/Data!BC11 -> 3.2505996 | BC11: =Data!E11/Data!BD11 -> 2.3792544 | BD11: =Data!F11/Data!BE11 -> 2.7432728 | BE11: =Data!G11/Data!BF11 -> 3.8657687 | BF11: =Data!H11/Data!BG11 -> 3.6584413 | BG11: =Data!I11/Data!BH11 -> 2.6263209 | BH11: =Data!J11/Data!BI11 -> 2.2341434 | ... BQ11: =Data!S11/Data!BR11 -> 3.1057605
A12: 1999 | B12: =Data!T12 -> 46616677 | C12: =Data!U12 -> 1259341500 | D12: =Data!V12 -> 126631000 | E12: =Data!W12 -> 147214776 | F12: =Data!X12 -> 2356813 | G12: =Data!Y12 -> 23497599 | H12: =Data!Z12 -> 309947562 | I12: =Data!AA12 -> 508748419 | ... R12: =Data!AJ12 -> 22647364 | S12: =Data!AK12/Data!T12 -> 24382.251 | T12: =Data!AL12/Data!U12 -> 3950.2236 | U12: =Data!AM12/Data!V12 -> 38020.094 | V12: =Data!AN12/Data!W12 -> 18200.32 | W12: =Data!AO12/Data!X12 -> 5829.1664 | X12: =Data!AP12/Data!Y12 -> 628.45739 | Y12: =Data!AQ12/Data!Z12 -> 52699.171 | Z12: =Data!AR12/Data!AA12 -> 13270.972 | ... AZ12: =Data!BR12/Data!BA12 -> 1.2785835e-07 | BA12: =Data!C12/Data!BB12 -> 2.5198467 | BB12: =Data!D12/Data!BC12 -> 3.121443 | BC12: =Data!E12/Data!BD12 -> 2.4222807 | BD12: =Data!F12/Data!BE12 -> 2.7266605 | BE12: =Data!G12/Data!BF12 -> 3.8863493 | BF12: =Data!H12/Data!BG12 -> 3.7246676 | BG12: =Data!I12/Data!BH12 -> 2.5685821 | BH12: =Data!J12/Data!BI12 -> 2.1589093 | ... BQ12: =Data!S12/Data!BR12 -> 3.0959285
A13: 2000 | B13: =Data!T13 -> 47008111 | C13: =Data!U13 -> 1269310000 | D13: =Data!V13 -> 126843000 | E13: =Data!W13 -> 146596869 | F13: =Data!X13 -> 2388299 | G13: =Data!Y13 -> 23665910 | H13: =Data!Z13 -> 313359794 | I13: =Data!AA13 -> 516277627 | ... R13: =Data!AJ13 -> 22886502 | S13: =Data!AK13/Data!T13 -> 26404.159 | T13: =Data!AL13/Data!U13 -> 4253.9263 | U13: =Data!AM13/Data!V13 -> 39005.914 | V13: =Data!AN13/Data!W13 -> 20104.751 | W13: =Data!AO13/Data!X13 -> 5818.2431 | X13: =Data!AP13/Data!Y13 -> 626.55919 | Y13: =Data!AQ13/Data!Z13 -> 54298.601 | Z13: =Data!AR13/Data!AA13 -> 13555.974 | ... AZ13: =Data!BR13/Data!BA13 -> 1.2576844e-07 | BA13: =Data!C13/Data!BB13 -> 2.5103356 | BB13: =Data!D13/Data!BC13 -> 3.2138458 | BC13: =Data!E13/Data!BD13 -> 2.4106165 | BD13: =Data!F13/Data!BE13 -> 2.7142926 | BE13: =Data!G13/Data!BF13 -> 3.7759453 | BF13: =Data!H13/Data!BG13 -> 3.743297 | BG13: =Data!I13/Data!BH13 -> 2.5728512 | BH13: =Data!J13/Data!BI13 -> 2.2079284 | ... BQ13: =Data!S13/Data!BR13 -> 3.0867499
A14: 2001 | B14: =Data!T14 -> 47370164 | C14: =Data!U14 -> 1278564300 | D14: =Data!V14 -> 127149000 | E14: =Data!W14 -> 145976482 | F14: =Data!X14 -> 2417751 | G14: =Data!Y14 -> 23815358 | H14: =Data!Z14 -> 316502971 | I14: =Data!AA14 -> 523568696 | ... R14: =Data!AJ14 -> 23155201 | S14: =Data!AK14/Data!T14 -> 27440.656 | T14: =Data!AL14/Data!U14 -> 4558.0879 | U14: =Data!AM14/Data!V14 -> 39062.282 | V14: =Data!AN14/Data!W14 -> 21219.904 | W14: =Data!AO14/Data!X14 -> 5917.0709 | X14: =Data!AP14/Data!Y14 -> 646.01386 | Y14: =Data!AQ14/Data!Z14 -> 54316.205 | Z14: =Data!AR14/Data!AA14 -> 13404.127 | ... AZ14: =Data!BR14/Data!BA14 -> 1.2055907e-07 | BA14: =Data!C14/Data!BB14 -> 2.5673628 | BB14: =Data!D14/Data!BC14 -> 3.2605361 | BC14: =Data!E14/Data!BD14 -> 2.4243984 | BD14: =Data!F14/Data!BE14 -> 2.6908227 | BE14: =Data!G14/Data!BF14 -> 3.7363976 | BF14: =Data!H14/Data!BG14 -> 3.764113 | BG14: =Data!I14/Data!BH14 -> 2.5972297 | BH14: =Data!J14/Data!BI14 -> 2.2069472 | ... BQ14: =Data!S14/Data!BR14 -> 3.2188362
... A36: 2023 | B36: =Data!T36 -> 51712619 | C36: =Data!U36 -> 1418246100 | D36: =Data!V36 -> 124516650 | E36: =Data!W36 -> 143826130 | F36: =Data!X36 -> 3481145 | G36: =Data!Y36 -> 26418204 | H36: =Data!Z36 -> 377375365 | I36: =Data!AA36 -> 654233535 | ... R36: =Data!AJ36 -> 31859922 | S36: =Data!AK36/Data!T36 -> 54029.343 | T36: =Data!AL36/Data!U36 -> 22908.908 | U36: =Data!AM36/Data!V36 -> 45858.66 | V36: =Data!AN36/Data!W36 -> 40573.17 | W36: =Data!AO36/Data!X36 -> 16222.864 | X36: =Data!AP36/Data!Y36 -> 616.91471 | Y36: =Data!AQ36/Data!Z36 -> 72295.703 | Z36: =Data!AR36/Data!AA36 -> 18292.218 | ... AZ36: =Data!BR36/Data!BA36 -> 8.0203679e-08 | BA36: =Data!C36/Data!BB36 -> 2.1391092 | BB36: =Data!D36/Data!BC36 -> 3.2369009 | BC36: =Data!E36/Data!BD36 -> 2.6489837 | BD36: =Data!F36/Data!BE36 -> 2.4637107 | BE36: =Data!G36/Data!BF36 -> 3.5840773 | BF36: =Data!H36/Data!BG36 -> 3.738136 | BG36: =Data!I36/Data!BH36 -> 2.1334991 | BH36: =Data!J36/Data!BI36 -> 2.0174909 | ... BQ36: =Data!S36/Data!BR36 -> 2.7211144
A37: 2024 | B37: =Data!T37 -> 51751065 | C37: =Data!U37 -> 1416499100 | D37: =Data!V37 -> 123975371 | E37: =Data!W37 -> 143533851 | F37: =Data!X37 -> 3524788 | G37: =Data!Y37 -> 26498823 | H37: =Data!Z37 -> 381884256 | I37: =Data!AA37 -> 658805744 | ... R37: =Data!AJ37 -> 32484312 | S37: =Data!AK37/Data!T37 -> 55070.939 | T37: =Data!AL37/Data!U37 -> 24070.351 | U37: =Data!AM37/Data!V37 -> 46106.923 | V37: =Data!AN37/Data!W37 -> 42422.029 | W37: =Data!AO37/Data!X37 -> 16842.651 | X37: =Data!AP37/Data!Y37 -> 637.81356 | Y37: =Data!AQ37/Data!Z37 -> 73362.737 | Z37: =Data!AR37/Data!AA37 -> 18571.29 | ... AI37: =Data!BA37/Data!AJ37 -> 58515.523 | AJ37: =AJ36*(1+AJ$66) -> 9.7098161e-08 | AK37: =AK36*(1+AK$66) -> 1.2156657e-07 | AL37: =AL36*(1+AL$66) -> 6.4975604e-08 | AM37: =AM36*(1+AM$66) -> 1.3556924e-07 | AN37: =AN36*(1+AN$66) -> 1.3478875e-07 | AO37: =AO36*(1+AO$66) -> 1.1270892e-06 | AP37: =AP36*(1+AP$66) -> 8.7308829e-08 | AQ37: =AQ36*(1+AQ$66) -> 7.123752e-08 | ... BQ37: =BQ36*(1+BQ$66) -> 2.7007213
A38: 2025 | B38: =Data!T38 -> 51679317 | C38: =Data!U38 -> 1.4169734e+09 | D38: =Data!V38 -> 1.2335694e+08 | E38: =Data!W38 -> 1.4345589e+08 | F38: =Data!X38 -> 3573939.8 | G38: =Data!Y38 -> 26616891 | H38: =Data!Z38 -> 3.8334964e+08 | I38: =Data!AA38 -> 6.6322282e+08 | ... R38: =Data!AJ38 -> 32726671 | S38: =Data!AK38/Data!T38 -> 56778.59 | T38: =Data!AL38/Data!U38 -> 25179.898 | U38: =Data!AM38/Data!V38 -> 47170.794 | V38: =Data!AN38/Data!W38 -> 42863.173 | W38: =Data!AO38/Data!X38 -> 17281.283 | X38: =Data!AP38/Data!Y38 -> 664.12237 | Y38: =Data!AQ38/Data!Z38 -> 74989.031 | Z38: =Data!AR38/Data!AA38 -> 19065.374 | ... AI38: =Data!BA38/Data!AJ38 -> 59833.202 | AJ38: =AJ37*(1+AJ$66) -> 9.5446628e-08 | AK38: =AK37*(1+AK$66) -> 1.1904875e-07 | AL38: =AL37*(1+AL$66) -> 6.3704646e-08 | AM38: =AM37*(1+AM$66) -> 1.3562271e-07 | AN38: =AN37*(1+AN$66) -> 1.3543272e-07 | AO38: =AO37*(1+AO$66) -> 1.1787107e-06 | AP38: =AP37*(1+AP$66) -> 8.5327595e-08 | AQ38: =AQ37*(1+AQ$66) -> 7.0465312e-08 | ... BQ38: =BQ37*(1+BQ$66) -> 2.680481
A39: 2026 | B39: =Data!T39 -> 51575156 | C39: =Data!U39 -> 1.4149773e+09 | D39: =Data!V39 -> 1.2272743e+08 | E39: =Data!W39 -> 1.4306708e+08 | F39: =Data!X39 -> 3617997.1 | G39: =Data!Y39 -> 26643812 | H39: =Data!Z39 -> 3.8501466e+08 | I39: =Data!AA39 -> 6.676347e+08 | ... R39: =Data!AJ39 -> 32959236 | S39: =Data!AK39/Data!T39 -> 58190.558 | T39: =Data!AL39/Data!U39 -> 26242.403 | U39: =Data!AM39/Data!V39 -> 47965.212 | V39: =Data!AN39/Data!W39 -> 43700.107 | W39: =Data!AO39/Data!X39 -> 17590.58 | X39: =Data!AP39/Data!Y39 -> 693.44374 | Y39: =Data!AQ39/Data!Z39 -> 76292.206 | Z39: =Data!AR39/Data!AA39 -> 19483.734 | ... AI39: =Data!BA39/Data!AJ39 -> 60936.412 | AJ39: =AJ38*(1+AJ$66) -> 9.3823186e-08 | AK39: =AK38*(1+AK$66) -> 1.1658307e-07 | AL39: =AL38*(1+AL$66) -> 6.2458549e-08 | AM39: =AM38*(1+AM$66) -> 1.356762e-07 | AN39: =AN38*(1+AN$66) -> 1.3607977e-07 | AO39: =AO38*(1+AO$66) -> 1.2326964e-06 | AP39: =AP38*(1+AP$66) -> 8.339132e-08 | AQ39: =AQ38*(1+AQ$66) -> 6.9701473e-08 | ... BQ39: =BQ38*(1+BQ$66) -> 2.6603924
A40: 2027 | B40: =Data!T40 -> 51470996 | C40: =Data!U40 -> 1.4129811e+09 | D40: =Data!V40 -> 1.2209792e+08 | E40: =Data!W40 -> 1.4267827e+08 | F40: =Data!X40 -> 3662054.4 | G40: =Data!Y40 -> 26670631 | H40: =Data!Z40 -> 3.8667868e+08 | I40: =Data!AA40 -> 6.7204658e+08 | ... R40: =Data!AJ40 -> 33191698 | S40: =Data!AK40/Data!T40 -> 59863.669 | T40: =Data!AL40/Data!U40 -> 27342.533 | U40: =Data!AM40/Data!V40 -> 48807.607 | V40: =Data!AN40/Data!W40 -> 44241.404 | W40: =Data!AO40/Data!X40 -> 18001.989 | X40: =Data!AP40/Data!Y40 -> 726.92238 | Y40: =Data!AQ40/Data!Z40 -> 77548.304 | Z40: =Data!AR40/Data!AA40 -> 19821.153 | ... AI40: =Data!BA40/Data!AJ40 -> 62156.349 | AJ40: =AJ39*(1+AJ$66) -> 9.2227357e-08 | AK40: =AK39*(1+AK$66) -> 1.1416847e-07 | AL40: =AL39*(1+AL$66) -> 6.1236827e-08 | AM40: =AM39*(1+AM$66) -> 1.357297e-07 | AN40: =AN39*(1+AN$66) -> 1.3672991e-07 | AO40: =AO39*(1+AO$66) -> 1.2891548e-06 | AP40: =AP39*(1+AP$66) -> 8.1498984e-08 | AQ40: =AQ39*(1+AQ$66) -> 6.8945915e-08 | ... BQ40: =BQ39*(1+BQ$66) -> 2.6404543
A41: 2028 | B41: =Data!T41 -> 51366836 | C41: =Data!U41 -> 1.4109949e+09 | D41: =Data!V41 -> 1.2146841e+08 | E41: =Data!W41 -> 1.4228945e+08 | F41: =Data!X41 -> 3706111.7 | G41: =Data!Y41 -> 26697552 | H41: =Data!Z41 -> 3.8834371e+08 | I41: =Data!AA41 -> 6.764595e+08 | ... R41: =Data!AJ41 -> 33424264 | S41: =Data!AK41/Data!T41 -> 61150.033 | T41: =Data!AL41/Data!U41 -> 28362.21 | U41: =Data!AM41/Data!V41 -> 49512.395 | V41: =Data!AN41/Data!W41 -> 45202.792 | W41: =Data!AO41/Data!X41 -> 18338.015 | X41: =Data!AP41/Data!Y41 -> 761.93217 | Y41: =Data!AQ41/Data!Z41 -> 78692.366 | Z41: =Data!AR41/Data!AA41 -> 20208.06 | ... AI41: =Data!BA41/Data!AJ41 -> 63289.766 | AJ41: =AJ40*(1+AJ$66) -> 9.0658671e-08 | AK41: =AK40*(1+AK$66) -> 1.1180387e-07 | AL41: =AL40*(1+AL$66) -> 6.0039002e-08 | AM41: =AM40*(1+AM$66) -> 1.3578323e-07 | AN41: =AN40*(1+AN$66) -> 1.3738315e-07 | AO41: =AO40*(1+AO$66) -> 1.348199e-06 | AP41: =AP40*(1+AP$66) -> 7.9649589e-08 | AQ41: =AQ40*(1+AQ$66) -> 6.8198547e-08 | ... BQ41: =BQ40*(1+BQ$66) -> 2.6206657
A42: 2029 | B42: =Data!T42 -> 51262675 | C42: =Data!U42 -> 1.4089987e+09 | D42: =Data!V42 -> 1.208389e+08 | E42: =Data!W42 -> 1.4190064e+08 | F42: =Data!X42 -> 3750158.8 | G42: =Data!Y42 -> 26724372 | H42: =Data!Z42 -> 3.9000873e+08 | I42: =Data!AA42 -> 6.8087138e+08 | ... R42: =Data!AJ42 -> 33656726 | S42: =Data!AK42/Data!T42 -> 62718.259 | T42: =Data!AL42/Data!U42 -> 29431.391 | U42: =Data!AM42/Data!V42 -> 50339.088 | V42: =Data!AN42/Data!W42 -> 45821.541 | W42: =Data!AO42/Data!X42 -> 18761.691 | X42: =Data!AP42/Data!Y42 -> 800.03971 | Y42: =Data!AQ42/Data!Z42 -> 79847.832 | Z42: =Data!AR42/Data!AA42 -> 20551.105 | ... AI42: =Data!BA42/Data!AJ42 -> 64515.77 | AJ42: =AJ41*(1+AJ$66) -> 8.9116667e-08 | AK42: =AK41*(1+AK$66) -> 1.0948825e-07 | AL42: =AL41*(1+AL$66) -> 5.8864607e-08 | AM42: =AM41*(1+AM$66) -> 1.3583678e-07 | AN42: =AN41*(1+AN$66) -> 1.3803952e-07 | AO42: =AO41*(1+AO$66) -> 1.4099474e-06 | AP42: =AP41*(1+AP$66) -> 7.7842161e-08 | AQ42: =AQ41*(1+AQ$66) -> 6.745928e-08 | ... BQ42: =BQ41*(1+BQ$66) -> 2.6010253
A43: 2030 | B43: =Data!T43 -> 51158515 | C43: =Data!U43 -> 1.4070026e+09 | D43: =Data!V43 -> 1.2020939e+08 | E43: =Data!W43 -> 1.4151183e+08 | F43: =Data!X43 -> 3794216.1 | G43: =Data!Y43 -> 26751293 | H43: =Data!Z43 -> 3.9167375e+08 | I43: =Data!AA43 -> 6.8528429e+08 | ... R43: =Data!AJ43 -> 33889188 | S43: =Data!AK43/Data!T43 -> 64020.801 | T43: =Data!AL43/Data!U43 -> 30437.583 | U43: =Data!AM43/Data!V43 -> 51125.874 | V43: =Data!AN43/Data!W43 -> 46742.882 | W43: =Data!AO43/Data!X43 -> 19108.514 | X43: =Data!AP43/Data!Y43 -> 838.82705 | Y43: =Data!AQ43/Data!Z43 -> 80952.404 | Z43: =Data!AR43/Data!AA43 -> 20960.761 | ... AI43: =Data!BA43/Data!AJ43 -> 65656.237 | AJ43: =AJ42*(1+AJ$66) -> 8.760089e-08 | AK43: =AK42*(1+AK$66) -> 1.0722058e-07 | AL43: =AL42*(1+AL$66) -> 5.7713184e-08 | AM43: =AM42*(1+AM$66) -> 1.3589036e-07 | AN43: =AN42*(1+AN$66) -> 1.3869902e-07 | AO43: =AO42*(1+AO$66) -> 1.4745239e-06 | AP43: =AP42*(1+AP$66) -> 7.6075747e-08 | AQ43: =AQ42*(1+AQ$66) -> 6.6728027e-08 | ... BQ43: =BQ42*(1+BQ$66) -> 2.5815322
A44: 2031 | B44: =Data!T44 -> 51012510 | C44: =Data!U44 -> 1.4035538e+09 | D44: =Data!V44 -> 1.1954462e+08 | E44: =Data!W44 -> 1.4114966e+08 | F44: =Data!X44 -> 3837040.6 | G44: =Data!Y44 -> 26719936 | H44: =Data!Z44 -> 3.9329885e+08 | I44: =Data!AA44 -> 6.8897508e+08 | ... R44: =Data!AJ44 -> 34104847 | S44: =Data!AK44/Data!T44 -> 65465.432 | T44: =Data!AL44/Data!U44 -> 31500.851 | U44: =Data!AM44/Data!V44 -> 52022.174 | V44: =Data!AN44/Data!W44 -> 47556.746 | W44: =Data!AO44/Data!X44 -> 19534.968 | X44: =Data!AP44/Data!Y44 -> 882.14337 | Y44: =Data!AQ44/Data!Z44 -> 82070.406 | Z44: =Data!AR44/Data!AA44 -> 21403.802 | ... AI44: =Data!BA44/Data!AJ44 -> 66883.909 | AJ44: =AJ43*(1+AJ$66) -> 8.6110895e-08 | AK44: =AK43*(1+AK$66) -> 1.0499989e-07 | AL44: =AL43*(1+AL$66) -> 5.6584283e-08 | AM44: =AM43*(1+AM$66) -> 1.3594395e-07 | AN44: =AN43*(1+AN$66) -> 1.3936167e-07 | AO44: =AO43*(1+AO$66) -> 1.5420582e-06 | AP44: =AP43*(1+AP$66) -> 7.4349418e-08 | AQ44: =AQ43*(1+AQ$66) -> 6.6004701e-08 | ... BQ44: =BQ43*(1+BQ$66) -> 2.5621851
A45: 2032 | B45: =Data!T45 -> 50866504 | C45: =Data!U45 -> 1.4001149e+09 | D45: =Data!V45 -> 1.1888087e+08 | E45: =Data!W45 -> 1.4078848e+08 | F45: =Data!X45 -> 3879865 | G45: =Data!Y45 -> 26688579 | H45: =Data!Z45 -> 3.9492295e+08 | I45: =Data!AA45 -> 6.9266483e+08 | ... R45: =Data!AJ45 -> 34320403 | S45: =Data!AK45/Data!T45 -> 66672.027 | T45: =Data!AL45/Data!U45 -> 32520.968 | U45: =Data!AM45/Data!V45 -> 52883.704 | V45: =Data!AN45/Data!W45 -> 48675.653 | W45: =Data!AO45/Data!X45 -> 19943.163 | X45: =Data!AP45/Data!Y45 -> 927.58742 | Y45: =Data!AQ45/Data!Z45 -> 83133.526 | Z45: =Data!AR45/Data!AA45 -> 21909.167 | ... AI45: =Data!BA45/Data!AJ45 -> 68083.653 | AJ45: =AJ44*(1+AJ$66) -> 8.4646243e-08 | AK45: =AK44*(1+AK$66) -> 1.0282518e-07 | AL45: =AL44*(1+AL$66) -> 5.5477465e-08 | AM45: =AM44*(1+AM$66) -> 1.3599756e-07 | AN45: =AN44*(1+AN$66) -> 1.4002749e-07 | AO45: =AO44*(1+AO$66) -> 1.6126855e-06 | AP45: =AP44*(1+AP$66) -> 7.2662262e-08 | AQ45: =AQ44*(1+AQ$66) -> 6.5289215e-08 | ... BQ45: =BQ44*(1+BQ$66) -> 2.5429831
A46: 2033 | B46: =Data!T46 -> 50720499 | C46: =Data!U46 -> 1.3966662e+09 | D46: =Data!V46 -> 1.1821711e+08 | E46: =Data!W46 -> 1.404273e+08 | F46: =Data!X46 -> 3922689.4 | G46: =Data!Y46 -> 26657221 | H46: =Data!Z46 -> 3.9654804e+08 | I46: =Data!AA46 -> 6.9635561e+08 | ... R46: =Data!AJ46 -> 34535959 | S46: =Data!AK46/Data!T46 -> 68073.889 | T46: =Data!AL46/Data!U46 -> 33572.322 | U46: =Data!AM46/Data!V46 -> 53836.173 | V46: =Data!AN46/Data!W46 -> 49579.511 | W46: =Data!AO46/Data!X46 -> 20396.888 | X46: =Data!AP46/Data!Y46 -> 976.56186 | Y46: =Data!AQ46/Data!Z46 -> 84200.707 | Z46: =Data!AR46/Data!AA46 -> 22398.167 | ... AI46: =Data!BA46/Data!AJ46 -> 69321.997 | AJ46: =AJ45*(1+AJ$66) -> 8.3206504e-08 | AK46: =AK45*(1+AK$66) -> 1.0069552e-07 | AL46: =AL45*(1+AL$66) -> 5.4392296e-08 | AM46: =AM45*(1+AM$66) -> 1.360512e-07 | AN46: =AN45*(1+AN$66) -> 1.4069649e-07 | AO46: =AO45*(1+AO$66) -> 1.6865476e-06 | AP46: =AP45*(1+AP$66) -> 7.1013392e-08 | AQ46: =AQ45*(1+AQ$66) -> 6.4581486e-08 | ... BQ46: =BQ45*(1+BQ$66) -> 2.5239249
A47: 2034 | B47: =Data!T47 -> 50574494 | C47: =Data!U47 -> 1.3932174e+09 | D47: =Data!V47 -> 1.1755235e+08 | E47: =Data!W47 -> 1.4006513e+08 | F47: =Data!X47 -> 3965513.9 | G47: =Data!Y47 -> 26625864 | H47: =Data!Z47 -> 3.9817214e+08 | I47: =Data!AA47 -> 7.000464e+08 | ... R47: =Data!AJ47 -> 34751515 | S47: =Data!AK47/Data!T47 -> 69192.159 | T47: =Data!AL47/Data!U47 -> 34544.581 | U47: =Data!AM47/Data!V47 -> 54713.511 | V47: =Data!AN47/Data!W47 -> 50779.645 | W47: =Data!AO47/Data!X47 -> 20806.383 | X47: =Data!AP47/Data!Y47 -> 1027.0257 | Y47: =Data!AQ47/Data!Z47 -> 85217.914 | Z47: =Data!AR47/Data!AA47 -> 22944.263 | ... AI47: =Data!BA47/Data!AJ47 -> 70524.476 | AJ47: =AJ46*(1+AJ$66) -> 8.1791253e-08 | AK47: =AK46*(1+AK$66) -> 9.8609971e-08 | AL47: =AL46*(1+AL$66) -> 5.3328353e-08 | AM47: =AM46*(1+AM$66) -> 1.3610486e-07 | AN47: =AN46*(1+AN$66) -> 1.4136869e-07 | AO47: =AO46*(1+AO$66) -> 1.7637926e-06 | AP47: =AP46*(1+AP$66) -> 6.9401939e-08 | AQ47: =AQ46*(1+AQ$66) -> 6.3881428e-08 | ... BQ47: =BQ46*(1+BQ$66) -> 2.5050096
A48: 2035 | B48: =Data!T48 -> 50428489 | C48: =Data!U48 -> 1.3897785e+09 | D48: =Data!V48 -> 1.1688859e+08 | E48: =Data!W48 -> 1.3970395e+08 | F48: =Data!X48 -> 4008338.3 | G48: =Data!Y48 -> 26594507 | H48: =Data!Z48 -> 3.9979723e+08 | I48: =Data!AA48 -> 7.0373718e+08 | ... R48: =Data!AJ48 -> 34967071 | S48: =Data!AK48/Data!T48 -> 70488.261 | T48: =Data!AL48/Data!U48 -> 35520.359 | U48: =Data!AM48/Data!V48 -> 55649.084 | V48: =Data!AN48/Data!W48 -> 51706.788 | W48: =Data!AO48/Data!X48 -> 21245.015 | X48: =Data!AP48/Data!Y48 -> 1080.8235 | Y48: =Data!AQ48/Data!Z48 -> 86250.245 | Z48: =Data!AR48/Data!AA48 -> 23461.969 | ... AI48: =Data!BA48/Data!AJ48 -> 71761.396 | AJ48: =AJ47*(1+AJ$66) -> 8.0400073e-08 | AK48: =AK47*(1+AK$66) -> 9.6567613e-08 | AL48: =AL47*(1+AL$66) -> 5.2285222e-08 | AM48: =AM47*(1+AM$66) -> 1.3615853e-07 | AN48: =AN47*(1+AN$66) -> 1.420441e-07 | AO48: =AO47*(1+AO$66) -> 1.8445755e-06 | AP48: =AP47*(1+AP$66) -> 6.7827053e-08 | AQ48: =AQ47*(1+AQ$66) -> 6.3188958e-08 | ... BQ48: =BQ47*(1+BQ$66) -> 2.486236
... A63: 2050 | B63: =Data!T63 -> 46624727 | C63: =Data!U63 -> 1.2979461e+09 | D63: =Data!V63 -> 1.0674692e+08 | E63: =Data!W63 -> 1.3692898e+08 | F63: =Data!X63 -> 4648198.3 | G63: =Data!Y63 -> 25419576 | H63: =Data!Z63 -> 4.2110314e+08 | I63: =Data!AA63 -> 7.3470877e+08 | ... R63: =Data!AJ63 -> 37981349 | S63: =Data!AK63/Data!T63 -> 87701.656 | T63: =Data!AL63/Data!U63 -> 49580.547 | U63: =Data!AM63/Data!V63 -> 70105.919 | V63: =Data!AN63/Data!W63 -> 67451.573 | W63: =Data!AO63/Data!X63 -> 27751.903 | X63: =Data!AP63/Data!Y63 -> 2293.7936 | Y63: =Data!AQ63/Data!Z63 -> 100757.92 | Z63: =Data!AR63/Data!AA63 -> 34294.729 | ... AI63: =Data!BA63/Data!AJ63 -> 91109.709 | AJ63: =AJ62*(1+AJ$66) -> 6.2158457e-08 | AK63: =AK62*(1+AK$66) -> 7.0549101e-08 | AL63: =AL62*(1+AL$66) -> 3.887682e-08 | AM63: =AM62*(1+AM$66) -> 1.3696625e-07 | AN63: =AN62*(1+AN$66) -> 1.5257121e-07 | AO63: =AO62*(1+AO$66) -> 3.6110231e-06 | AP63: =AP62*(1+AP$66) -> 4.8069889e-08 | AQ63: =AQ62*(1+AQ$66) -> 5.3658673e-08 | ... BQ63: =BQ62*(1+BQ$66) -> 2.2209399
A66: 2014-2023 | AJ66: =(AJ36/AJ27)^(1/10)-1 -> -0.017008901 | AK66: =(AK36/AK27)^(1/10)-1 -> -0.020711474 | AL66: =(AL36/AL27)^(1/10)-1 -> -0.019560533 | AM66: =(AM36/AM27)^(1/10)-1 -> 0.00039438608 | AN66: =(AN36/AN27)^(1/10)-1 -> 0.0047776344 | AO66: =(AO36/AO27)^(1/10)-1 -> 0.045800685 | AP66: =(AP36/AP27)^(1/10)-1 -> -0.022692246 | AQ66: =(AQ36/AQ27)^(1/10)-1 -> -0.010839918 | ... BQ66: =(BQ36/BQ27)^(1/10)-1 -> -0.0074944063

Sheet Emission Projection
B1: Emission
C2: 01_KOR | D2: 02_CHN | E2: 03_JPN | F2: 04_RUS | G2: 05_MNG | H2: 06_PRK | I2: 07_NAM | J2: 08_LAM | K2: 09_WEU | L2: 10_EEU | M2: 11_RFSU | N2: 12_MEA | O2: 13_AFR | P2: 14_RCPA | Q2: 15_SAS | R2: 16_RPAS | S2: 17_RPAO
A3: Historical | B3: 1990 | C3: =KAYA!B3*KAYA!S3*KAYA!AJ3*KAYA!BA3 -> 260232.56 | D3: =KAYA!C3*KAYA!T3*KAYA!AK3*KAYA!BB3 -> 2449320.5 | E3: =KAYA!D3*KAYA!U3*KAYA!AL3*KAYA!BC3 -> 1162286.3 | F3: =KAYA!E3*KAYA!V3*KAYA!AM3*KAYA!BD3 -> 2436269.5 | G3: =KAYA!F3*KAYA!W3*KAYA!AN3*KAYA!BE3 -> 13147.885 | H3: =KAYA!G3*KAYA!X3*KAYA!AO3*KAYA!BF3 -> 131964.51 | I3: =KAYA!H3*KAYA!Y3*KAYA!AP3*KAYA!BG3 -> 5443214.7 | J3: =KAYA!I3*KAYA!Z3*KAYA!AQ3*KAYA!BH3 -> 950935.02 | ... S3: =KAYA!R3*KAYA!AI3*KAYA!AZ3*KAYA!BQ3 -> 302698.53
B4: 1991 | C4: =KAYA!B4*KAYA!S4*KAYA!AJ4*KAYA!BA4 -> 292360.93 | D4: =KAYA!C4*KAYA!T4*KAYA!AK4*KAYA!BB4 -> 2588695.4 | E4: =KAYA!D4*KAYA!U4*KAYA!AL4*KAYA!BC4 -> 1172036.8 | F4: =KAYA!E4*KAYA!V4*KAYA!AM4*KAYA!BD4 -> 2393540.5 | G4: =KAYA!F4*KAYA!W4*KAYA!AN4*KAYA!BE4 -> 14858.263 | H4: =KAYA!G4*KAYA!X4*KAYA!AO4*KAYA!BF4 -> 126915.61 | I4: =KAYA!H4*KAYA!Y4*KAYA!AP4*KAYA!BG4 -> 5393199.6 | J4: =KAYA!I4*KAYA!Z4*KAYA!AQ4*KAYA!BH4 -> 979649.5 | ... S4: =KAYA!R4*KAYA!AI4*KAYA!AZ4*KAYA!BQ4 -> 305394.51
B5: 1992 | C5: =KAYA!B5*KAYA!S5*KAYA!AJ5*KAYA!BA5 -> 321092.19 | D5: =KAYA!C5*KAYA!T5*KAYA!AK5*KAYA!BB5 -> 2713280.8 | E5: =KAYA!D5*KAYA!U5*KAYA!AL5*KAYA!BC5 -> 1177372.1 | F5: =KAYA!E5*KAYA!V5*KAYA!AM5*KAYA!BD5 -> 2205465.1 | G5: =KAYA!F5*KAYA!W5*KAYA!AN5*KAYA!BE5 -> 12957.341 | H5: =KAYA!G5*KAYA!X5*KAYA!AO5*KAYA!BF5 -> 112244.29 | I5: =KAYA!H5*KAYA!Y5*KAYA!AP5*KAYA!BG5 -> 5484641.9 | J5: =KAYA!I5*KAYA!Z5*KAYA!AQ5*KAYA!BH5 -> 996489.84 | ... S5: =KAYA!R5*KAYA!AI5*KAYA!AZ5*KAYA!BQ5 -> 310412.88
B6: 1993 | C6: =KAYA!B6*KAYA!S6*KAYA!AJ6*KAYA!BA6 -> 349635.31 | D6: =KAYA!C6*KAYA!T6*KAYA!AK6*KAYA!BB6 -> 2934645.2 | E6: =KAYA!D6*KAYA!U6*KAYA!AL6*KAYA!BC6 -> 1169827.6 | F6: =KAYA!E6*KAYA!V6*KAYA!AM6*KAYA!BD6 -> 2012962.5 | G6: =KAYA!F6*KAYA!W6*KAYA!AN6*KAYA!BE6 -> 11937.255 | H6: =KAYA!G6*KAYA!X6*KAYA!AO6*KAYA!BF6 -> 104007.02 | I6: =KAYA!H6*KAYA!Y6*KAYA!AP6*KAYA!BG6 -> 5603056.8 | J6: =KAYA!I6*KAYA!Z6*KAYA!AQ6*KAYA!BH6 -> 1029878.1 | ... S6: =KAYA!R6*KAYA!AI6*KAYA!AZ6*KAYA!BQ6 -> 314345.14
B7: 1994 | C7: =KAYA!B7*KAYA!S7*KAYA!AJ7*KAYA!BA7 -> 377449.77 | D7: =KAYA!C7*KAYA!T7*KAYA!AK7*KAYA!BB7 -> 3085058.9 | E7: =KAYA!D7*KAYA!U7*KAYA!AL7*KAYA!BC7 -> 1223346.4 | F7: =KAYA!E7*KAYA!V7*KAYA!AM7*KAYA!BD7 -> 1814911.9 | G7: =KAYA!F7*KAYA!W7*KAYA!AN7*KAYA!BE7 -> 10406.291 | H7: =KAYA!G7*KAYA!X7*KAYA!AO7*KAYA!BF7 -> 95190.123 | I7: =KAYA!H7*KAYA!Y7*KAYA!AP7*KAYA!BG7 -> 5703237.1 | J7: =KAYA!I7*KAYA!Z7*KAYA!AQ7*KAYA!BH7 -> 1093035.9 | ... S7: =KAYA!R7*KAYA!AI7*KAYA!AZ7*KAYA!BQ7 -> 320281.2
B8: 1995 | C8: =KAYA!B8*KAYA!S8*KAYA!AJ8*KAYA!BA8 -> 407088.33 | D8: =KAYA!C8*KAYA!T8*KAYA!AK8*KAYA!BB8 -> 3404402.5 | E8: =KAYA!D8*KAYA!U8*KAYA!AL8*KAYA!BC8 -> 1233224.3 | F8: =KAYA!E8*KAYA!V8*KAYA!AM8*KAYA!BD8 -> 1768562.2 | G8: =KAYA!F8*KAYA!W8*KAYA!AN8*KAYA!BE8 -> 10343.857 | H8: =KAYA!G8*KAYA!X8*KAYA!AO8*KAYA!BF8 -> 89100.934 | I8: =KAYA!H8*KAYA!Y8*KAYA!AP8*KAYA!BG8 -> 5769303 | J8: =KAYA!I8*KAYA!Z8*KAYA!AQ8*KAYA!BH8 -> 1110071.3 | ... S8: =KAYA!R8*KAYA!AI8*KAYA!AZ8*KAYA!BQ8 -> 331507.61
B9: 1996 | C9: =KAYA!B9*KAYA!S9*KAYA!AJ9*KAYA!BA9 -> 436496.62 | D9: =KAYA!C9*KAYA!T9*KAYA!AK9*KAYA!BB9 -> 3376352.7 | E9: =KAYA!D9*KAYA!U9*KAYA!AL9*KAYA!BC9 -> 1246029 | F9: =KAYA!E9*KAYA!V9*KAYA!AM9*KAYA!BD9 -> 1727191.4 | G9: =KAYA!F9*KAYA!W9*KAYA!AN9*KAYA!BE9 -> 8742.7979 | H9: =KAYA!G9*KAYA!X9*KAYA!AO9*KAYA!BF9 -> 79057.98 | I9: =KAYA!H9*KAYA!Y9*KAYA!AP9*KAYA!BG9 -> 5938551.1 | J9: =KAYA!I9*KAYA!Z9*KAYA!AQ9*KAYA!BH9 -> 1185727.7 | ... S9: =KAYA!R9*KAYA!AI9*KAYA!AZ9*KAYA!BQ9 -> 342482.08
B10: 1997 | C10: =KAYA!B10*KAYA!S10*KAYA!AJ10*KAYA!BA10 -> 458862.69 | D10: =KAYA!C10*KAYA!T10*KAYA!AK10*KAYA!BB10 -> 3471729.5 | E10: =KAYA!D10*KAYA!U10*KAYA!AL10*KAYA!BC10 -> 1231696.8 | F10: =KAYA!E10*KAYA!V10*KAYA!AM10*KAYA!BD10 -> 1607381.1 | G10: =KAYA!F10*KAYA!W10*KAYA!AN10*KAYA!BE10 -> 8569.3157 | H10: =KAYA!G10*KAYA!X10*KAYA!AO10*KAYA!BF10 -> 76671.966 | I10: =KAYA!H10*KAYA!Y10*KAYA!AP10*KAYA!BG10 -> 6227975.9 | J10: =KAYA!I10*KAYA!Z10*KAYA!AQ10*KAYA!BH10 -> 1252429.9 | ... S10: =KAYA!R10*KAYA!AI10*KAYA!AZ10*KAYA!BQ10 -> 353715.2
B11: 1998 | C11: =KAYA!B11*KAYA!S11*KAYA!AJ11*KAYA!BA11 -> 393614.15 | D11: =KAYA!C11*KAYA!T11*KAYA!AK11*KAYA!BB11 -> 3564606.2 | E11: =KAYA!D11*KAYA!U11*KAYA!AL11*KAYA!BC11 -> 1184390.4 | F11: =KAYA!E11*KAYA!V11*KAYA!AM11*KAYA!BD11 -> 1613220.9 | G11: =KAYA!F11*KAYA!W11*KAYA!AN11*KAYA!BE11 -> 8596.3138 | H11: =KAYA!G11*KAYA!X11*KAYA!AO11*KAYA!BF11 -> 62868.572 | I11: =KAYA!H11*KAYA!Y11*KAYA!AP11*KAYA!BG11 -> 6281934.6 | J11: =KAYA!I11*KAYA!Z11*KAYA!AQ11*KAYA!BH11 -> 1304115.2 | ... S11: =KAYA!R11*KAYA!AI11*KAYA!AZ11*KAYA!BQ11 -> 372570.5
B12: 1999 | C12: =KAYA!B12*KAYA!S12*KAYA!AJ12*KAYA!BA12 -> 430610.18 | D12: =KAYA!C12*KAYA!T12*KAYA!AK12*KAYA!BB12 -> 3493310.9 | E12: =KAYA!D12*KAYA!U12*KAYA!AL12*KAYA!BC12 -> 1225171.6 | F12: =KAYA!E12*KAYA!V12*KAYA!AM12*KAYA!BD12 -> 1660911.2 | G12: =KAYA!F12*KAYA!W12*KAYA!AN12*KAYA!BE12 -> 8653.9361 | H12: =KAYA!G12*KAYA!X12*KAYA!AO12*KAYA!BF12 -> 68566.356 | I12: =KAYA!H12*KAYA!Y12*KAYA!AP12*KAYA!BG12 -> 6310488 | J12: =KAYA!I12*KAYA!Z12*KAYA!AQ12*KAYA!BH12 -> 1293950.8 | ... S12: =KAYA!R12*KAYA!AI12*KAYA!AZ12*KAYA!BQ12 -> 380162.15
B13: 2000 | C13: =KAYA!B13*KAYA!S13*KAYA!AJ13*KAYA!BA13 -> 466403.11 | D13: =KAYA!C13*KAYA!T13*KAYA!AK13*KAYA!BB13 -> 3689778.3 | E13: =KAYA!D13*KAYA!U13*KAYA!AL13*KAYA!BC13 -> 1243576.8 | F13: =KAYA!E13*KAYA!V13*KAYA!AM13*KAYA!BD13 -> 1681152.1 | G13: =KAYA!F13*KAYA!W13*KAYA!AN13*KAYA!BE13 -> 9040.4928 | H13: =KAYA!G13*KAYA!X13*KAYA!AO13*KAYA!BF13 -> 73806.333 | I13: =KAYA!H13*KAYA!Y13*KAYA!AP13*KAYA!BG13 -> 6497071 | J13: =KAYA!I13*KAYA!Z13*KAYA!AQ13*KAYA!BH13 -> 1333142.4 | ... S13: =KAYA!R13*KAYA!AI13*KAYA!AZ13*KAYA!BQ13 -> 386893.79
B14: 2001 | C14: =KAYA!B14*KAYA!S14*KAYA!AJ14*KAYA!BA14 -> 477110.97 | D14: =KAYA!C14*KAYA!T14*KAYA!AK14*KAYA!BB14 -> 3866914.8 | E14: =KAYA!D14*KAYA!U14*KAYA!AL14*KAYA!BC14 -> 1229989.5 | F14: =KAYA!E14*KAYA!V14*KAYA!AM14*KAYA!BD14 -> 1684276.8 | G14: =KAYA!F14*KAYA!W14*KAYA!AN14*KAYA!BE14 -> 9012.3217 | H14: =KAYA!G14*KAYA!X14*KAYA!AO14*KAYA!BF14 -> 76673.024 | I14: =KAYA!H14*KAYA!Y14*KAYA!AP14*KAYA!BG14 -> 6436885.7 | J14: =KAYA!I14*KAYA!Z14*KAYA!AQ14*KAYA!BH14 -> 1335077.6 | ... S14: =KAYA!R14*KAYA!AI14*KAYA!AZ14*KAYA!BQ14 -> 395335.91
B15: 2002 | C15: =KAYA!B15*KAYA!S15*KAYA!AJ15*KAYA!BA15 -> 494470.38 | D15: =KAYA!C15*KAYA!T15*KAYA!AK15*KAYA!BB15 -> 4174024.3 | E15: =KAYA!D15*KAYA!U15*KAYA!AL15*KAYA!BC15 -> 1264500.9 | F15: =KAYA!E15*KAYA!V15*KAYA!AM15*KAYA!BD15 -> 1675294.7 | G15: =KAYA!F15*KAYA!W15*KAYA!AN15*KAYA!BE15 -> 9658.0318 | H15: =KAYA!G15*KAYA!X15*KAYA!AO15*KAYA!BF15 -> 73443.086 | I15: =KAYA!H15*KAYA!Y15*KAYA!AP15*KAYA!BG15 -> 6300956.4 | J15: =KAYA!I15*KAYA!Z15*KAYA!AQ15*KAYA!BH15 -> 1340822.3 | ... S15: =KAYA!R15*KAYA!AI15*KAYA!AZ15*KAYA!BQ15 -> 403644.4
... B37: 2024 | C37: =KAYA!B37*KAYA!S37*KAYA!AJ37*KAYA!BA37 -> 584717.55 | D37: =KAYA!C37*KAYA!T37*KAYA!AK37*KAYA!BB37 -> 13259466 | E37: =KAYA!D37*KAYA!U37*KAYA!AL37*KAYA!BC37 -> 974856.48 | F37: =KAYA!E37*KAYA!V37*KAYA!AM37*KAYA!BD37 -> 2033357.1 | G37: =KAYA!F37*KAYA!W37*KAYA!AN37*KAYA!BE37 -> 28591.794 | H37: =KAYA!G37*KAYA!X37*KAYA!AO37*KAYA!BF37 -> 71741.038 | I37: =KAYA!H37*KAYA!Y37*KAYA!AP37*KAYA!BG37 -> 5168513.4 | J37: =KAYA!I37*KAYA!Z37*KAYA!AQ37*KAYA!BH37 -> 1744696.2 | ... S37: =KAYA!R37*KAYA!AI37*KAYA!AZ37*KAYA!BQ37 -> 403590.16
A38: Projection | B38: 2025 | C38: =KAYA!B38*KAYA!S38*KAYA!AJ38*KAYA!BA38 -> 584541.99 | D38: =KAYA!C38*KAYA!T38*KAYA!AK38*KAYA!BB38 -> 13428804 | E38: =KAYA!D38*KAYA!U38*KAYA!AL38*KAYA!BC38 -> 964064.75 | F38: =KAYA!E38*KAYA!V38*KAYA!AM38*KAYA!BD38 -> 2053803.3 | G38: =KAYA!F38*KAYA!W38*KAYA!AN38*KAYA!BE38 -> 29796.009 | H38: =KAYA!G38*KAYA!X38*KAYA!AO38*KAYA!BF38 -> 79056.14 | I38: =KAYA!H38*KAYA!Y38*KAYA!AP38*KAYA!BG38 -> 5133224.4 | J38: =KAYA!I38*KAYA!Z38*KAYA!AQ38*KAYA!BH38 -> 1769667.8 | ... S38: =KAYA!R38*KAYA!AI38*KAYA!AZ38*KAYA!BQ38 -> 404477.7
B39: 2026 | C39: =KAYA!B39*KAYA!S39*KAYA!AJ39*KAYA!BA39 -> 580520.3 | D39: =KAYA!C39*KAYA!T39*KAYA!AK39*KAYA!BB39 -> 13525992 | E39: =KAYA!D39*KAYA!U39*KAYA!AL39*KAYA!BC39 -> 947474.95 | F39: =KAYA!E39*KAYA!V39*KAYA!AM39*KAYA!BD39 -> 2088654.5 | G39: =KAYA!F39*KAYA!W39*KAYA!AN39*KAYA!BE39 -> 30755.313 | H39: =KAYA!G39*KAYA!X39*KAYA!AO39*KAYA!BF39 -> 87060.39 | I39: =KAYA!H39*KAYA!Y39*KAYA!AP39*KAYA!BG39 -> 5076845.7 | J39: =KAYA!I39*KAYA!Z39*KAYA!AQ39*KAYA!BH39 -> 1786753.4 | ... S39: =KAYA!R39*KAYA!AI39*KAYA!AZ39*KAYA!BQ39 -> 403607.52
B40: 2027 | C40: =KAYA!B40*KAYA!S40*KAYA!AJ40*KAYA!BA40 -> 578708.99 | D40: =KAYA!C40*KAYA!T40*KAYA!AK40*KAYA!BB40 -> 13620265 | E40: =KAYA!D40*KAYA!U40*KAYA!AL40*KAYA!BC40 -> 931806.67 | F40: =KAYA!E40*KAYA!V40*KAYA!AM40*KAYA!BD40 -> 2109207.9 | G40: =KAYA!F40*KAYA!W40*KAYA!AN40*KAYA!BE40 -> 31911.996 | H40: =KAYA!G40*KAYA!X40*KAYA!AO40*KAYA!BF40 -> 96253.652 | I40: =KAYA!H40*KAYA!Y40*KAYA!AP40*KAYA!BG40 -> 5016469.2 | J40: =KAYA!I40*KAYA!Z40*KAYA!AQ40*KAYA!BH40 -> 1795760.4 | ... S40: =KAYA!R40*KAYA!AI40*KAYA!AZ40*KAYA!BQ40 -> 403343.36
B41: 2028 | C41: =KAYA!B41*KAYA!S41*KAYA!AJ41*KAYA!BA41 -> 572827.46 | D41: =KAYA!C41*KAYA!T41*KAYA!AK41*KAYA!BB41 -> 13654328 | E41: =KAYA!D41*KAYA!U41*KAYA!AL41*KAYA!BC41 -> 913561.13 | F41: =KAYA!E41*KAYA!V41*KAYA!AM41*KAYA!BD41 -> 2149606.1 | G41: =KAYA!F41*KAYA!W41*KAYA!AN41*KAYA!BE41 -> 32954.63 | H41: =KAYA!G41*KAYA!X41*KAYA!AO41*KAYA!BF41 -> 106406.09 | I41: =KAYA!H41*KAYA!Y41*KAYA!AP41*KAYA!BG41 -> 4948386 | J41: =KAYA!I41*KAYA!Z41*KAYA!AQ41*KAYA!BH41 -> 1808644 | ... S41: =KAYA!R41*KAYA!AI41*KAYA!AZ41*KAYA!BQ41 -> 402355.54
B42: 2029 | C42: =KAYA!B42*KAYA!S42*KAYA!AJ42*KAYA!BA42 -> 569310.99 | D42: =KAYA!C42*KAYA!T42*KAYA!AK42*KAYA!BB42 -> 13693694 | E42: =KAYA!D42*KAYA!U42*KAYA!AL42*KAYA!BC42 -> 897641.13 | F42: =KAYA!E42*KAYA!V42*KAYA!AM42*KAYA!BD42 -> 2173517.9 | G42: =KAYA!F42*KAYA!W42*KAYA!AN42*KAYA!BE42 -> 34174.656 | H42: =KAYA!G42*KAYA!X42*KAYA!AO42*KAYA!BF42 -> 117836.72 | I42: =KAYA!H42*KAYA!Y42*KAYA!AP42*KAYA!BG42 -> 4880802.4 | J42: =KAYA!I42*KAYA!Z42*KAYA!AQ42*KAYA!BH42 -> 1816994.1 | ... S42: =KAYA!R42*KAYA!AI42*KAYA!AZ42*KAYA!BQ42 -> 401797.39
B43: 2030 | C43: =KAYA!B43*KAYA!S43*KAYA!AJ43*KAYA!BA43 -> 563123.08 | D43: =KAYA!C43*KAYA!T43*KAYA!AK43*KAYA!BB43 -> 13686697 | E43: =KAYA!D43*KAYA!U43*KAYA!AL43*KAYA!BC43 -> 881049.03 | F43: =KAYA!E43*KAYA!V43*KAYA!AM43*KAYA!BD43 -> 2211595.3 | G43: =KAYA!F43*KAYA!W43*KAYA!AN43*KAYA!BE43 -> 35275.112 | H43: =KAYA!G43*KAYA!X43*KAYA!AO43*KAYA!BF43 -> 130305.16 | I43: =KAYA!H43*KAYA!Y43*KAYA!AP43*KAYA!BG43 -> 4810022.1 | J43: =KAYA!I43*KAYA!Z43*KAYA!AQ43*KAYA!BH43 -> 1830617.7 | ... S43: =KAYA!R43*KAYA!AI43*KAYA!AZ43*KAYA!BQ43 -> 400554.14
B44: 2031 | C44: =KAYA!B44*KAYA!S44*KAYA!AJ44*KAYA!BA44 -> 557523.29 | D44: =KAYA!C44*KAYA!T44*KAYA!AK44*KAYA!BB44 -> 13675378 | E44: =KAYA!D44*KAYA!U44*KAYA!AL44*KAYA!BC44 -> 866103.5 | F44: =KAYA!E44*KAYA!V44*KAYA!AM44*KAYA!BD44 -> 2244800 | G44: =KAYA!F44*KAYA!W44*KAYA!AN44*KAYA!BE44 -> 36531.325 | H44: =KAYA!G44*KAYA!X44*KAYA!AO44*KAYA!BF44 -> 144212.15 | I44: =KAYA!H44*KAYA!Y44*KAYA!AP44*KAYA!BG44 -> 4739594.6 | J44: =KAYA!I44*KAYA!Z44*KAYA!AQ44*KAYA!BH44 -> 1844509.2 | ... S44: =KAYA!R44*KAYA!AI44*KAYA!AZ44*KAYA!BQ44 -> 399499.78
B45: 2032 | C45: =KAYA!B45*KAYA!S45*KAYA!AJ45*KAYA!BA45 -> 549743.15 | D45: =KAYA!C45*KAYA!T45*KAYA!AK45*KAYA!BB45 -> 13630429 | E45: =KAYA!D45*KAYA!U45*KAYA!AL45*KAYA!BC45 -> 850580.43 | F45: =KAYA!E45*KAYA!V45*KAYA!AM45*KAYA!BD45 -> 2292201.8 | G45: =KAYA!F45*KAYA!W45*KAYA!AN45*KAYA!BE45 -> 37774.951 | H45: =KAYA!G45*KAYA!X45*KAYA!AO45*KAYA!BF45 -> 159584.39 | I45: =KAYA!H45*KAYA!Y45*KAYA!AP45*KAYA!BG45 -> 4666159.5 | J45: =KAYA!I45*KAYA!Z45*KAYA!AQ45*KAYA!BH45 -> 1862953.3 | ... S45: =KAYA!R45*KAYA!AI45*KAYA!AZ45*KAYA!BQ45 -> 398133.51
B46: 2033 | C46: =KAYA!B46*KAYA!S46*KAYA!AJ46*KAYA!BA46 -> 543448.44 | D46: =KAYA!C46*KAYA!T46*KAYA!AK46*KAYA!BB46 -> 13584721 | E46: =KAYA!D46*KAYA!U46*KAYA!AL46*KAYA!BC46 -> 836500.83 | F46: =KAYA!E46*KAYA!V46*KAYA!AM46*KAYA!BD46 -> 2329249.3 | G46: =KAYA!F46*KAYA!W46*KAYA!AN46*KAYA!BE46 -> 39127.13 | H46: =KAYA!G46*KAYA!X46*KAYA!AO46*KAYA!BF46 -> 176810.32 | I46: =KAYA!H46*KAYA!Y46*KAYA!AP46*KAYA!BG46 -> 4593266.5 | J46: =KAYA!I46*KAYA!Z46*KAYA!AQ46*KAYA!BH46 -> 1879157.2 | ... S46: =KAYA!R46*KAYA!AI46*KAYA!AZ46*KAYA!BQ46 -> 396854.03
B47: 2034 | C47: =KAYA!B47*KAYA!S47*KAYA!AJ47*KAYA!BA47 -> 534801.57 | D47: =KAYA!C47*KAYA!T47*KAYA!AK47*KAYA!BB47 -> 13494908 | E47: =KAYA!D47*KAYA!U47*KAYA!AL47*KAYA!BC47 -> 821236.14 | F47: =KAYA!E47*KAYA!V47*KAYA!AM47*KAYA!BD47 -> 2379962.6 | G47: =KAYA!F47*KAYA!W47*KAYA!AN47*KAYA!BE47 -> 40416.912 | H47: =KAYA!G47*KAYA!X47*KAYA!AO47*KAYA!BF47 -> 195686.5 | I47: =KAYA!H47*KAYA!Y47*KAYA!AP47*KAYA!BG47 -> 4518049 | J47: =KAYA!I47*KAYA!Z47*KAYA!AQ47*KAYA!BH47 -> 1899271.6 | ... S47: =KAYA!R47*KAYA!AI47*KAYA!AZ47*KAYA!BQ47 -> 395236.03
B48: 2035 | C48: =KAYA!B48*KAYA!S48*KAYA!AJ48*KAYA!BA48 -> 527481.2 | D48: =KAYA!C48*KAYA!T48*KAYA!AK48*KAYA!BB48 -> 13396410 | E48: =KAYA!D48*KAYA!U48*KAYA!AL48*KAYA!BC48 -> 806868.22 | F48: =KAYA!E48*KAYA!V48*KAYA!AM48*KAYA!BD48 -> 2417658.5 | G48: =KAYA!F48*KAYA!W48*KAYA!AN48*KAYA!BE48 -> 41785.479 | H48: =KAYA!G48*KAYA!X48*KAYA!AO48*KAYA!BF48 -> 216723.2 | I48: =KAYA!H48*KAYA!Y48*KAYA!AP48*KAYA!BG48 -> 4444146.6 | J48: =KAYA!I48*KAYA!Z48*KAYA!AQ48*KAYA!BH48 -> 1916141.8 | ... S48: =KAYA!R48*KAYA!AI48*KAYA!AZ48*KAYA!BQ48 -> 393684
B49: 2036 | C49: =KAYA!B49*KAYA!S49*KAYA!AJ49*KAYA!BA49 -> 518265.44 | D49: =KAYA!C49*KAYA!T49*KAYA!AK49*KAYA!BB49 -> 13253992 | E49: =KAYA!D49*KAYA!U49*KAYA!AL49*KAYA!BC49 -> 791276.19 | F49: =KAYA!E49*KAYA!V49*KAYA!AM49*KAYA!BD49 -> 2466332.1 | G49: =KAYA!F49*KAYA!W49*KAYA!AN49*KAYA!BE49 -> 43079.987 | H49: =KAYA!G49*KAYA!X49*KAYA!AO49*KAYA!BF49 -> 239826.53 | I49: =KAYA!H49*KAYA!Y49*KAYA!AP49*KAYA!BG49 -> 4368503.2 | J49: =KAYA!I49*KAYA!Z49*KAYA!AQ49*KAYA!BH49 -> 1936224.1 | ... S49: =KAYA!R49*KAYA!AI49*KAYA!AZ49*KAYA!BQ49 -> 391826.26
B50: 2037 | C50: =KAYA!B50*KAYA!S50*KAYA!AJ50*KAYA!BA50 -> 510224.07 | D50: =KAYA!C50*KAYA!T50*KAYA!AK50*KAYA!BB50 -> 13106541 | E50: =KAYA!D50*KAYA!U50*KAYA!AL50*KAYA!BC50 -> 776485.8 | F50: =KAYA!E50*KAYA!V50*KAYA!AM50*KAYA!BD50 -> 2504874.5 | G50: =KAYA!F50*KAYA!W50*KAYA!AN50*KAYA!BE50 -> 44457.316 | H50: =KAYA!G50*KAYA!X50*KAYA!AO50*KAYA!BF50 -> 265716.48 | I50: =KAYA!H50*KAYA!Y50*KAYA!AP50*KAYA!BG50 -> 4293748 | J50: =KAYA!I50*KAYA!Z50*KAYA!AQ50*KAYA!BH50 -> 1954290.3 | ... S50: =KAYA!R50*KAYA!AI50*KAYA!AZ50*KAYA!BQ50 -> 389997.45
... B63: 2050 | C63: =KAYA!B63*KAYA!S63*KAYA!AJ63*KAYA!BA63 -> 390110.98 | D63: =KAYA!C63*KAYA!T63*KAYA!AK63*KAYA!BB63 -> 10691761 | E63: =KAYA!D63*KAYA!U63*KAYA!AL63*KAYA!BC63 -> 601363.5 | F63: =KAYA!E63*KAYA!V63*KAYA!AM63*KAYA!BD63 -> 3100630.3 | G63: =KAYA!F63*KAYA!W63*KAYA!AN63*KAYA!BE63 -> 64928.452 | H63: =KAYA!G63*KAYA!X63*KAYA!AO63*KAYA!BF63 -> 962330.13 | I63: =KAYA!H63*KAYA!Y63*KAYA!AP63*KAYA!BG63 -> 3353066.3 | J63: =KAYA!I63*KAYA!Z63*KAYA!AQ63*KAYA!BH63 -> 2207973.8 | ... S63: =KAYA!R63*KAYA!AI63*KAYA!AZ63*KAYA!BQ63 -> 359379.54

Sheet REF_Constraint
B1: BAU(REF) | S1: Frozen
B2: 01_KOR | C2: 02_CHN | D2: 03_JPN | E2: 04_RUS | F2: 05_MNG | G2: 06_PRK | H2: 07_NAM | I2: 08_LAM | J2: 09_WEU | K2: 10_EEU | L2: 11_RFSU | M2: 12_MEA | N2: 13_AFR | O2: 14_RCPA | P2: 15_SAS | Q2: 16_RPAS | R2: 17_RPAO | S2: 01_KOR | T2: 02_CHN | U2: 03_JPN | V2: 04_RUS | W2: 05_MNG | X2: 06_PRK | Y2: 07_NAM | Z2: 08_LAM | AA2: 09_WEU | AB2: 10_EEU | AC2: 11_RFSU | AD2: 12_MEA | AE2: 13_AFR | AF2: 14_RCPA | AG2: 15_SAS | AH2: 16_RPAS | AI2: 17_RPAO
A3: 2019 | B3: ='Emission Projection'!C32/'Emission Projection'!C$32 -> 1 | C3: ='Emission Projection'!D32/'Emission Projection'!D$32 -> 1 | D3: ='Emission Projection'!E32/'Emission Projection'!E$32 -> 1 | E3: ='Emission Projection'!F32/'Emission Projection'!F$32 -> 1 | F3: ='Emission Projection'!G32/'Emission Projection'!G$32 -> 1 | G3: ='Emission Projection'!H32/'Emission Projection'!H$32 -> 1 | H3: ='Emission Projection'!I32/'Emission Projection'!I$32 -> 1 | I3: ='Emission Projection'!J32/'Emission Projection'!J$32 -> 1 | ... R3: ='Emission Projection'!S32/'Emission Projection'!S$32 -> 1 | S3: 1 | T3: 1 | U3: 1 | V3: 1 | W3: 1 | X3: 1 | Y3: 1 | Z3: 1 | AA3: 1 | AB3: 1 | AC3: 1 | AD3: 1 | AE3: 1 | AF3: 1 | AG3: 1 | AH3: 1 | AI3: 1
A4: 2020 | B4: ='Emission Projection'!C33/'Emission Projection'!C$32 -> 0.94251925 | C4: ='Emission Projection'!D33/'Emission Projection'!D$32 -> 1.0119448 | D4: ='Emission Projection'!E33/'Emission Projection'!E$32 -> 0.94341937 | E4: ='Emission Projection'!F33/'Emission Projection'!F$32 -> 0.96027836 | F4: ='Emission Projection'!G33/'Emission Projection'!G$32 -> 0.88869347 | G4: ='Emission Projection'!H33/'Emission Projection'!H$32 -> 0.94052511 | H4: ='Emission Projection'!I33/'Emission Projection'!I$32 -> 0.89948768 | I4: ='Emission Projection'!J33/'Emission Projection'!J$32 -> 0.89463084 | ... R4: ='Emission Projection'!S33/'Emission Projection'!S$32 -> 0.95970339 | S4: 1.0189758 | T4: 1.0488713 | U4: 0.97631915 | V4: 0.98655375 | W4: 0.96368658 | X4: 0.99377874 | Y4: 0.99952669 | Z4: 0.95297742 | AA4: 0.9640744 | AB4: 0.98880029 | AC4: 0.99882274 | AD4: 0.99008242 | AE4: 0.98721824 | AF4: 1.012931 | AG4: 0.97924908 | AH4: 0.9772118 | AI4: 1.0180502
A5: 2021 | B5: ='Emission Projection'!C34/'Emission Projection'!C$32 -> 0.97523644 | C5: ='Emission Projection'!D34/'Emission Projection'!D$32 -> 1.0615554 | D5: ='Emission Projection'!E34/'Emission Projection'!E$32 -> 0.9611973 | E5: ='Emission Projection'!F34/'Emission Projection'!F$32 -> 1.0433032 | F5: ='Emission Projection'!G34/'Emission Projection'!G$32 -> 0.98236221 | G5: ='Emission Projection'!H34/'Emission Projection'!H$32 -> 0.78040798 | H5: ='Emission Projection'!I34/'Emission Projection'!I$32 -> 0.95333515 | I5: ='Emission Projection'!J34/'Emission Projection'!J$32 -> 0.97008318 | ... R5: ='Emission Projection'!S34/'Emission Projection'!S$32 -> 0.94224504 | S5: 1.0873052 | T5: 1.1473487 | U5: 1.0155744 | V5: 1.0477522 | W5: 0.98928351 | X5: 1.0134948 | Y5: 1.0722615 | Z5: 1.0266573 | AA5: 1.0406426 | AB5: 1.0657674 | AC5: 1.0432712 | AD5: 1.0416138 | AE5: 1.0321296 | AF5: 1.0585544 | AG5: 1.0579839 | AH5: 1.0305793 | AI5: 1.0685515
A6: 2022 | B6: ='Emission Projection'!C35/'Emission Projection'!C$32 -> 0.93672671 | C6: ='Emission Projection'!D35/'Emission Projection'!D$32 -> 1.0585541 | D6: ='Emission Projection'!E35/'Emission Projection'!E$32 -> 0.93476697 | E6: ='Emission Projection'!F35/'Emission Projection'!F$32 -> 1.0201673 | F6: ='Emission Projection'!G35/'Emission Projection'!G$32 -> 0.98499354 | G6: ='Emission Projection'!H35/'Emission Projection'!H$32 -> 0.81463972 | H6: ='Emission Projection'!I35/'Emission Projection'!I$32 -> 0.96706402 | I6: ='Emission Projection'!J35/'Emission Projection'!J$32 -> 0.97421021 | ... R6: ='Emission Projection'!S35/'Emission Projection'!S$32 -> 0.92145585 | S6: 1.1332783 | T6: 1.2033791 | U6: 1.0457078 | V6: 1.0455926 | W6: 1.0349946 | X6: 1.0438577 | Y6: 1.1229713 | Z6: 1.083096 | AA6: 1.088777 | AB6: 1.1145918 | AC6: 1.0010056 | AD6: 1.1220495 | AE6: 1.0879087 | AF6: 1.1168253 | AG6: 1.1486838 | AH6: 1.1015705 | AI6: 1.1315568
A7: 2023 | B7: ='Emission Projection'!C36/'Emission Projection'!C$32 -> 0.90133423 | C7: ='Emission Projection'!D36/'Emission Projection'!D$32 -> 1.1011081 | D7: ='Emission Projection'!E36/'Emission Projection'!E$32 -> 0.89199736 | E7: ='Emission Projection'!F36/'Emission Projection'!F$32 -> 1.0486008 | F7: ='Emission Projection'!G36/'Emission Projection'!G$32 -> 1.0717185 | G7: ='Emission Projection'!H36/'Emission Projection'!H$32 -> 0.89439837 | H7: ='Emission Projection'!I36/'Emission Projection'!I$32 -> 0.93029515 | I7: ='Emission Projection'!J36/'Emission Projection'!J$32 -> 0.98711213 | ... R7: ='Emission Projection'!S36/'Emission Projection'!S$32 -> 0.9193937 | S7: 1.1829471 | T7: 1.2736591 | U7: 1.0793488 | V7: 1.0924173 | W7: 1.1132794 | X7: 1.0849635 | Y7: 1.1649385 | Z7: 1.1176582 | AA7: 1.1190827 | AB7: 1.1420341 | AC7: 1.0586281 | AD7: 1.1401675 | AE7: 1.133862 | AF7: 1.1694095 | AG7: 1.2228488 | AH7: 1.1622868 | AI7: 1.1847295
A8: 2024 | B8: ='Emission Projection'!C37/'Emission Projection'!C$32 -> 0.89271206 | C8: ='Emission Projection'!D37/'Emission Projection'!D$32 -> 1.1183226 | D8: ='Emission Projection'!E37/'Emission Projection'!E$32 -> 0.86745438 | E8: ='Emission Projection'!F37/'Emission Projection'!F$32 -> 1.0943783 | F8: ='Emission Projection'!G37/'Emission Projection'!G$32 -> 1.1285256 | G8: ='Emission Projection'!H37/'Emission Projection'!H$32 -> 0.9772502 | H8: ='Emission Projection'!I37/'Emission Projection'!I$32 -> 0.92465791 | I8: ='Emission Projection'!J37/'Emission Projection'!J$32 -> 0.99045179 | ... R8: ='Emission Projection'!S37/'Emission Projection'!S$32 -> 0.90663068 | S8: 1.2203373 | T8: 1.3386411 | U8: 1.0827918 | V8: 1.14662 | W8: 1.1732807 | X8: 1.1380171 | Y8: 1.20484 | Z8: 1.1525328 | AA8: 1.135188 | AB8: 1.1717148 | AC8: 1.0811642 | AD8: 1.1714164 | AE8: 1.1840982 | AF8: 1.2254905 | AG8: 1.304584 | AH8: 1.2159742 | AI8: 1.2101811
A9: 2025 | B9: ='Emission Projection'!C38/'Emission Projection'!C$32 -> 0.89244403 | C9: ='Emission Projection'!D38/'Emission Projection'!D$32 -> 1.1326048 | D9: ='Emission Projection'!E38/'Emission Projection'!E$32 -> 0.8578516 | E9: ='Emission Projection'!F38/'Emission Projection'!F$32 -> 1.1053827 | F9: ='Emission Projection'!G38/'Emission Projection'!G$32 -> 1.1760563 | G9: ='Emission Projection'!H38/'Emission Projection'!H$32 -> 1.0768959 | H9: ='Emission Projection'!I38/'Emission Projection'!I$32 -> 0.91834463 | I9: ='Emission Projection'!J38/'Emission Projection'!J$32 -> 1.004628 | ... R9: ='Emission Projection'!S38/'Emission Projection'!S$32 -> 0.90862447 | S9: 1.2797824 | T9: 1.4014789 | U9: 1.1208082 | V9: 1.1700076 | W9: 1.2266418 | X9: 1.1965351 | Y9: 1.2525859 | Z9: 1.2010521 | AA9: 1.1863447 | AB9: 1.220737 | AC9: 1.1034498 | AD9: 1.215426 | AE9: 1.2403013 | AF9: 1.2887669 | AG9: 1.3737036 | AH9: 1.2822362 | AI9: 1.2677775
A10: 2026 | B10: ='Emission Projection'!C39/'Emission Projection'!C$32 -> 0.88630395 | C10: ='Emission Projection'!D39/'Emission Projection'!D$32 -> 1.1408018 | D10: ='Emission Projection'!E39/'Emission Projection'!E$32 -> 0.84308953 | E10: ='Emission Projection'!F39/'Emission Projection'!F$32 -> 1.12414 | F10: ='Emission Projection'!G39/'Emission Projection'!G$32 -> 1.2139203 | G10: ='Emission Projection'!H39/'Emission Projection'!H$32 -> 1.1859291 | H10: ='Emission Projection'!I39/'Emission Projection'!I$32 -> 0.90825837 | I10: ='Emission Projection'!J39/'Emission Projection'!J$32 -> 1.0143274 | ... R10: ='Emission Projection'!S39/'Emission Projection'!S$32 -> 0.90666967 | S10: 1.3084261 | T10: 1.4603509 | U10: 1.1404825 | V10: 1.1894512 | W10: 1.2707713 | X10: 1.2684099 | Y10: 1.2902722 | Z10: 1.2454518 | AA10: 1.2123664 | AB10: 1.2563783 | AC10: 1.1372031 | AD10: 1.2741294 | AE10: 1.2995634 | AF10: 1.3587858 | AG10: 1.4685585 | AH10: 1.3416461 | AI10: 1.3167961
A11: 2027 | B11: ='Emission Projection'!C40/'Emission Projection'!C$32 -> 0.88353855 | C11: ='Emission Projection'!D40/'Emission Projection'!D$32 -> 1.1487529 | D11: ='Emission Projection'!E40/'Emission Projection'!E$32 -> 0.82914746 | E11: ='Emission Projection'!F40/'Emission Projection'!F$32 -> 1.1352021 | F11: ='Emission Projection'!G40/'Emission Projection'!G$32 -> 1.2595749 | G11: ='Emission Projection'!H40/'Emission Projection'!H$32 -> 1.3111589 | H11: ='Emission Projection'!I40/'Emission Projection'!I$32 -> 0.89745687 | I11: ='Emission Projection'!J40/'Emission Projection'!J$32 -> 1.0194406 | ... R11: ='Emission Projection'!S40/'Emission Projection'!S$32 -> 0.90607626 | S11: 1.3584771 | T11: 1.5184839 | U11: 1.1725966 | V11: 1.2094329 | W11: 1.3207016 | X11: 1.3421543 | Y11: 1.3276094 | Z11: 1.284693 | AA11: 1.2538377 | AB11: 1.3035605 | AC11: 1.1808405 | AD11: 1.3233883 | AE11: 1.3613722 | AF11: 1.4359936 | AG11: 1.5422641 | AH11: 1.4083368 | AI11: 1.3708756
A12: 2028 | B12: ='Emission Projection'!C41/'Emission Projection'!C$32 -> 0.87455897 | C12: ='Emission Projection'!D41/'Emission Projection'!D$32 -> 1.1516258 | D12: ='Emission Projection'!E41/'Emission Projection'!E$32 -> 0.81291207 | E12: ='Emission Projection'!F41/'Emission Projection'!F$32 -> 1.156945 | F12: ='Emission Projection'!G41/'Emission Projection'!G$32 -> 1.3007279 | G12: ='Emission Projection'!H41/'Emission Projection'!H$32 -> 1.4494545 | H12: ='Emission Projection'!I41/'Emission Projection'!I$32 -> 0.88527665 | I12: ='Emission Projection'!J41/'Emission Projection'!J$32 -> 1.0267545 | ... R12: ='Emission Projection'!S41/'Emission Projection'!S$32 -> 0.90385721 | S12: 1.3930517 | T12: 1.5694557 | U12: 1.1875675 | V12: 1.2309866 | W12: 1.3664773 | X12: 1.4262858 | Y12: 1.3624075 | Z12: 1.3257142 | AA12: 1.2751382 | AB12: 1.3370797 | AC12: 1.2295057 | AD12: 1.3915261 | AE12: 1.4268326 | AF12: 1.5139673 | AG12: 1.6434167 | AH12: 1.4703869 | AI12: 1.4200314
A13: 2029 | B13: ='Emission Projection'!C42/'Emission Projection'!C$32 -> 0.86919024 | C13: ='Emission Projection'!D42/'Emission Projection'!D$32 -> 1.154946 | D13: ='Emission Projection'!E42/'Emission Projection'!E$32 -> 0.79874601 | E13: ='Emission Projection'!F42/'Emission Projection'!F$32 -> 1.1698146 | F13: ='Emission Projection'!G42/'Emission Projection'!G$32 -> 1.3488827 | G13: ='Emission Projection'!H42/'Emission Projection'!H$32 -> 1.6051615 | H13: ='Emission Projection'!I42/'Emission Projection'!I$32 -> 0.87318581 | I13: ='Emission Projection'!J42/'Emission Projection'!J$32 -> 1.0314948 | ... R13: ='Emission Projection'!S42/'Emission Projection'!S$32 -> 0.90260337 | S13: 1.4494693 | T13: 1.6227694 | U13: 1.2192 | V13: 1.2539493 | W13: 1.4198661 | X13: 1.5128419 | Y13: 1.4002958 | Z13: 1.3656601 | AA13: 1.3156159 | AB13: 1.3821879 | AC13: 1.281482 | AD13: 1.4448569 | AE13: 1.4968942 | AF13: 1.5939353 | AG13: 1.7248186 | AH13: 1.5399287 | AI13: 1.4755079
A14: 2030 | B14: ='Emission Projection'!C43/'Emission Projection'!C$32 -> 0.85974291 | C14: ='Emission Projection'!D43/'Emission Projection'!D$32 -> 1.1543559 | D14: ='Emission Projection'!E43/'Emission Projection'!E$32 -> 0.7839819 | E14: ='Emission Projection'!F43/'Emission Projection'!F$32 -> 1.1903083 | F14: ='Emission Projection'!G43/'Emission Projection'!G$32 -> 1.392318 | G14: ='Emission Projection'!H43/'Emission Projection'!H$32 -> 1.7750056 | H14: ='Emission Projection'!I43/'Emission Projection'!I$32 -> 0.86052307 | I14: ='Emission Projection'!J43/'Emission Projection'!J$32 -> 1.0392288 | ... R14: ='Emission Projection'!S43/'Emission Projection'!S$32 -> 0.89981052 | S14: 1.4768266 | T14: 1.6710245 | U14: 1.2404319 | V14: 1.2750002 | W14: 1.4646734 | X14: 1.6098344 | Y14: 1.4312821 | Z14: 1.410118 | AA14: 1.3419591 | AB14: 1.4162384 | AC14: 1.3319534 | AD14: 1.5107685 | AE14: 1.5726672 | AF14: 1.6686013 | AG14: 1.8250849 | AH14: 1.6041358 | AI14: 1.5261685
... A34: 2050 | B34: ='Emission Projection'!C63/'Emission Projection'!C$32 -> 0.5955983 | C34: ='Emission Projection'!D63/'Emission Projection'!D$32 -> 0.90175865 | D34: ='Emission Projection'!E63/'Emission Projection'!E$32 -> 0.53510995 | E34: ='Emission Projection'!F63/'Emission Projection'!F$32 -> 1.6687981 | F34: ='Emission Projection'!G63/'Emission Projection'!G$32 -> 2.5627431 | G34: ='Emission Projection'!H63/'Emission Projection'!H$32 -> 13.108777 | H34: ='Emission Projection'!I63/'Emission Projection'!I$32 -> 0.59987061 | I34: ='Emission Projection'!J63/'Emission Projection'!J$32 -> 1.2534512 | ... R34: ='Emission Projection'!S63/'Emission Projection'!S$32 -> 0.80731532 | S34: 1.8388908 | T34: 1.8666157 | U34: 1.5009929 | V34: 1.8312103 | W34: 2.5152263 | X34: 5.4268421 | Y34: 1.7797278 | Z34: 2.5565695 | AA34: 1.8714917 | AB34: 1.8866837 | AC34: 2.3572838 | AD34: 3.0393104 | AE34: 4.1754054 | AF34: 2.8399335 | AG34: 3.9028114 | AH34: 2.8161157 | AI34: 2.2694759
B35: =B34<S34 -> TRUE | C35: =C34<T34 -> TRUE | D35: =D34<U34 -> TRUE | E35: =E34<V34 -> TRUE | F35: =F34<W34 -> FALSE | G35: =G34<X34 -> FALSE | H35: =H34<Y34 -> TRUE | I35: =I34<Z34 -> TRUE | ... R35: =R34<AI34 -> TRUE
B36: BAU(REF)
B37: 01_KOR | C37: 02_CHN | D37: 03_JPN | E37: 04_RUS | F37: 05_MNG | G37: 06_PRK | H37: 07_NAM | I37: 08_LAM | J37: 09_WEU | K37: 10_EEU | L37: 11_RFSU | M37: 12_MEA | N37: 13_AFR | O37: 14_RCPA | P37: 15_SAS | Q37: 16_RPAS | R37: 17_RPAO
A38: 2019 | B38: =B3 -> 1 | C38: =C3 -> 1 | D38: =D3 -> 1 | E38: =E3 -> 1 | F38: =AC3 -> 1 | G38: =AE3 -> 1 | H38: =H3 -> 1 | I38: =I3 -> 1 | J38: =J3 -> 1 | K38: =K3 -> 1 | L38: =L3 -> 1 | M38: =M3 -> 1 | N38: =N3 -> 1 | O38: =P3 -> 1 | P38: =P3 -> 1 | Q38: =Q3 -> 1 | R38: =R3 -> 1 | T38: 1 | U38: 1 | V38: 1 | W38: 1 | X38: 1 | Y38: 1 | Z38: 1 | AA38: 1 | AB38: 1 | AC38: 1 | AD38: 1 | AE38: 1 | AF38: 1 | AG38: 1 | AH38: 1 | AI38: 1 | AJ38: 1
A39: 2020 | B39: =B4 -> 0.94251925 | C39: =C4 -> 1.0119448 | D39: =D4 -> 0.94341937 | E39: =E4 -> 0.96027836 | F39: =AC4 -> 0.99882274 | G39: =AE4 -> 0.98721824 | H39: =H4 -> 0.89948768 | I39: =I4 -> 0.89463084 | J39: =J4 -> 0.91532648 | K39: =K4 -> 0.94137664 | L39: =L4 -> 1.0061627 | M39: =M4 -> 0.98747164 | N39: =N4 -> 0.95129196 | O39: =P4 -> 0.93991723 | P39: =P4 -> 0.93991723 | Q39: =Q4 -> 0.96165044 | R39: =R4 -> 0.95970339 | T39: 0.94251925 | U39: 1.0119448 | V39: 0.94341937 | W39: 0.96027836 | X39: 0.99882274 | Y39: 0.98721824 | Z39: 0.89948768 | AA39: 0.89463084 | AB39: 0.91532648 | AC39: 0.94137664 | AD39: 1.0061627 | AE39: 0.98747164 | AF39: 0.95129196 | AG39: 0.93991723 | AH39: 0.93991723 | AI39: 0.96165044 | AJ39: 0.95970339
A40: 2021 | B40: =B5 -> 0.97523644 | C40: =C5 -> 1.0615554 | D40: =D5 -> 0.9611973 | E40: =E5 -> 1.0433032 | F40: =AC5 -> 1.0432712 | G40: =AE5 -> 1.0321296 | H40: =H5 -> 0.95333515 | I40: =I5 -> 0.97008318 | J40: =J5 -> 0.97649039 | K40: =K5 -> 1.0049396 | L40: =L5 -> 1.067441 | M40: =M5 -> 1.03779 | N40: =N5 -> 0.99145784 | O40: =P5 -> 1.0302986 | P40: =P5 -> 1.0302986 | Q40: =Q5 -> 0.98573982 | R40: =R5 -> 0.94224504 | T40: 0.97523644 | U40: 1.0615554 | V40: 0.9611973 | W40: 1.0433032 | X40: 1.0432712 | Y40: 1.0321296 | Z40: 0.95333515 | AA40: 0.97008318 | AB40: 0.97649039 | AC40: 1.0049396 | AD40: 1.067441 | AE40: 1.03779 | AF40: 0.99145784 | AG40: 1.0302986 | AH40: 1.0302986 | AI40: 0.98573982 | AJ40: 0.94224504
A41: 2022 | B41: =B6 -> 0.93672671 | C41: =C6 -> 1.0585541 | D41: =D6 -> 0.93476697 | E41: =E6 -> 1.0201673 | F41: =AC6 -> 1.0010056 | G41: =AE6 -> 1.0879087 | H41: =H6 -> 0.96706402 | I41: =I6 -> 0.97421021 | J41: =J6 -> 0.95157911 | K41: =K6 -> 0.97171721 | L41: =L6 -> 0.97521315 | M41: =M6 -> 1.0614188 | N41: =N6 -> 0.9834303 | O41: =P6 -> 1.1034357 | P41: =P6 -> 1.1034357 | Q41: =Q6 -> 1.0609879 | R41: =R6 -> 0.92145585 | T41: 0.93672671 | U41: 1.0585541 | V41: 0.93476697 | W41: 1.0201673 | X41: 1.0010056 | Y41: 1.0879087 | Z41: 0.96706402 | AA41: 0.97421021 | AB41: 0.95157911 | AC41: 0.97171721 | AD41: 0.97521315 | AE41: 1.0614188 | AF41: 0.9834303 | AG41: 1.1034357 | AH41: 1.1034357 | AI41: 1.0609879 | AJ41: 0.92145585
A42: 2023 | B42: =B7 -> 0.90133423 | C42: =C7 -> 1.1011081 | D42: =D7 -> 0.89199736 | E42: =E7 -> 1.0486008 | F42: =AC7 -> 1.0586281 | G42: =AE7 -> 1.133862 | H42: =H7 -> 0.93029515 | I42: =I7 -> 0.98711213 | J42: =J7 -> 0.88890527 | K42: =K7 -> 0.88192991 | L42: =L7 -> 0.98529265 | M42: =M7 -> 1.0924149 | N42: =N7 -> 0.97528909 | O42: =P7 -> 1.1654617 | P42: =P7 -> 1.1654617 | Q42: =Q7 -> 1.0893013 | R42: =R7 -> 0.9193937 | T42: 0.90133423 | U42: 1.1011081 | V42: 0.89199736 | W42: 1.0486008 | X42: 1.0586281 | Y42: 1.133862 | Z42: 0.93029515 | AA42: 0.98711213 | AB42: 0.88890527 | AC42: 0.88192991 | AD42: 0.98529265 | AE42: 1.0924149 | AF42: 0.97528909 | AG42: 1.1654617 | AH42: 1.1654617 | AI42: 1.0893013 | AJ42: 0.9193937
A43: 2024 | B43: =B8 -> 0.89271206 | C43: =C8 -> 1.1183226 | D43: =D8 -> 0.86745438 | E43: =E8 -> 1.0943783 | F43: =AC8 -> 1.0811642 | G43: =AE8 -> 1.1840982 | H43: =H8 -> 0.92465791 | I43: =I8 -> 0.99045179 | J43: =J8 -> 0.87125778 | K43: =K8 -> 0.86721408 | L43: =L8 -> 0.9811344 | M43: =M8 -> 1.1003954 | N43: =N8 -> 0.99742091 | O43: =P8 -> 1.2103557 | P43: =P8 -> 1.2103557 | Q43: =Q8 -> 1.127678 | R43: =R8 -> 0.90663068 | T43: 0.89271206 | U43: 1.1183226 | V43: 0.86745438 | W43: 1.0943783 | X43: 1.0811642 | Y43: 1.1840982 | Z43: 0.92465791 | AA43: 0.99045179 | AB43: 0.87125778 | AC43: 0.86721408 | AD43: 0.9811344 | AE43: 1.1003954 | AF43: 0.99742091 | AG43: 1.2103557 | AH43: 1.2103557 | AI43: 1.127678 | AJ43: 0.90663068
A44: 2025 | B44: =B9 -> 0.89244403 | C44: =C9 -> 1.1326048 | D44: =D9 -> 0.8578516 | E44: =E9 -> 1.1053827 | F44: =AC9 -> 1.1034498 | G44: =AE9 -> 1.2403013 | H44: =H9 -> 0.91834463 | I44: =I9 -> 1.004628 | J44: =J9 -> 0.86864966 | K44: =K9 -> 0.86311407 | L44: =L9 -> 0.97451973 | M44: =M9 -> 1.1211564 | N44: =N9 -> 1.0164637 | O44: =P9 -> 1.2647273 | P44: =P9 -> 1.2647273 | Q44: =Q9 -> 1.1669741 | R44: =R9 -> 0.90862447 | T44: 0.89244403 | U44: 1.1326048 | V44: 0.8578516 | W44: 1.1053827 | X44: 1.1034498 | Y44: 1.2403013 | Z44: 0.91834463 | AA44: 1.004628 | AB44: 0.86864966 | AC44: 0.86311407 | AD44: 0.97451973 | AE44: 1.1211564 | AF44: 1.0164637 | AG44: 1.2647273 | AH44: 1.2647273 | AI44: 1.1669741 | AJ44: 0.90862447
A45: 2026 | B45: =B10 -> 0.88630395 | C45: =C10 -> 1.1408018 | D45: =D10 -> 0.84308953 | E45: =E10 -> 1.12414 | F45: =AC10 -> 1.1372031 | G45: =AE10 -> 1.2995634 | H45: =H10 -> 0.90825837 | I45: =I10 -> 1.0143274 | J45: =J10 -> 0.85929764 | K45: =K10 -> 0.8542881 | L45: =L10 -> 0.98261175 | M45: =M10 -> 1.161509 | N45: =N10 -> 1.0425963 | O45: =P10 -> 1.3108072 | P45: =P10 -> 1.3108072 | Q45: =Q10 -> 1.2021865 | R45: =R10 -> 0.90666967 | T45: 0.88630395 | U45: 1.1408018 | V45: 0.84308953 | W45: 1.12414 | X45: 1.1372031 | Y45: 1.2995634 | Z45: 0.90825837 | AA45: 1.0143274 | AB45: 0.85929764 | AC45: 0.8542881 | AD45: 0.98261175 | AE45: 1.161509 | AF45: 1.0425963 | AG45: 1.3108072 | AH45: 1.3108072 | AI45: 1.2021865 | AJ45: 0.90666967
A46: 2027 | B46: =B11 -> 0.88353855 | C46: =C11 -> 1.1487529 | D46: =D11 -> 0.82914746 | E46: =E11 -> 1.1352021 | F46: =AC11 -> 1.1808405 | G46: =AE11 -> 1.3613722 | H46: =H11 -> 0.89745687 | I46: =I11 -> 1.0194406 | J46: =J11 -> 0.84963854 | K46: =K11 -> 0.84729611 | L46: =L11 -> 0.99115246 | M46: =M11 -> 1.1847393 | N46: =N11 -> 1.062941 | O46: =P11 -> 1.3655004 | P46: =P11 -> 1.3655004 | Q46: =Q11 -> 1.2418419 | R46: =R11 -> 0.90607626 | T46: 0.88353855 | U46: 1.1487529 | V46: 0.82914746 | W46: 1.1352021 | X46: 1.1808405 | Y46: 1.3613722 | Z46: 0.89745687 | AA46: 1.0194406 | AB46: 0.84963854 | AC46: 0.84729611 | AD46: 0.99115246 | AE46: 1.1847393 | AF46: 1.062941 | AG46: 1.3655004 | AH46: 1.3655004 | AI46: 1.2418419 | AJ46: 0.90607626
A47: 2028 | B47: =B12 -> 0.87455897 | C47: =C12 -> 1.1516258 | D47: =D12 -> 0.81291207 | E47: =E12 -> 1.156945 | F47: =AC12 -> 1.2295057 | G47: =AE12 -> 1.4268326 | H47: =H12 -> 0.88527665 | I47: =I12 -> 1.0267545 | J47: =J12 -> 0.83744941 | K47: =K12 -> 0.8364272 | L47: =L12 -> 1.0130901 | M47: =M12 -> 1.2332669 | N47: =N12 -> 1.0938931 | O47: =P12 -> 1.411557 | P47: =P12 -> 1.411557 | Q47: =Q12 -> 1.2776835 | R47: =R12 -> 0.90385721 | T47: 0.87455897 | U47: 1.1516258 | V47: 0.81291207 | W47: 1.156945 | X47: 1.2295057 | Y47: 1.4268326 | Z47: 0.88527665 | AA47: 1.0267545 | AB47: 0.83744941 | AC47: 0.8364272 | AD47: 1.0130901 | AE47: 1.2332669 | AF47: 1.0938931 | AG47: 1.411557 | AH47: 1.411557 | AI47: 1.2776835 | AJ47: 0.90385721
A48: 2029 | B48: =B13 -> 0.86919024 | C48: =C13 -> 1.154946 | D48: =D13 -> 0.79874601 | E48: =E13 -> 1.1698146 | F48: =AC13 -> 1.281482 | G48: =AE13 -> 1.4968942 | H48: =H13 -> 0.87318581 | I48: =I13 -> 1.0314948 | J48: =J13 -> 0.82651123 | K48: =K13 -> 0.82741311 | L48: =L13 -> 1.0269828 | M48: =M13 -> 1.2595005 | N48: =N13 -> 1.117881 | O48: =P13 -> 1.4656169 | P48: =P13 -> 1.4656169 | Q48: =Q13 -> 1.3170281 | R48: =R13 -> 0.90260337 | T48: 0.86919024 | U48: 1.154946 | V48: 0.79874601 | W48: 1.1698146 | X48: 1.281482 | Y48: 1.4968942 | Z48: 0.87318581 | AA48: 1.0314948 | AB48: 0.82651123 | AC48: 0.82741311 | AD48: 1.0269828 | AE48: 1.2595005 | AF48: 1.117881 | AG48: 1.4656169 | AH48: 1.4656169 | AI48: 1.3170281 | AJ48: 0.90260337
A49: 2030 | B49: =B14 -> 0.85974291 | C49: =C14 -> 1.1543559 | D49: =D14 -> 0.7839819 | E49: =E14 -> 1.1903083 | F49: =AC14 -> 1.3319534 | G49: =AE14 -> 1.5726672 | H49: =H14 -> 0.86052307 | I49: =I14 -> 1.0392288 | J49: =J14 -> 0.81485381 | K49: =K14 -> 0.81539225 | L49: =L14 -> 1.0441252 | M49: =M14 -> 1.3009921 | N49: =N14 -> 1.1493808 | O49: =P14 -> 1.5116927 | P49: =P14 -> 1.5116927 | Q49: =Q14 -> 1.3522978 | R49: =R14 -> 0.89981052 | T49: 0.85974291 | U49: 1.1543559 | V49: 0.7839819 | W49: 1.1903083 | X49: 1.3319534 | Y49: 1.5726672 | Z49: 0.86052307 | AA49: 1.0392288 | AB49: 0.81485381 | AC49: 0.81539225 | AD49: 1.0441252 | AE49: 1.3009921 | AF49: 1.1493808 | AG49: 1.5116927 | AH49: 1.5116927 | AI49: 1.3522978 | AJ49: 0.89981052
... A69: 2050 | B69: =B34 -> 0.5955983 | C69: =C34 -> 0.90175865 | D69: =D34 -> 0.53510995 | E69: =E34 -> 1.6687981 | F69: =AC34 -> 2.3572838 | G69: =AE34 -> 4.1754054 | H69: =H34 -> 0.59987061 | I69: =I34 -> 1.2534512 | J69: =J34 -> 0.59575483 | K69: =K34 -> 0.51510048 | L69: =L34 -> 1.1919125 | M69: =M34 -> 2.0910886 | N69: =N34 -> 2.0048993 | O69: =P34 -> 2.2580899 | P69: =P34 -> 2.2580899 | Q69: =Q34 -> 1.8879467 | R69: =R34 -> 0.80731532 | T69: 0.5955983 | U69: 0.90175865 | V69: 0.53510995 | W69: 1.6687981 | X69: 2.3572838 | Y69: 4.1754054 | Z69: 0.59987061 | AA69: 1.2534512 | AB69: 0.59575483 | AC69: 0.51510048 | AD69: 1.1919125 | AE69: 2.0910886 | AF69: 2.0048993 | AG69: 2.2580899 | AH69: 2.2580899 | AI69: 1.8879467 | AJ69: 0.80731532
B70: =B69<S34 -> TRUE | C70: =C69<T34 -> TRUE | D70: =D69<U34 -> TRUE | E70: =E69<V34 -> TRUE | F70: =F69<W34 -> TRUE | G70: =G69<X34 -> TRUE | H70: =H69<Y34 -> TRUE | I70: =I69<Z34 -> TRUE | ... R70: =R69<AI34 -> TRUE

Sheet NDC_Constraint
A1: 지역 코드 | B1: 지역명 (추정) | C1: 기존 2030 NDC | D1: 추천안 (넷제로 연계 경로) | E1: 대안 (2030 트렌드 연장)
A2: 01_KOR | B2: 한국 | C2: 0.66 | D2: 0.52 | E2: 0.51
A3: 02_CHN | B3: 중국 | C3: 0.97 | D3: 0.79 | E3: 0.96
A4: 03_JPN | B4: 일본 | C4: 0.67 | D4: 0.53 | E4: 0.52
A5: 04_RUS | B5: 러시아 | C5: 1.13 | D5: 0.98 | E5: 1.19
A6: 05_MNG | B6: 몽골 | C6: 1.13 | D6: 0.98 | E6: 1.19
A7: 06_PRK | B7: 북한 | C7: 1.13 | D7: 0.98 | E7: 1.19
A8: 07_NAM | B8: 북미 (미국·캐나다) | C8: 0.5 | D8: 0.39 | E8: 0.27
A9: 08_LAM | B9: 라틴아메리카 | C9: 0.97 | D9: 0.79 | E9: 0.96
A10: 09_WEU | B10: 서유럽 (EU 등) | C10: 0.5 | D10: 0.39 | E10: 0.27
A11: 10_EEU | B11: 동유럽 | C11: 0.5 | D11: 0.39 | E11: 0.27
A12: 11_RFSU | B12: 구소련 잔여지역 | C12: 0.97 | D12: 0.79 | E12: 0.96
A13: 12_MEA | B13: 중동 | C13: 0.97 | D13: 0.79 | E13: 0.96
... A18: 17_RPAO | B18: 아태 선진지역 (오세아니아) | C18: 0.66 | D18: 0.52 | E18: 0.51
C20: 2019 | D20: 2020 | E20: 2021 | F20: 2022 | G20: 2023 | H20: 2024 | I20: 2025 | J20: 2026 | K20: 2027 | L20: 2028 | M20: 2029 | N20: 2030 | O20: 2031 | P20: 2032 | Q20: 2033 | R20: 2034 | S20: 2035 | T20: 2036 | U20: 2037 | V20: 2038 | W20: 2039 | X20: 2040 | Y20: 2041 | Z20: 2042 | AA20: 2043 | AB20: 2044 | AC20: 2045 | AD20: 2046 | AE20: 2047 | AF20: 2048 | AG20: 2049 | AH20: 2050
A21: PERMIT_NDC | B21: 01_KOR | C21: 1 | D21: 0.97 | E21: 0.94 | F21: 0.91 | G21: 0.88 | H21: 0.84 | I21: 0.81 | J21: 0.78 | K21: 0.75 | L21: 0.72 | M21: 0.69 | N21: 0.66 | O21: =($S21-$N21)/5+N21 -> 0.63 | P21: =($S21-$N21)/5+O21 -> 0.6 | Q21: =($S21-$N21)/5+P21 -> 0.57 | R21: =($S21-$N21)/5+Q21 -> 0.54 | S21: =E2 -> 0.51 | T21: =($AH21-$S21)/15+S21 -> 0.49918661 | U21: =($AH21-$S21)/15+T21 -> 0.48837322 | V21: =($AH21-$S21)/15+U21 -> 0.47755983 | W21: =($AH21-$S21)/15+V21 -> 0.46674644 | X21: =($AH21-$S21)/15+W21 -> 0.45593305 | Y21: =($AH21-$S21)/15+X21 -> 0.44511966 | Z21: =($AH21-$S21)/15+Y21 -> 0.43430627 | AA21: =($AH21-$S21)/15+Z21 -> 0.42349288 | ... AG21: =($AH21-$S21)/15+AF21 -> 0.35861254 | AH21: =AVERAGE(AH39,AH56) -> 0.34779915
A22: PERMIT_NDC | B22: 02_CHN | C22: 1 | D22: 1 | E22: 0.99 | F22: 0.99 | G22: 0.99 | H22: 0.99 | I22: 0.98 | J22: 0.98 | K22: 0.98 | L22: 0.98 | M22: 0.97 | N22: 0.97 | O22: =($S22-$N22)/5+N22 -> 0.968 | P22: =($S22-$N22)/5+O22 -> 0.966 | Q22: =($S22-$N22)/5+P22 -> 0.964 | R22: =($S22-$N22)/5+Q22 -> 0.962 | S22: =E3 -> 0.96 | T22: =($AH22-$S22)/15+S22 -> 0.93439195 | U22: =($AH22-$S22)/15+T22 -> 0.90878391 | V22: =($AH22-$S22)/15+U22 -> 0.88317586 | W22: =($AH22-$S22)/15+V22 -> 0.85756782 | X22: =($AH22-$S22)/15+W22 -> 0.83195977 | Y22: =($AH22-$S22)/15+X22 -> 0.80635173 | Z22: =($AH22-$S22)/15+Y22 -> 0.78074368 | AA22: =($AH22-$S22)/15+Z22 -> 0.75513564 | ... AG22: =($AH22-$S22)/15+AF22 -> 0.60148737 | AH22: =AVERAGE(AH40,AH57) -> 0.57587932
A23: PERMIT_NDC | B23: 03_JPN | C23: 1 | D23: 0.97 | E23: 0.94 | F23: 0.91 | G23: 0.88 | H23: 0.85 | I23: 0.82 | J23: 0.79 | K23: 0.76 | L23: 0.73 | M23: 0.7 | N23: 0.67 | O23: =($S23-$N23)/5+N23 -> 0.64 | P23: =($S23-$N23)/5+O23 -> 0.61 | Q23: =($S23-$N23)/5+P23 -> 0.58 | R23: =($S23-$N23)/5+Q23 -> 0.55 | S23: =E4 -> 0.52 | T23: =($AH23-$S23)/15+S23 -> 0.50650367 | U23: =($AH23-$S23)/15+T23 -> 0.49300733 | V23: =($AH23-$S23)/15+U23 -> 0.479511 | W23: =($AH23-$S23)/15+V23 -> 0.46601466 | X23: =($AH23-$S23)/15+W23 -> 0.45251833 | Y23: =($AH23-$S23)/15+X23 -> 0.43902199 | Z23: =($AH23-$S23)/15+Y23 -> 0.42552566 | AA23: =($AH23-$S23)/15+Z23 -> 0.41202932 | ... AG23: =($AH23-$S23)/15+AF23 -> 0.33105131 | AH23: =AVERAGE(AH41,AH58) -> 0.31755498
A24: PERMIT_NDC | B24: 04_RUS | C24: 1 | D24: 1.01 | E24: 1.02 | F24: 1.04 | G24: 1.05 | H24: 1.06 | I24: 1.07 | J24: 1.09 | K24: 1.1 | L24: 1.11 | M24: 1.12 | N24: 1.13 | O24: =($S24-$N24)/5+N24 -> 1.142 | P24: =($S24-$N24)/5+O24 -> 1.154 | Q24: =($S24-$N24)/5+P24 -> 1.166 | R24: =($S24-$N24)/5+Q24 -> 1.178 | S24: =E5 -> 1.19 | T24: =($AH24-$S24)/15+S24 -> 1.1846266 | U24: =($AH24-$S24)/15+T24 -> 1.1792532 | V24: =($AH24-$S24)/15+U24 -> 1.1738798 | W24: =($AH24-$S24)/15+V24 -> 1.1685064 | X24: =($AH24-$S24)/15+W24 -> 1.163133 | Y24: =($AH24-$S24)/15+X24 -> 1.1577596 | Z24: =($AH24-$S24)/15+Y24 -> 1.1523862 | AA24: =($AH24-$S24)/15+Z24 -> 1.1470128 | ... AG24: =($AH24-$S24)/15+AF24 -> 1.1147725 | AH24: =AVERAGE(AH42,AH59) -> 1.1093991
A25: PERMIT_NDC | B25: 05_MNG | C25: 1 | D25: 1.01 | E25: 1.02 | F25: 1.04 | G25: 1.05 | H25: 1.06 | I25: 1.07 | J25: 1.09 | K25: 1.1 | L25: 1.11 | M25: 1.12 | N25: 1.13 | O25: =($S25-$N25)/5+N25 -> 1.142 | P25: =($S25-$N25)/5+O25 -> 1.154 | Q25: =($S25-$N25)/5+P25 -> 1.166 | R25: =($S25-$N25)/5+Q25 -> 1.178 | S25: =E6 -> 1.19 | T25: =($AH25-$S25)/15+S25 -> 1.2075761 | U25: =($AH25-$S25)/15+T25 -> 1.2251523 | V25: =($AH25-$S25)/15+U25 -> 1.2427284 | W25: =($AH25-$S25)/15+V25 -> 1.2603045 | X25: =($AH25-$S25)/15+W25 -> 1.2778806 | Y25: =($AH25-$S25)/15+X25 -> 1.2954568 | Z25: =($AH25-$S25)/15+Y25 -> 1.3130329 | AA25: =($AH25-$S25)/15+Z25 -> 1.330609 | ... AG25: =($AH25-$S25)/15+AF25 -> 1.4360658 | AH25: =AVERAGE(AH43,AH60) -> 1.4536419
A26: PERMIT_NDC | B26: 06_PRK | C26: 1 | D26: 1.01 | E26: 1.02 | F26: 1.04 | G26: 1.05 | H26: 1.06 | I26: 1.07 | J26: 1.09 | K26: 1.1 | L26: 1.11 | M26: 1.12 | N26: 1.13 | O26: =($S26-$N26)/5+N26 -> 1.142 | P26: =($S26-$N26)/5+O26 -> 1.154 | Q26: =($S26-$N26)/5+P26 -> 1.166 | R26: =($S26-$N26)/5+Q26 -> 1.178 | S26: =E7 -> 1.19 | T26: =($AH26-$S26)/15+S26 -> 1.2681802 | U26: =($AH26-$S26)/15+T26 -> 1.3463604 | V26: =($AH26-$S26)/15+U26 -> 1.4245405 | W26: =($AH26-$S26)/15+V26 -> 1.5027207 | X26: =($AH26-$S26)/15+W26 -> 1.5809009 | Y26: =($AH26-$S26)/15+X26 -> 1.6590811 | Z26: =($AH26-$S26)/15+Y26 -> 1.7372613 | AA26: =($AH26-$S26)/15+Z26 -> 1.8154414 | ... AG26: =($AH26-$S26)/15+AF26 -> 2.2845225 | AH26: =AVERAGE(AH44,AH61) -> 2.3627027
A27: PERMIT_NDC | B27: 07_NAM | C27: 1 | D27: 0.95 | E27: 0.91 | F27: 0.86 | G27: 0.82 | H27: 0.77 | I27: 0.73 | J27: 0.68 | K27: 0.64 | L27: 0.59 | M27: 0.55 | N27: 0.5 | O27: =($S27-$N27)/5+N27 -> 0.454 | P27: =($S27-$N27)/5+O27 -> 0.408 | Q27: =($S27-$N27)/5+P27 -> 0.362 | R27: =($S27-$N27)/5+Q27 -> 0.316 | S27: =E8 -> 0.27 | T27: =($AH27-$S27)/15+S27 -> 0.27366235 | U27: =($AH27-$S27)/15+T27 -> 0.27732471 | V27: =($AH27-$S27)/15+U27 -> 0.28098706 | W27: =($AH27-$S27)/15+V27 -> 0.28464941 | X27: =($AH27-$S27)/15+W27 -> 0.28831177 | Y27: =($AH27-$S27)/15+X27 -> 0.29197412 | Z27: =($AH27-$S27)/15+Y27 -> 0.29563648 | AA27: =($AH27-$S27)/15+Z27 -> 0.29929883 | ... AG27: =($AH27-$S27)/15+AF27 -> 0.32127295 | AH27: =AVERAGE(AH45,AH62) -> 0.32493531
A28: PERMIT_NDC | B28: 08_LAM | C28: 1 | D28: 1 | E28: 0.99 | F28: 0.99 | G28: 0.99 | H28: 0.99 | I28: 0.98 | J28: 0.98 | K28: 0.98 | L28: 0.98 | M28: 0.97 | N28: 0.97 | O28: =($S28-$N28)/5+N28 -> 0.968 | P28: =($S28-$N28)/5+O28 -> 0.966 | Q28: =($S28-$N28)/5+P28 -> 0.964 | R28: =($S28-$N28)/5+Q28 -> 0.962 | S28: =E9 -> 0.96 | T28: =($AH28-$S28)/15+S28 -> 0.94611504 | U28: =($AH28-$S28)/15+T28 -> 0.93223008 | V28: =($AH28-$S28)/15+U28 -> 0.91834512 | W28: =($AH28-$S28)/15+V28 -> 0.90446016 | X28: =($AH28-$S28)/15+W28 -> 0.8905752 | Y28: =($AH28-$S28)/15+X28 -> 0.87669024 | Z28: =($AH28-$S28)/15+Y28 -> 0.86280528 | AA28: =($AH28-$S28)/15+Z28 -> 0.84892032 | ... AG28: =($AH28-$S28)/15+AF28 -> 0.76561056 | AH28: =AVERAGE(AH46,AH63) -> 0.7517256
A29: PERMIT_NDC | B29: 09_WEU | C29: 1 | D29: 0.95 | E29: 0.91 | F29: 0.86 | G29: 0.82 | H29: 0.77 | I29: 0.73 | J29: 0.68 | K29: 0.64 | L29: 0.59 | M29: 0.55 | N29: 0.5 | O29: =($S29-$N29)/5+N29 -> 0.454 | P29: =($S29-$N29)/5+O29 -> 0.408 | Q29: =($S29-$N29)/5+P29 -> 0.362 | R29: =($S29-$N29)/5+Q29 -> 0.316 | S29: =E10 -> 0.27 | T29: =($AH29-$S29)/15+S29 -> 0.27352516 | U29: =($AH29-$S29)/15+T29 -> 0.27705032 | V29: =($AH29-$S29)/15+U29 -> 0.28057548 | W29: =($AH29-$S29)/15+V29 -> 0.28410064 | X29: =($AH29-$S29)/15+W29 -> 0.28762581 | Y29: =($AH29-$S29)/15+X29 -> 0.29115097 | Z29: =($AH29-$S29)/15+Y29 -> 0.29467613 | AA29: =($AH29-$S29)/15+Z29 -> 0.29820129 | ... AG29: =($AH29-$S29)/15+AF29 -> 0.31935226 | AH29: =AVERAGE(AH47,AH64) -> 0.32287742
A30: PERMIT_NDC | B30: 10_EEU | C30: 1 | D30: 0.95 | E30: 0.91 | F30: 0.86 | G30: 0.82 | H30: 0.77 | I30: 0.73 | J30: 0.68 | K30: 0.64 | L30: 0.59 | M30: 0.55 | N30: 0.5 | O30: =($S30-$N30)/5+N30 -> 0.454 | P30: =($S30-$N30)/5+O30 -> 0.408 | Q30: =($S30-$N30)/5+P30 -> 0.362 | R30: =($S30-$N30)/5+Q30 -> 0.316 | S30: =E11 -> 0.27 | T30: =($AH30-$S30)/15+S30 -> 0.27083668 | U30: =($AH30-$S30)/15+T30 -> 0.27167337 | V30: =($AH30-$S30)/15+U30 -> 0.27251005 | W30: =($AH30-$S30)/15+V30 -> 0.27334673 | X30: =($AH30-$S30)/15+W30 -> 0.27418341 | Y30: =($AH30-$S30)/15+X30 -> 0.2750201 | Z30: =($AH30-$S30)/15+Y30 -> 0.27585678 | AA30: =($AH30-$S30)/15+Z30 -> 0.27669346 | ... AG30: =($AH30-$S30)/15+AF30 -> 0.28171356 | AH30: =AVERAGE(AH48,AH65) -> 0.28255024
A31: PERMIT_NDC | B31: 11_RFSU | C31: 1 | D31: 1 | E31: 0.99 | F31: 0.99 | G31: 0.99 | H31: 0.99 | I31: 0.98 | J31: 0.98 | K31: 0.98 | L31: 0.98 | M31: 0.97 | N31: 0.97 | O31: =($S31-$N31)/5+N31 -> 0.968 | P31: =($S31-$N31)/5+O31 -> 0.966 | Q31: =($S31-$N31)/5+P31 -> 0.964 | R31: =($S31-$N31)/5+Q31 -> 0.962 | S31: =E12 -> 0.96 | T31: =($AH31-$S31)/15+S31 -> 0.94406375 | U31: =($AH31-$S31)/15+T31 -> 0.9281275 | V31: =($AH31-$S31)/15+U31 -> 0.91219125 | W31: =($AH31-$S31)/15+V31 -> 0.896255 | X31: =($AH31-$S31)/15+W31 -> 0.88031875 | Y31: =($AH31-$S31)/15+X31 -> 0.8643825 | Z31: =($AH31-$S31)/15+Y31 -> 0.84844625 | AA31: =($AH31-$S31)/15+Z31 -> 0.83251 | ... AG31: =($AH31-$S31)/15+AF31 -> 0.73689251 | AH31: =AVERAGE(AH49,AH66) -> 0.72095626
A32: PERMIT_NDC | B32: 12_MEA | C32: 1 | D32: 1 | E32: 0.99 | F32: 0.99 | G32: 0.99 | H32: 0.99 | I32: 0.98 | J32: 0.98 | K32: 0.98 | L32: 0.98 | M32: 0.97 | N32: 0.97 | O32: =($S32-$N32)/5+N32 -> 0.968 | P32: =($S32-$N32)/5+O32 -> 0.966 | Q32: =($S32-$N32)/5+P32 -> 0.964 | R32: =($S32-$N32)/5+Q32 -> 0.962 | S32: =E13 -> 0.96 | T32: =($AH32-$S32)/15+S32 -> 0.97403629 | U32: =($AH32-$S32)/15+T32 -> 0.98807258 | V32: =($AH32-$S32)/15+U32 -> 1.0021089 | W32: =($AH32-$S32)/15+V32 -> 1.0161452 | X32: =($AH32-$S32)/15+W32 -> 1.0301814 | Y32: =($AH32-$S32)/15+X32 -> 1.0442177 | Z32: =($AH32-$S32)/15+Y32 -> 1.058254 | AA32: =($AH32-$S32)/15+Z32 -> 1.0722903 | ... AG32: =($AH32-$S32)/15+AF32 -> 1.156508 | AH32: =AVERAGE(AH50,AH67) -> 1.1705443
... A37: PERMIT_NDC | B37: 17_RPAO | C37: 1 | D37: 0.97 | E37: 0.94 | F37: 0.91 | G37: 0.88 | H37: 0.84 | I37: 0.81 | J37: 0.78 | K37: 0.75 | L37: 0.72 | M37: 0.69 | N37: 0.66 | O37: =($S37-$N37)/5+N37 -> 0.63 | P37: =($S37-$N37)/5+O37 -> 0.6 | Q37: =($S37-$N37)/5+P37 -> 0.57 | R37: =($S37-$N37)/5+Q37 -> 0.54 | S37: =E18 -> 0.51 | T37: =($AH37-$S37)/15+S37 -> 0.50624384 | U37: =($AH37-$S37)/15+T37 -> 0.50248769 | V37: =($AH37-$S37)/15+U37 -> 0.49873153 | W37: =($AH37-$S37)/15+V37 -> 0.49497538 | X37: =($AH37-$S37)/15+W37 -> 0.49121922 | Y37: =($AH37-$S37)/15+X37 -> 0.48746306 | Z37: =($AH37-$S37)/15+Y37 -> 0.48370691 | AA37: =($AH37-$S37)/15+Z37 -> 0.47995075 | ... AG37: =($AH37-$S37)/15+AF37 -> 0.45741381 | AH37: =AVERAGE(AH55,AH72) -> 0.45365766
A39: PERMIT_REF | B39: 01_KOR | C39: 1 | D39: 0.94251925 | E39: 0.97523644 | F39: 0.93672671 | G39: 0.90133423 | H39: 0.89271206 | I39: 0.89244403 | J39: 0.88630395 | K39: 0.88353855 | L39: 0.87455897 | M39: 0.86919024 | N39: 0.85974291 | O39: 0.85119347 | P39: 0.83931522 | Q39: 0.82970483 | R39: 0.81650331 | S39: 0.805327 | T39: 0.79125692 | U39: 0.77897984 | V39: 0.76452149 | W39: 0.75148615 | X39: 0.7367833 | Y39: 0.72323845 | Z39: 0.70857627 | AA39: 0.69477748 | AB39: 0.68018512 | AC39: 0.66616447 | AD39: 0.65168433 | AE39: 0.63769474 | AF39: 0.62349148 | AG39: 0.60959405 | AH39: 0.5955983
A40: PERMIT_REF | B40: 02_CHN | C40: 1 | D40: 1.0119448 | E40: 1.0615554 | F40: 1.0585541 | G40: 1.1011081 | H40: 1.1183226 | I40: 1.1326048 | J40: 1.1408018 | K40: 1.1487529 | L40: 1.1516258 | M40: 1.154946 | N40: 1.1543559 | O40: 1.1534012 | P40: 1.1496101 | Q40: 1.1457551 | R40: 1.1381801 | S40: 1.1298727 | T40: 1.1178609 | U40: 1.1054247 | V40: 1.0907532 | W40: 1.0765067 | X40: 1.0612499 | Y40: 1.046715 | Z40: 1.0313127 | AA40: 1.0162019 | AB40: 1.0003053 | AC40: 0.98449725 | AD40: 0.96811768 | AE40: 0.9518181 | AF40: 0.9351703 | AG40: 0.91855788 | AH40: 0.90175865
A41: PERMIT_REF | B41: 03_JPN | C41: 1 | D41: 0.94341937 | E41: 0.9611973 | F41: 0.93476697 | G41: 0.89199736 | H41: 0.86745438 | I41: 0.8578516 | J41: 0.84308953 | K41: 0.82914746 | L41: 0.81291207 | M41: 0.79874601 | N41: 0.7839819 | O41: 0.77068296 | P41: 0.7568701 | Q41: 0.74434168 | R41: 0.73075874 | S41: 0.71797376 | T41: 0.70409954 | U41: 0.69093863 | V41: 0.67718956 | W41: 0.66425799 | X41: 0.65111783 | Y41: 0.63870318 | Z41: 0.62612433 | AA41: 0.61409149 | AB41: 0.60201881 | AC41: 0.59040251 | AD41: 0.57884274 | AE41: 0.56764551 | AF41: 0.55655582 | AG41: 0.54576034 | AH41: 0.53510995
A42: PERMIT_REF | B42: 04_RUS | C42: 1 | D42: 0.96027836 | E42: 1.0433032 | F42: 1.0201673 | G42: 1.0486008 | H42: 1.0943783 | I42: 1.1053827 | J42: 1.12414 | K42: 1.1352021 | L42: 1.156945 | M42: 1.1698146 | N42: 1.1903083 | O42: 1.2081795 | P42: 1.2336917 | Q42: 1.2536312 | R42: 1.2809257 | S42: 1.3012141 | T42: 1.3274109 | U42: 1.3481549 | V42: 1.3743658 | W42: 1.3959329 | X42: 1.422016 | Y42: 1.4443243 | Z42: 1.4702914 | AA42: 1.493371 | AB42: 1.5191748 | AC42: 1.5428488 | AD42: 1.5684891 | AE42: 1.5927164 | AF42: 1.6183238 | AG42: 1.643099 | AH42: 1.6687981
A43: PERMIT_REF | B43: 05_MNG | C43: 1 | D43: 0.99882274 | E43: 1.0432712 | F43: 1.0010056 | G43: 1.0586281 | H43: 1.0811642 | I43: 1.1034498 | J43: 1.1372031 | K43: 1.1808405 | L43: 1.2295057 | M43: 1.281482 | N43: 1.3319534 | O43: 1.3816103 | P43: 1.4308641 | Q43: 1.4832048 | R43: 1.5336132 | S43: 1.5858277 | T43: 1.6355213 | U43: 1.6876132 | V43: 1.7376519 | W43: 1.78987 | X43: 1.839921 | Y43: 1.8915837 | Z43: 1.9413894 | AA43: 1.9928068 | AB43: 2.0430505 | AC43: 2.0949935 | AD43: 2.1463584 | AE43: 2.1989321 | AF43: 2.2511378 | AG43: 2.3042546 | AH43: 2.3572838
A44: PERMIT_REF | B44: 06_PRK | C44: 1 | D44: 0.98721824 | E44: 1.0321296 | F44: 1.0879087 | G44: 1.133862 | H44: 1.1840982 | I44: 1.2403013 | J44: 1.2995634 | K44: 1.3613722 | L44: 1.4268326 | M44: 1.4968942 | N44: 1.5726672 | O44: 1.6532955 | P44: 1.7405581 | Q44: 1.8349099 | R44: 1.9326724 | S44: 2.0342604 | T44: 2.1379483 | U44: 2.2472807 | V44: 2.3600641 | W44: 2.4790939 | X44: 2.6016548 | Y44: 2.7311979 | Z44: 2.8653555 | AA44: 3.0070035 | AB44: 3.1531858 | AC44: 3.3066445 | AD44: 3.465654 | AE44: 3.6333043 | AF44: 3.8070805 | AG44: 3.9884542 | AH44: 4.1754054
A45: PERMIT_REF | B45: 07_NAM | C45: 1 | D45: 0.89948768 | E45: 0.95333515 | F45: 0.96706402 | G45: 0.93029515 | H45: 0.92465791 | I45: 0.91834463 | J45: 0.90825837 | K45: 0.89745687 | L45: 0.88527665 | M45: 0.87318581 | N45: 0.86052307 | O45: 0.84792343 | P45: 0.83478575 | Q45: 0.82174502 | R45: 0.80828846 | S45: 0.79506717 | T45: 0.78153441 | U45: 0.76816055 | V45: 0.75457361 | W45: 0.74120242 | X45: 0.72775711 | Y45: 0.71452956 | Z45: 0.701262 | AA45: 0.68818842 | AB45: 0.6751416 | AC45: 0.66228964 | AD45: 0.6495139 | AE45: 0.63691303 | AF45: 0.62441335 | AG45: 0.61208054 | AH45: 0.59987061
A46: PERMIT_REF | B46: 08_LAM | C46: 1 | D46: 0.89463084 | E46: 0.97008318 | F46: 0.97421021 | G46: 0.98711213 | H46: 0.99045179 | I46: 1.004628 | J46: 1.0143274 | K46: 1.0194406 | L46: 1.0267545 | M46: 1.0314948 | N46: 1.0392288 | O46: 1.0471149 | P46: 1.0575855 | Q46: 1.0667843 | R46: 1.0782031 | S46: 1.0877802 | T46: 1.0991808 | U46: 1.1094369 | V46: 1.1213076 | W46: 1.1319952 | X46: 1.1437765 | Y46: 1.1546078 | Z46: 1.1665178 | AA46: 1.1776624 | AB46: 1.1893513 | AC46: 1.2002123 | AD46: 1.211327 | AE46: 1.2219212 | AF46: 1.2327109 | AG46: 1.2430786 | AH46: 1.2534512
A47: PERMIT_REF | B47: 09_WEU | C47: 1 | D47: 0.91532648 | E47: 0.97649039 | F47: 0.95157911 | G47: 0.88890527 | H47: 0.87125778 | I47: 0.86864966 | J47: 0.85929764 | K47: 0.84963854 | L47: 0.83744941 | M47: 0.82651123 | N47: 0.81485381 | O47: 0.80413899 | P47: 0.79258914 | Q47: 0.78188737 | R47: 0.77029355 | S47: 0.75953792 | T47: 0.74807386 | U47: 0.73730298 | V47: 0.72596638 | W47: 0.71517125 | X47: 0.70392839 | Y47: 0.69314171 | Z47: 0.68207675 | AA47: 0.6713468 | AB47: 0.66038621 | AC47: 0.64961832 | AD47: 0.63869135 | AE47: 0.62793588 | AF47: 0.61712135 | AG47: 0.6064378 | AH47: 0.59575483
A48: PERMIT_REF | B48: 10_EEU | C48: 1 | D48: 0.94137664 | E48: 1.0049396 | F48: 0.97171721 | G48: 0.88192991 | H48: 0.86721408 | I48: 0.86311407 | J48: 0.8542881 | K48: 0.84729611 | L48: 0.8364272 | M48: 0.82741311 | N48: 0.81539225 | O48: 0.80361177 | P48: 0.78968646 | Q48: 0.77693188 | R48: 0.7619592 | S48: 0.74813189 | T48: 0.7325775 | U48: 0.71810918 | V48: 0.70226705 | W48: 0.6871782 | X48: 0.6709157 | Y48: 0.65520461 | Z48: 0.63877188 | AA48: 0.6229181 | AB48: 0.60671543 | AC48: 0.59106895 | AD48: 0.57533491 | AE48: 0.56005126 | AF48: 0.54479346 | AG48: 0.52989108 | AH48: 0.51510048
A49: PERMIT_REF | B49: 11_RFSU | C49: 1 | D49: 1.0061627 | E49: 1.067441 | F49: 0.97521315 | G49: 0.98529265 | H49: 0.9811344 | I49: 0.97451973 | J49: 0.98261175 | K49: 0.99115246 | L49: 1.0130901 | M49: 1.0269828 | N49: 1.0441252 | O49: 1.0551699 | P49: 1.0714909 | Q49: 1.0816133 | R49: 1.0969621 | S49: 1.1054701 | T49: 1.118106 | U49: 1.1253514 | V49: 1.1361444 | W49: 1.1423563 | X49: 1.151249 | Y49: 1.156316 | Z49: 1.1632955 | AA49: 1.1673813 | AB49: 1.172875 | AC49: 1.176364 | AD49: 1.1807898 | AE49: 1.1837269 | AF49: 1.1871047 | AG49: 1.189456 | AH49: 1.1919125
A50: PERMIT_REF | B50: 12_MEA | C50: 1 | D50: 0.98747164 | E50: 1.03779 | F50: 1.0614188 | G50: 1.0924149 | H50: 1.1003954 | I50: 1.1211564 | J50: 1.161509 | K50: 1.1847393 | L50: 1.2332669 | M50: 1.2595005 | N50: 1.3009921 | O50: 1.3305653 | P50: 1.375548 | Q50: 1.4036921 | R50: 1.450027 | S50: 1.4792331 | T50: 1.5251691 | U50: 1.5564249 | V50: 1.6023929 | W50: 1.6354452 | X50: 1.6809405 | Y50: 1.7156418 | Z50: 1.7606353 | AA50: 1.7971493 | AB50: 1.8415669 | AC50: 1.8796192 | AD50: 1.923521 | AE50: 1.9630951 | AF50: 2.0067311 | AG50: 2.0476284 | AH50: 2.0910886
... A72: PERMIT_NZ | B72: 17_RPAO | C72: 1 | D72: 0.97 | E72: 0.94 | F72: 0.91 | G72: 0.88 | H72: 0.84 | I72: 0.81 | J72: 0.78 | K72: 0.75 | L72: 0.72 | M72: 0.69 | N72: 0.66 | O72: 0.63 | P72: 0.6 | Q72: 0.57 | R72: 0.54 | S72: 0.51 | T72: 0.48 | U72: 0.46 | V72: 0.43 | W72: 0.4 | X72: 0.37 | Y72: 0.34 | Z72: 0.32 | AA72: 0.29 | AB72: 0.26 | AC72: 0.23 | AD72: 0.21 | AE72: 0.18 | AF72: 0.15 | AG72: 0.13 | AH72: 0.1
