Workbook

Sheet Baseyear
A1: GDPPPP
B2: 01_KOR | C2: 02_CHN | D2: 03_JPN | E2: 04_RUS | F2: 05_MNG | G2: 06_PRK | H2: 07_NAM | I2: 08_LAM | J2: 09_WEU | K2: 10_EEU | L2: 11_RFSU | M2: 12_MEA | N2: 13_AFR | O2: 14_RCPA | P2: 15_SAS | Q2: 16_RPAS | R2: 17_RPAO
A3: 2018 | B3: 2.1648129e+12 | C3: 2.1684385e+13 | D3: 5.2961118e+12 | E3: 3.9139759e+12 | F3: 3.8133349e+10 | G3: 0 | H3: 2.1975104e+13 | I3: 9.5856291e+12 | J3: 2.2625327e+13 | K3: 3.4729901e+12 | L3: 1.7847279e+12 | M3: 7.6935896e+12 | N3: 3.9738031e+12 | O3: 1.0358009e+12 | P3: 1.1196511e+13 | Q3: 7.0587981e+12 | R3: 1.4356632e+12
A4: 2019 | B4: 2.2133908e+12 | C4: 2.2940028e+13 | D4: 5.2748125e+12 | E4: 4.0000081e+12 | F4: 4.0269673e+10 | G4: 0 | H4: 2.247126e+13 | I4: 9.657573e+12 | J4: 2.2959584e+13 | K4: 3.6091441e+12 | L4: 1.8570133e+12 | M4: 7.7664346e+12 | N4: 4.0920868e+12 | O4: 1.1108024e+12 | P4: 1.1639449e+13 | Q4: 7.3579835e+12 | R4: 1.4675337e+12
A5: 2020 | B5: 2.1976887e+12 | C5: 2.3414274e+13 | D5: 5.0491242e+12 | E5: 3.8938617e+12 | F5: 3.8434281e+10 | G5: 0 | H5: 2.1805056e+13 | I5: 9.010867e+12 | J5: 2.1647745e+13 | K5: 3.4873467e+12 | L5: 1.8109689e+12 | M5: 7.5186202e+12 | N5: 4.0196625e+12 | O5: 1.1369823e+12 | P5: 1.1101407e+13 | Q5: 6.9801053e+12 | R5: 1.4619342e+12
A6: 2021 | B6: 2.2922934e+12 | C6: 2.5384031e+13 | D6: 5.157301e+12 | E6: 4.1124744e+12 | F6: 3.9063361e+10 | G6: 0 | H6: 2.3079216e+13 | I6: 9.6742145e+12 | J6: 2.3137908e+13 | K6: 3.7167234e+12 | L6: 1.8994803e+12 | M6: 7.839315e+12 | N6: 4.2025456e+12 | O6: 1.1664138e+12 | P6: 1.2038788e+13 | Q6: 7.217632e+12 | R6: 1.4993493e+12
A7: 2022 | B7: 2.3521835e+12 | C7: 2.6114006e+13 | D7: 5.2103503e+12 | E7: 4.027358e+12 | F7: 4.1029307e+10 | G7: 0 | H7: 2.355516e+13 | I7: 1.0060458e+13 | J7: 2.4011132e+13 | K7: 3.8710787e+12 | L7: 1.7867605e+12 | M7: 8.2152249e+12 | N7: 4.3645601e+12 | O7: 1.2548544e+12 | P7: 1.282315e+13 | Q7: 7.5899889e+12 | R7: 1.5601639e+12
B10: 01_KOR | C10: 02_CHN | D10: 03_JPN | E10: 04_RUS | F10: 05_MNG | G10: 06_PRK | H10: 07_NAM | I10: 08_LAM | J10: 09_WEU | K10: 10_EEU | L10: 11_RFSU | M10: 12_MEA | N10: 13_AFR | O10: 14_RCPA | P10: 15_SAS | Q10: 16_RPAS | R10: 17_RPAO
A11: 2019 | B11: =B3/10^9 -> 2164.8129 | C11: =C3/10^9 -> 21684.385 | D11: =D3/10^9 -> 5296.1118 | E11: =E3/10^9 -> 3913.9759 | F11: =F3/10^9 -> 38.133349 | G11: =G3/10^9 -> 0 | H11: =H3/10^9 -> 21975.104 | I11: =I3/10^9 -> 9585.6291 | ... R11: =R3/10^9 -> 1435.6632
A12: 2019 | B12: =B4/10^9 -> 2213.3908 | C12: =C4/10^9 -> 22940.028 | D12: =D4/10^9 -> 5274.8125 | E12: =E4/10^9 -> 4000.0081 | F12: =F4/10^9 -> 40.269673 | G12: =G4/10^9 -> 0 | H12: =H4/10^9 -> 22471.26 | I12: =I4/10^9 -> 9657.573 | ... R12: =R4/10^9 -> 1467.5337
A13: 2020 | B13: =B5/10^9 -> 2197.6887 | C13: =C5/10^9 -> 23414.274 | D13: =D5/10^9 -> 5049.1242 | E13: =E5/10^9 -> 3893.8617 | F13: =F5/10^9 -> 38.434281 | G13: =G5/10^9 -> 0 | H13: =H5/10^9 -> 21805.056 | I13: =I5/10^9 -> 9010.867 | ... R13: =R5/10^9 -> 1461.9342
A14: 2021 | B14: =B6/10^9 -> 2292.2934 | C14: =C6/10^9 -> 25384.031 | D14: =D6/10^9 -> 5157.301 | E14: =E6/10^9 -> 4112.4744 | F14: =F6/10^9 -> 39.063361 | G14: =G6/10^9 -> 0 | H14: =H6/10^9 -> 23079.216 | I14: =I6/10^9 -> 9674.2145 | ... R14: =R6/10^9 -> 1499.3493
A15: 2022 | B15: =B7/10^9 -> 2352.1835 | C15: =C7/10^9 -> 26114.006 | D15: =D7/10^9 -> 5210.3503 | E15: =E7/10^9 -> 4027.358 | F15: =F7/10^9 -> 41.029307 | G15: =G7/10^9 -> 0 | H15: =H7/10^9 -> 23555.16 | I15: =I7/10^9 -> 10060.458 | ... R15: =R7/10^9 -> 1560.1639
A17: 인구
B18: 01_KOR | C18: 02_CHN | D18: 03_JPN | E18: 04_RUS | F18: 05_MNG | G18: 06_PRK | H18: 07_NAM | I18: 08_LAM | J18: 09_WEU | K18: 10_EEU | L18: 11_RFSU | M18: 12_MEA | N18: 13_AFR | O18: 14_RCPA | P18: 15_SAS | Q18: 16_RPAS | R18: 17_RPAO
A19: 2018 | B19: 51585058 | C19: 1410212600 | D19: 126811000 | E19: 144477859 | F19: 3163991 | G19: 25638149 | H19: 367372316 | I19: 606012845 | J19: 506509163 | K19: 118486004 | L19: 139697133 | M19: 492023500 | N19: 1041066783 | O19: 118044574 | P19: 1803847309 | Q19: 552136139 | R19: 29863858
A20: 2019 | B20: 51764822 | C20: 1415252900 | D20: 126633000 | E20: 144406261 | F20: 3232430 | G20: 25755441 | H20: 369400170 | I20: 612532624 | J20: 508668160 | K20: 118257396 | L20: 140624677 | M20: 500519921 | N20: 1068943284 | O20: 119196515 | P20: 1823829015 | Q20: 557765166 | R20: 30314026
A21: 2020 | B21: 51836239 | C21: 1418581000 | D21: 126261000 | E21: 144073139 | F21: 3294335 | G21: 25867467 | H21: 373075756 | I21: 618164742 | J21: 510362210 | K21: 117929343 | L21: 141549937 | M21: 507832010 | N21: 1097345524 | O21: 120364944 | P21: 1843559390 | Q21: 563056302 | R21: 30739448
A22: 2021 | B22: 51744876 | C22: 1419773100 | D22: 125681593 | E22: 144130482 | F22: 3347782 | G22: 25971909 | H22: 373797149 | I22: 622920825 | J22: 511423932 | K22: 117014414 | L22: 142366636 | M22: 514709028 | N22: 1125863096 | O22: 121482109 | P22: 1861812142 | Q22: 567555311 | R22: 30796812
B24: 01_KOR | C24: 02_CHN | D24: 03_JPN | E24: 04_RUS | F24: 05_MNG | G24: 06_PRK | H24: 07_NAM | I24: 08_LAM | J24: 09_WEU | K24: 10_EEU | L24: 11_RFSU | M24: 12_MEA | N24: 13_AFR | O24: 14_RCPA | P24: 15_SAS | Q24: 16_RPAS | R24: 17_RPAO
A25: 2018 | B25: =B19/1000000 -> 51.585058 | C25: =C19/1000000 -> 1410.2126 | D25: =D19/1000000 -> 126.811 | E25: =E19/1000000 -> 144.47786 | F25: =F19/1000000 -> 3.163991 | G25: =G19/1000000 -> 25.638149 | H25: =H19/1000000 -> 367.37232 | I25: =I19/1000000 -> 606.01284 | ... R25: =R19/1000000 -> 29.863858
A26: 2019 | B26: =B20/1000000 -> 51.764822 | C26: =C20/1000000 -> 1415.2529 | D26: =D20/1000000 -> 126.633 | E26: =E20/1000000 -> 144.40626 | F26: =F20/1000000 -> 3.23243 | G26: =G20/1000000 -> 25.755441 | H26: =H20/1000000 -> 369.40017 | I26: =I20/1000000 -> 612.53262 | ... R26: =R20/1000000 -> 30.314026
A27: 2020 | B27: =B21/1000000 -> 51.836239 | C27: =C21/1000000 -> 1418.581 | D27: =D21/1000000 -> 126.261 | E27: =E21/1000000 -> 144.07314 | F27: =F21/1000000 -> 3.294335 | G27: =G21/1000000 -> 25.867467 | H27: =H21/1000000 -> 373.07576 | I27: =I21/1000000 -> 618.16474 | ... R27: =R21/1000000 -> 30.739448
A28: 2021 | B28: =B22/1000000 -> 51.744876 | C28: =C22/1000000 -> 1419.7731 | D28: =D22/1000000 -> 125.68159 | E28: =E22/1000000 -> 144.13048 | F28: =F22/1000000 -> 3.347782 | G28: =G22/1000000 -> 25.971909 | H28: =H22/1000000 -> 373.79715 | I28: =I22/1000000 -> 622.92083 | ... R28: =R22/1000000 -> 30.796812

Sheet GDP
B1: 01_KOR | C1: 02_CHN | D1: 03_JPN | E1: 04_RUS | F1: 05_MNG | G1: 06_PRK | H1: 07_NAM | I1: 08_LAM | J1: 09_WEU | K1: 10_EEU | L1: 11_FSU | M1: 12_MEA | N1: 13_AFR | O1: 14_CPA | P1: 15_SAS | Q1: 16_PAS | R1: 17_PAO
A2: 2018 | B2: =Baseyear!B11 -> 2164.8129 | C2: =Baseyear!C11 -> 21684.385 | D2: =Baseyear!D11 -> 5296.1118 | E2: =Baseyear!E11 -> 3913.9759 | F2: =Baseyear!F11 -> 38.133349 | G2: 15.64645 | H2: =Baseyear!H11 -> 21975.104 | I2: =Baseyear!I11 -> 9585.6291 | J2: =Baseyear!J11 -> 22625.327 | K2: =Baseyear!K11 -> 3472.9901 | L2: =Baseyear!L11 -> 1784.7279 | M2: =Baseyear!M11 -> 7693.5896 | N2: =Baseyear!N11 -> 3973.8031 | O2: =Baseyear!O11 -> 1035.8009 | ... R2: =Baseyear!R11 -> 1435.6632
A3: 2019 | B3: =Baseyear!B12 -> 2213.3908 | C3: =Baseyear!C12 -> 22940.028 | D3: =Baseyear!D12 -> 5274.8125 | E3: =Baseyear!E12 -> 4000.0081 | F3: =Baseyear!F12 -> 40.269673 | G3: 15.701732 | H3: =Baseyear!H12 -> 22471.26 | I3: =Baseyear!I12 -> 9657.573 | J3: =Baseyear!J12 -> 22959.584 | K3: =Baseyear!K12 -> 3609.1441 | L3: =Baseyear!L12 -> 1857.0133 | M3: =Baseyear!M12 -> 7766.4346 | N3: =Baseyear!N12 -> 4092.0868 | O3: =Baseyear!O12 -> 1110.8024 | ... R3: =Baseyear!R12 -> 1467.5337
A4: 2020 | B4: =Baseyear!B13 -> 2197.6887 | C4: =Baseyear!C13 -> 23414.274 | D4: =Baseyear!D13 -> 5049.1242 | E4: =Baseyear!E13 -> 3893.8617 | F4: =Baseyear!F13 -> 38.434281 | G4: 14.990075 | H4: =Baseyear!H13 -> 21805.056 | I4: =Baseyear!I13 -> 9010.867 | J4: =Baseyear!J13 -> 21647.745 | K4: =Baseyear!K13 -> 3487.3467 | L4: =Baseyear!L13 -> 1810.9689 | M4: =Baseyear!M13 -> 7518.6202 | N4: =Baseyear!N13 -> 4019.6625 | O4: =Baseyear!O13 -> 1136.9823 | ... R4: =Baseyear!R13 -> 1461.9342
A5: 2021 | B5: =Baseyear!B14 -> 2292.2934 | C5: =Baseyear!C14 -> 25384.031 | D5: =Baseyear!D14 -> 5157.301 | E5: =Baseyear!E14 -> 4112.4744 | F5: =Baseyear!F14 -> 39.063361 | G5: 14.981775 | H5: =Baseyear!H14 -> 23079.216 | I5: =Baseyear!I14 -> 9674.2145 | J5: =Baseyear!J14 -> 23137.908 | K5: =Baseyear!K14 -> 3716.7234 | L5: =Baseyear!L14 -> 1899.4803 | M5: =Baseyear!M14 -> 7839.315 | N5: =Baseyear!N14 -> 4202.5456 | O5: =Baseyear!O14 -> 1166.4138 | ... R5: =Baseyear!R14 -> 1499.3493
A6: 2022 | B6: =(B9-B5)/4+B5 -> 2326.875 | C6: =(C9-C5)/4+C5 -> 26693.29 | D6: =(D9-D5)/4+D5 -> 5239.3933 | E6: =(E9-E5)/4+E5 -> 4066.9158 | F6: =(F9-F5)/4+F5 -> 41.001671 | G6: =G5-G5*0.007 -> 14.876903 | H6: =(H9-H5)/4+H5 -> 23418.653 | I6: =(I9-I5)/4+I5 -> 9849.2318 | J6: =(J9-J5)/4+J5 -> 23256.562 | K6: =(K9-K5)/4+K5 -> 3775.4882 | L6: =(L9-L5)/4+L5 -> 1938.2091 | M6: =(M9-M5)/4+M5 -> 8141.163 | N6: =(N9-N5)/4+N5 -> 4377.0315 | O6: =(O9-O5)/4+O5 -> 1245.2884 | ... R6: =(R9-R5)/4+R5 -> 1526.1775
A7: 2023 | B7: =(B9-B5)/4+B6 -> 2361.4567 | C7: =(C9-C5)/4+C6 -> 28002.548 | D7: =(D9-D5)/4+D6 -> 5321.4855 | E7: =(E9-E5)/4+E6 -> 4021.3572 | F7: =(F9-F5)/4+F6 -> 42.939981 | G7: =G6-G6*0.007 -> 14.772765 | H7: =(H9-H5)/4+H6 -> 23758.09 | I7: =(I9-I5)/4+I6 -> 10024.249 | J7: =(J9-J5)/4+J6 -> 23375.216 | K7: =(K9-K5)/4+K6 -> 3834.253 | L7: =(L9-L5)/4+L6 -> 1976.9379 | M7: =(M9-M5)/4+M6 -> 8443.011 | N7: =(N9-N5)/4+N6 -> 4551.5173 | O7: =(O9-O5)/4+O6 -> 1324.1629 | ... R7: =(R9-R5)/4+R6 -> 1553.0057
A8: 2024 | B8: =(B9-B5)/4+B7 -> 2396.0383 | C8: =(C9-C5)/4+C7 -> 29311.806 | D8: =(D9-D5)/4+D7 -> 5403.5778 | E8: =(E9-E5)/4+E7 -> 3975.7986 | F8: =(F9-F5)/4+F7 -> 44.87829 | G8: =G7-G7*0.007 -> 14.669355 | H8: =(H9-H5)/4+H7 -> 24097.528 | I8: =(I9-I5)/4+I7 -> 10199.266 | J8: =(J9-J5)/4+J7 -> 23493.869 | K8: =(K9-K5)/4+K7 -> 3893.0178 | L8: =(L9-L5)/4+L7 -> 2015.6667 | M8: =(M9-M5)/4+M7 -> 8744.859 | N8: =(N9-N5)/4+N7 -> 4726.0031 | O8: =(O9-O5)/4+O7 -> 1403.0375 | ... R8: =(R9-R5)/4+R7 -> 1579.8338
A9: 2025 | B9: 2430.62 | C9: 30621.064 | D9: 5485.67 | E9: 3930.24 | F9: 46.8166 | G9: =G8-G8*0.007 -> 14.56667 | H9: 24436.965 | I9: 10374.284 | J9: 23612.523 | K9: 3951.7826 | L9: 2054.3955 | M9: 9046.707 | N9: 4900.489 | O9: 1481.912 | P9: 15017.581 | Q9: 10167.424 | R9: 1606.662
A10: 2026 | B10: =(B14-B9)/5+B9 -> 2478.518 | C10: =(C14-C9)/5+C9 -> 31849.824 | D10: =(D14-D9)/5+D9 -> 5529.576 | E10: =(E14-E9)/5+E9 -> 3989.154 | F10: =(F14-F9)/5+F9 -> 48.72012 | G10: =G9-G9*0.007 -> 14.464703 | H10: =(H14-H9)/5+H9 -> 24914.997 | I10: =(I14-I9)/5+I9 -> 10651.893 | J10: =(J14-J9)/5+J9 -> 24056.213 | K10: =(K14-K9)/5+K9 -> 4068.4402 | L10: =(L14-L9)/5+L9 -> 2134.8368 | M10: =(M14-M9)/5+M9 -> 9421.6885 | N10: =(N14-N9)/5+N9 -> 5142.243 | O10: =(O14-O9)/5+O9 -> 1595.2163 | ... R10: =(R14-R9)/5+R9 -> 1650.987
A11: 2027 | B11: =(B14-B9)/5+B10 -> 2526.416 | C11: =(C14-C9)/5+C10 -> 33078.584 | D11: =(D14-D9)/5+D10 -> 5573.482 | E11: =(E14-E9)/5+E10 -> 4048.068 | F11: =(F14-F9)/5+F10 -> 50.62364 | G11: =G10-G10*0.007 -> 14.36345 | H11: =(H14-H9)/5+H10 -> 25393.029 | I11: =(I14-I9)/5+I10 -> 10929.503 | J11: =(J14-J9)/5+J10 -> 24499.904 | K11: =(K14-K9)/5+K10 -> 4185.0978 | L11: =(L14-L9)/5+L10 -> 2215.2781 | M11: =(M14-M9)/5+M10 -> 9796.67 | N11: =(N14-N9)/5+N10 -> 5383.997 | O11: =(O14-O9)/5+O10 -> 1708.5205 | ... R11: =(R14-R9)/5+R10 -> 1695.312
A12: 2028 | B12: =(B14-B9)/5+B11 -> 2574.314 | C12: =(C14-C9)/5+C11 -> 34307.343 | D12: =(D14-D9)/5+D11 -> 5617.388 | E12: =(E14-E9)/5+E11 -> 4106.982 | F12: =(F14-F9)/5+F11 -> 52.52716 | G12: =G11-G11*0.007 -> 14.262906 | H12: =(H14-H9)/5+H11 -> 25871.06 | I12: =(I14-I9)/5+I11 -> 11207.113 | J12: =(J14-J9)/5+J11 -> 24943.594 | K12: =(K14-K9)/5+K11 -> 4301.7555 | L12: =(L14-L9)/5+L11 -> 2295.7194 | M12: =(M14-M9)/5+M11 -> 10171.652 | N12: =(N14-N9)/5+N11 -> 5625.751 | O12: =(O14-O9)/5+O11 -> 1821.8248 | ... R12: =(R14-R9)/5+R11 -> 1739.637
A13: 2029 | B13: =(B14-B9)/5+B12 -> 2622.212 | C13: =(C14-C9)/5+C12 -> 35536.103 | D13: =(D14-D9)/5+D12 -> 5661.294 | E13: =(E14-E9)/5+E12 -> 4165.896 | F13: =(F14-F9)/5+F12 -> 54.43068 | G13: =G12-G12*0.007 -> 14.163066 | H13: =(H14-H9)/5+H12 -> 26349.092 | I13: =(I14-I9)/5+I12 -> 11484.723 | J13: =(J14-J9)/5+J12 -> 25387.285 | K13: =(K14-K9)/5+K12 -> 4418.4131 | L13: =(L14-L9)/5+L12 -> 2376.1607 | M13: =(M14-M9)/5+M12 -> 10546.633 | N13: =(N14-N9)/5+N12 -> 5867.505 | O13: =(O14-O9)/5+O12 -> 1935.129 | ... R13: =(R14-R9)/5+R12 -> 1783.962
A14: 2030 | B14: 2670.11 | C14: 36764.863 | D14: 5705.2 | E14: 4224.81 | F14: 56.3342 | G14: =G13-G13*0.007 -> 14.063924 | H14: 26827.124 | I14: 11762.332 | J14: 25830.975 | K14: 4535.0707 | L14: 2456.602 | M14: 10921.615 | N14: 6109.2591 | O14: 2048.4333 | P14: 19888.556 | Q14: 12365.375 | R14: 1828.287
A15: 2031 | B15: =(B19-B14)/5+B14 -> 2705.06 | C15: =(C19-C14)/5+C14 -> 37877.798 | D15: =(D19-D14)/5+D14 -> 5753.91 | E15: =(E19-E14)/5+E14 -> 4306.92 | F15: =(F19-F14)/5+F14 -> 58.66914 | G15: =G14-G14*0.007 -> 13.965477 | H15: =(H19-H14)/5+H14 -> 27266.258 | I15: =(I19-I14)/5+I14 -> 12120.367 | J15: =(J19-J14)/5+J14 -> 26283.442 | K15: =(K19-K14)/5+K14 -> 4630.3487 | L15: =(L19-L14)/5+L14 -> 2546.2138 | M15: =(M19-M14)/5+M14 -> 11346.631 | N15: =(N19-N14)/5+N14 -> 6457.7655 | O15: =(O19-O14)/5+O14 -> 2175.7444 | ... R15: =(R19-R14)/5+R14 -> 1875.4674
A16: 2032 | B16: =(B19-B14)/5+B15 -> 2740.01 | C16: =(C19-C14)/5+C15 -> 38990.734 | D16: =(D19-D14)/5+D15 -> 5802.62 | E16: =(E19-E14)/5+E15 -> 4389.03 | F16: =(F19-F14)/5+F15 -> 61.00408 | G16: =G15-G15*0.007 -> 13.867718 | H16: =(H19-H14)/5+H15 -> 27705.391 | I16: =(I19-I14)/5+I15 -> 12478.401 | J16: =(J19-J14)/5+J15 -> 26735.909 | K16: =(K19-K14)/5+K15 -> 4725.6266 | L16: =(L19-L14)/5+L15 -> 2635.8256 | M16: =(M19-M14)/5+M15 -> 11771.648 | N16: =(N19-N14)/5+N15 -> 6806.2719 | O16: =(O19-O14)/5+O15 -> 2303.0556 | ... R16: =(R19-R14)/5+R15 -> 1922.6478
A17: 2033 | B17: =(B19-B14)/5+B16 -> 2774.96 | C17: =(C19-C14)/5+C16 -> 40103.669 | D17: =(D19-D14)/5+D16 -> 5851.33 | E17: =(E19-E14)/5+E16 -> 4471.14 | F17: =(F19-F14)/5+F16 -> 63.33902 | G17: =G16-G16*0.007 -> 13.770644 | H17: =(H19-H14)/5+H16 -> 28144.525 | I17: =(I19-I14)/5+I16 -> 12836.435 | J17: =(J19-J14)/5+J16 -> 27188.376 | K17: =(K19-K14)/5+K16 -> 4820.9046 | L17: =(L19-L14)/5+L16 -> 2725.4374 | M17: =(M19-M14)/5+M16 -> 12196.665 | N17: =(N19-N14)/5+N16 -> 7154.7783 | O17: =(O19-O14)/5+O16 -> 2430.3667 | ... R17: =(R19-R14)/5+R16 -> 1969.8282
A18: 2034 | B18: =(B19-B14)/5+B17 -> 2809.91 | C18: =(C19-C14)/5+C17 -> 41216.605 | D18: =(D19-D14)/5+D17 -> 5900.04 | E18: =(E19-E14)/5+E17 -> 4553.25 | F18: =(F19-F14)/5+F17 -> 65.67396 | G18: =G17-G17*0.007 -> 13.67425 | H18: =(H19-H14)/5+H17 -> 28583.659 | I18: =(I19-I14)/5+I17 -> 13194.469 | J18: =(J19-J14)/5+J17 -> 27640.843 | K18: =(K19-K14)/5+K17 -> 4916.1825 | L18: =(L19-L14)/5+L17 -> 2815.0492 | M18: =(M19-M14)/5+M17 -> 12621.682 | N18: =(N19-N14)/5+N17 -> 7503.2847 | O18: =(O19-O14)/5+O17 -> 2557.6779 | ... R18: =(R19-R14)/5+R17 -> 2017.0086
A19: 2035 | B19: 2844.86 | C19: 42329.54 | D19: 5948.75 | E19: 4635.36 | F19: 68.0089 | G19: =G18-G18*0.007 -> 13.57853 | H19: 29022.792 | I19: 13552.503 | J19: 28093.31 | K19: 5011.4605 | L19: 2904.661 | M19: 13046.699 | N19: 7851.7912 | O19: 2684.989 | P19: 25206.623 | Q19: 14557.709 | R19: 2064.189
A20: 2036 | B20: =(B24-B19)/5+B19 -> 2869.73 | C20: =(C24-C19)/5+C19 -> 43218.37 | D20: =(D24-D19)/5+D19 -> 5990.412 | E20: =(E24-E19)/5+E19 -> 4720.446 | F20: =(F24-F19)/5+F19 -> 70.5476 | G20: =G19-G19*0.007 -> 13.48348 | H20: =(H24-H19)/5+H19 -> 29443.005 | I20: =(I24-I19)/5+I19 -> 13976.933 | J20: =(J24-J19)/5+J19 -> 28563.244 | K20: =(K24-K19)/5+K19 -> 5090.027 | L20: =(L24-L19)/5+L19 -> 2993.979 | M20: =(M24-M19)/5+M19 -> 13522.139 | N20: =(N24-N19)/5+N19 -> 8283.5034 | O20: =(O24-O19)/5+O19 -> 2806.9882 | ... R20: =(R24-R19)/5+R19 -> 2114.3576
A21: 2037 | B21: =(B24-B19)/5+B20 -> 2894.6 | C21: =(C24-C19)/5+C20 -> 44107.2 | D21: =(D24-D19)/5+D20 -> 6032.074 | E21: =(E24-E19)/5+E20 -> 4805.532 | F21: =(F24-F19)/5+F20 -> 73.0863 | G21: =G20-G20*0.007 -> 13.389096 | H21: =(H24-H19)/5+H20 -> 29863.218 | I21: =(I24-I19)/5+I20 -> 14401.363 | J21: =(J24-J19)/5+J20 -> 29033.178 | K21: =(K24-K19)/5+K20 -> 5168.5935 | L21: =(L24-L19)/5+L20 -> 3083.297 | M21: =(M24-M19)/5+M20 -> 13997.579 | N21: =(N24-N19)/5+N20 -> 8715.2157 | O21: =(O24-O19)/5+O20 -> 2928.9874 | ... R21: =(R24-R19)/5+R20 -> 2164.5262
A22: 2038 | B22: =(B24-B19)/5+B21 -> 2919.47 | C22: =(C24-C19)/5+C21 -> 44996.031 | D22: =(D24-D19)/5+D21 -> 6073.736 | E22: =(E24-E19)/5+E21 -> 4890.618 | F22: =(F24-F19)/5+F21 -> 75.625 | G22: =G21-G21*0.007 -> 13.295372 | H22: =(H24-H19)/5+H21 -> 30283.431 | I22: =(I24-I19)/5+I21 -> 14825.793 | J22: =(J24-J19)/5+J21 -> 29503.112 | K22: =(K24-K19)/5+K21 -> 5247.1601 | L22: =(L24-L19)/5+L21 -> 3172.615 | M22: =(M24-M19)/5+M21 -> 14473.02 | N22: =(N24-N19)/5+N21 -> 9146.928 | O22: =(O24-O19)/5+O21 -> 3050.9866 | ... R22: =(R24-R19)/5+R21 -> 2214.6948
A23: 2039 | B23: =(B24-B19)/5+B22 -> 2944.34 | C23: =(C24-C19)/5+C22 -> 45884.861 | D23: =(D24-D19)/5+D22 -> 6115.398 | E23: =(E24-E19)/5+E22 -> 4975.704 | F23: =(F24-F19)/5+F22 -> 78.1637 | G23: =G22-G22*0.007 -> 13.202305 | H23: =(H24-H19)/5+H22 -> 30703.644 | I23: =(I24-I19)/5+I22 -> 15250.223 | J23: =(J24-J19)/5+J22 -> 29973.046 | K23: =(K24-K19)/5+K22 -> 5325.7266 | L23: =(L24-L19)/5+L22 -> 3261.933 | M23: =(M24-M19)/5+M22 -> 14948.46 | N23: =(N24-N19)/5+N22 -> 9578.6402 | O23: =(O24-O19)/5+O22 -> 3172.9858 | ... R23: =(R24-R19)/5+R22 -> 2264.8634
A24: 2040 | B24: 2969.21 | C24: 46773.691 | D24: 6157.06 | E24: 5060.79 | F24: 80.7024 | G24: =G23-G23*0.007 -> 13.109889 | H24: 31123.857 | I24: 15674.653 | J24: 30442.98 | K24: 5404.2931 | L24: 3351.251 | M24: 15423.9 | N24: 10010.353 | O24: 3294.985 | P24: 31038.545 | Q24: 16648.234 | R24: 2315.032
A25: 2041 | B25: =(B29-B24)/5+B24 -> 2987.112 | C25: =(C29-C24)/5+C24 -> 47622.001 | D25: =(D29-D24)/5+D24 -> 6199.932 | E25: =(E29-E24)/5+E24 -> 5147.096 | F25: =(F29-F24)/5+F24 -> 83.49678 | G25: =G24-G24*0.007 -> 13.018119 | H25: =(H29-H24)/5+H24 -> 31536.282 | I25: =(I29-I24)/5+I24 -> 16158.705 | J25: =(J29-J24)/5+J24 -> 30926.463 | K25: =(K29-K24)/5+K24 -> 5463.7973 | L25: =(L29-L24)/5+L24 -> 3438.4935 | M25: =(M29-M24)/5+M24 -> 15943.352 | N25: =(N29-N24)/5+N24 -> 10549.574 | O25: =(O29-O24)/5+O24 -> 3412.5282 | ... R25: =(R29-R24)/5+R24 -> 2369.0262
A26: 2042 | B26: =(B29-B24)/5+B25 -> 3005.014 | C26: =(C29-C24)/5+C25 -> 48470.311 | D26: =(D29-D24)/5+D25 -> 6242.804 | E26: =(E29-E24)/5+E25 -> 5233.402 | F26: =(F29-F24)/5+F25 -> 86.29116 | G26: =G25-G25*0.007 -> 12.926992 | H26: =(H29-H24)/5+H25 -> 31948.706 | I26: =(I29-I24)/5+I25 -> 16642.757 | J26: =(J29-J24)/5+J25 -> 31409.946 | K26: =(K29-K24)/5+K25 -> 5523.3015 | L26: =(L29-L24)/5+L25 -> 3525.736 | M26: =(M29-M24)/5+M25 -> 16462.804 | N26: =(N29-N24)/5+N25 -> 11088.796 | O26: =(O29-O24)/5+O25 -> 3530.0714 | ... R26: =(R29-R24)/5+R25 -> 2423.0204
A27: 2043 | B27: =(B29-B24)/5+B26 -> 3022.916 | C27: =(C29-C24)/5+C26 -> 49318.622 | D27: =(D29-D24)/5+D26 -> 6285.676 | E27: =(E29-E24)/5+E26 -> 5319.708 | F27: =(F29-F24)/5+F26 -> 89.08554 | G27: =G26-G26*0.007 -> 12.836504 | H27: =(H29-H24)/5+H26 -> 32361.131 | I27: =(I29-I24)/5+I26 -> 17126.808 | J27: =(J29-J24)/5+J26 -> 31893.429 | K27: =(K29-K24)/5+K26 -> 5582.8058 | L27: =(L29-L24)/5+L26 -> 3612.9784 | M27: =(M29-M24)/5+M26 -> 16982.256 | N27: =(N29-N24)/5+N26 -> 11628.018 | O27: =(O29-O24)/5+O26 -> 3647.6146 | ... R27: =(R29-R24)/5+R26 -> 2477.0146
A28: 2044 | B28: =(B29-B24)/5+B27 -> 3040.818 | C28: =(C29-C24)/5+C27 -> 50166.932 | D28: =(D29-D24)/5+D27 -> 6328.548 | E28: =(E29-E24)/5+E27 -> 5406.014 | F28: =(F29-F24)/5+F27 -> 91.87992 | G28: =G27-G27*0.007 -> 12.746648 | H28: =(H29-H24)/5+H27 -> 32773.556 | I28: =(I29-I24)/5+I27 -> 17610.86 | J28: =(J29-J24)/5+J27 -> 32376.912 | K28: =(K29-K24)/5+K27 -> 5642.31 | L28: =(L29-L24)/5+L27 -> 3700.2209 | M28: =(M29-M24)/5+M27 -> 17501.708 | N28: =(N29-N24)/5+N27 -> 12167.24 | O28: =(O29-O24)/5+O27 -> 3765.1578 | ... R28: =(R29-R24)/5+R27 -> 2531.0088
A29: 2045 | B29: 3058.72 | C29: 51015.242 | D29: 6371.42 | E29: 5492.32 | F29: 94.6743 | G29: =G28-G28*0.007 -> 12.657421 | H29: 33185.981 | I29: 18094.912 | J29: 32860.395 | K29: 5701.8142 | L29: 3787.4634 | M29: 18021.16 | N29: 12706.461 | O29: 3882.701 | P29: 37446.154 | Q29: 18663.736 | R29: 2585.003
A30: 2046 | B30: =(B34-B29)/5+B29 -> 3071.018 | C30: =(C34-C29)/5+C29 -> 51805.812 | D30: =(D34-D29)/5+D29 -> 6416.856 | E30: =(E34-E29)/5+E29 -> 5579.152 | F30: =(F34-F29)/5+F29 -> 97.85204 | G30: =G29-G29*0.007 -> 12.56882 | H30: =(H34-H29)/5+H29 -> 33594.991 | I30: =(I34-I29)/5+I29 -> 18627.56 | J30: =(J34-J29)/5+J29 -> 33342.219 | K30: =(K34-K29)/5+K29 -> 5751.5447 | L30: =(L34-L29)/5+L29 -> 3875.7253 | M30: =(M34-M29)/5+M29 -> 18588.185 | N30: =(N34-N29)/5+N29 -> 13375.645 | O30: =(O34-O29)/5+O29 -> 3997.011 | ... R30: =(R34-R29)/5+R29 -> 2641.005
A31: 2047 | B31: =(B34-B29)/5+B30 -> 3083.316 | C31: =(C34-C29)/5+C30 -> 52596.382 | D31: =(D34-D29)/5+D30 -> 6462.292 | E31: =(E34-E29)/5+E30 -> 5665.984 | F31: =(F34-F29)/5+F30 -> 101.02978 | G31: =G30-G30*0.007 -> 12.480838 | H31: =(H34-H29)/5+H30 -> 34004.001 | I31: =(I34-I29)/5+I30 -> 19160.209 | J31: =(J34-J29)/5+J30 -> 33824.042 | K31: =(K34-K29)/5+K30 -> 5801.2751 | L31: =(L34-L29)/5+L30 -> 3963.9872 | M31: =(M34-M29)/5+M30 -> 19155.21 | N31: =(N34-N29)/5+N30 -> 14044.829 | O31: =(O34-O29)/5+O30 -> 4111.321 | ... R31: =(R34-R29)/5+R30 -> 2697.007
A32: 2048 | B32: =(B34-B29)/5+B31 -> 3095.614 | C32: =(C34-C29)/5+C31 -> 53386.953 | D32: =(D34-D29)/5+D31 -> 6507.728 | E32: =(E34-E29)/5+E31 -> 5752.816 | F32: =(F34-F29)/5+F31 -> 104.20752 | G32: =G31-G31*0.007 -> 12.393472 | H32: =(H34-H29)/5+H31 -> 34413.011 | I32: =(I34-I29)/5+I31 -> 19692.857 | J32: =(J34-J29)/5+J31 -> 34305.865 | K32: =(K34-K29)/5+K31 -> 5851.0056 | L32: =(L34-L29)/5+L31 -> 4052.2492 | M32: =(M34-M29)/5+M31 -> 19722.235 | N32: =(N34-N29)/5+N31 -> 14714.013 | O32: =(O34-O29)/5+O31 -> 4225.631 | ... R32: =(R34-R29)/5+R31 -> 2753.009
A33: 2049 | B33: =(B34-B29)/5+B32 -> 3107.912 | C33: =(C34-C29)/5+C32 -> 54177.523 | D33: =(D34-D29)/5+D32 -> 6553.164 | E33: =(E34-E29)/5+E32 -> 5839.648 | F33: =(F34-F29)/5+F32 -> 107.38526 | G33: =G32-G32*0.007 -> 12.306718 | H33: =(H34-H29)/5+H32 -> 34822.021 | I33: =(I34-I29)/5+I32 -> 20225.506 | J33: =(J34-J29)/5+J32 -> 34787.689 | K33: =(K34-K29)/5+K32 -> 5900.736 | L33: =(L34-L29)/5+L32 -> 4140.5111 | M33: =(M34-M29)/5+M32 -> 20289.261 | N33: =(N34-N29)/5+N32 -> 15383.197 | O33: =(O34-O29)/5+O32 -> 4339.941 | ... R33: =(R34-R29)/5+R32 -> 2809.011
A34: 2050 | B34: 3120.21 | C34: 54968.093 | D34: 6598.6 | E34: 5926.48 | F34: 110.563 | G34: =G33-G33*0.007 -> 12.220571 | H34: 35231.031 | I34: 20758.154 | J34: 35269.512 | K34: 5950.4665 | L34: 4228.773 | M34: 20856.286 | N34: 16052.381 | O34: 4454.251 | P34: 44472.414 | Q34: 20623.289 | R34: 2865.013
A35: 2051 | B35: =(B39-B34)/5+B34 -> 3125.836 | C35: =(C39-C34)/5+C34 -> 55653.318 | D35: =(D39-D34)/5+D34 -> 6642.002 | E35: =(E39-E34)/5+E34 -> 6021.756 | F35: =(F39-F34)/5+F34 -> 114.2586 | G35: =G34-G34*0.007 -> 12.135027 | H35: =(H39-H34)/5+H34 -> 35646.204 | I35: =(I39-I34)/5+I34 -> 21332.94 | J35: =(J39-J34)/5+J34 -> 35747.529 | K35: =(K39-K34)/5+K34 -> 5994.5824 | L35: =(L39-L34)/5+L34 -> 4322.4437 | M35: =(M39-M34)/5+M34 -> 21483.536 | N35: =(N39-N34)/5+N34 -> 16877.119 | O35: =(O39-O34)/5+O34 -> 4568.3928 | ... R35: =(R39-R34)/5+R34 -> 2921.867
A36: 2052 | B36: =(B39-B34)/5+B35 -> 3131.462 | C36: =(C39-C34)/5+C35 -> 56338.544 | D36: =(D39-D34)/5+D35 -> 6685.404 | E36: =(E39-E34)/5+E35 -> 6117.032 | F36: =(F39-F34)/5+F35 -> 117.9542 | G36: =G35-G35*0.007 -> 12.050081 | H36: =(H39-H34)/5+H35 -> 36061.376 | I36: =(I39-I34)/5+I35 -> 21907.726 | J36: =(J39-J34)/5+J35 -> 36225.546 | K36: =(K39-K34)/5+K35 -> 6038.6982 | L36: =(L39-L34)/5+L35 -> 4416.1144 | M36: =(M39-M34)/5+M35 -> 22110.786 | N36: =(N39-N34)/5+N35 -> 17701.858 | O36: =(O39-O34)/5+O35 -> 4682.5346 | ... R36: =(R39-R34)/5+R35 -> 2978.721
A37: 2053 | B37: =(B39-B34)/5+B36 -> 3137.088 | C37: =(C39-C34)/5+C36 -> 57023.769 | D37: =(D39-D34)/5+D36 -> 6728.806 | E37: =(E39-E34)/5+E36 -> 6212.308 | F37: =(F39-F34)/5+F36 -> 121.6498 | G37: =G36-G36*0.007 -> 11.965731 | H37: =(H39-H34)/5+H36 -> 36476.549 | I37: =(I39-I34)/5+I36 -> 22482.512 | J37: =(J39-J34)/5+J36 -> 36703.563 | K37: =(K39-K34)/5+K36 -> 6082.8141 | L37: =(L39-L34)/5+L36 -> 4509.785 | M37: =(M39-M34)/5+M36 -> 22738.036 | N37: =(N39-N34)/5+N36 -> 18526.596 | O37: =(O39-O34)/5+O36 -> 4796.6764 | ... R37: =(R39-R34)/5+R36 -> 3035.575
A38: 2054 | B38: =(B39-B34)/5+B37 -> 3142.714 | C38: =(C39-C34)/5+C37 -> 57708.995 | D38: =(D39-D34)/5+D37 -> 6772.208 | E38: =(E39-E34)/5+E37 -> 6307.584 | F38: =(F39-F34)/5+F37 -> 125.3454 | G38: =G37-G37*0.007 -> 11.881971 | H38: =(H39-H34)/5+H37 -> 36891.721 | I38: =(I39-I34)/5+I37 -> 23057.299 | J38: =(J39-J34)/5+J37 -> 37181.58 | K38: =(K39-K34)/5+K37 -> 6126.9299 | L38: =(L39-L34)/5+L37 -> 4603.4557 | M38: =(M39-M34)/5+M37 -> 23365.286 | N38: =(N39-N34)/5+N37 -> 19351.335 | O38: =(O39-O34)/5+O37 -> 4910.8182 | ... R38: =(R39-R34)/5+R37 -> 3092.429
A39: 2055 | B39: 3148.34 | C39: 58394.22 | D39: 6815.61 | E39: 6402.86 | F39: 129.041 | G39: =G38-G38*0.007 -> 11.798797 | H39: 37306.894 | I39: 23632.085 | J39: 37659.597 | K39: 6171.0458 | L39: 4697.1264 | M39: 23992.536 | N39: 20176.073 | O39: 5024.96 | P39: 52180.754 | Q39: 22604.325 | R39: 3149.283
A40: 2056 | B40: =(B44-B39)/5+B39 -> 3148.094 | C40: =(C44-C39)/5+C39 -> 59054.777 | D40: =(D44-D39)/5+D39 -> 6854.064 | E40: =(E44-E39)/5+E39 -> 6512.924 | F40: =(F44-F39)/5+F39 -> 133.334 | G40: =G39-G39*0.007 -> 11.716205 | H40: =(H44-H39)/5+H39 -> 37733.159 | I40: =(I44-I39)/5+I39 -> 24240.385 | J40: =(J44-J39)/5+J39 -> 38136.562 | K40: =(K44-K39)/5+K39 -> 6212.4034 | L40: =(L44-L39)/5+L39 -> 4799.752 | M40: =(M44-M39)/5+M39 -> 24685.544 | N40: =(N44-N39)/5+N39 -> 21181.827 | O40: =(O44-O39)/5+O39 -> 5139.3432 | ... R40: =(R44-R39)/5+R39 -> 3208.3142
A41: 2057 | B41: =(B44-B39)/5+B40 -> 3147.848 | C41: =(C44-C39)/5+C40 -> 59715.333 | D41: =(D44-D39)/5+D40 -> 6892.518 | E41: =(E44-E39)/5+E40 -> 6622.988 | F41: =(F44-F39)/5+F40 -> 137.627 | G41: =G40-G40*0.007 -> 11.634192 | H41: =(H44-H39)/5+H40 -> 38159.425 | I41: =(I44-I39)/5+I40 -> 24848.684 | J41: =(J44-J39)/5+J40 -> 38613.526 | K41: =(K44-K39)/5+K40 -> 6253.761 | L41: =(L44-L39)/5+L40 -> 4902.3776 | M41: =(M44-M39)/5+M40 -> 25378.553 | N41: =(N44-N39)/5+N40 -> 22187.582 | O41: =(O44-O39)/5+O40 -> 5253.7264 | ... R41: =(R44-R39)/5+R40 -> 3267.3454
A42: 2058 | B42: =(B44-B39)/5+B41 -> 3147.602 | C42: =(C44-C39)/5+C41 -> 60375.89 | D42: =(D44-D39)/5+D41 -> 6930.972 | E42: =(E44-E39)/5+E41 -> 6733.052 | F42: =(F44-F39)/5+F41 -> 141.92 | G42: =G41-G41*0.007 -> 11.552753 | H42: =(H44-H39)/5+H41 -> 38585.691 | I42: =(I44-I39)/5+I41 -> 25456.984 | J42: =(J44-J39)/5+J41 -> 39090.491 | K42: =(K44-K39)/5+K41 -> 6295.1186 | L42: =(L44-L39)/5+L41 -> 5005.0031 | M42: =(M44-M39)/5+M41 -> 26071.562 | N42: =(N44-N39)/5+N41 -> 23193.336 | O42: =(O44-O39)/5+O41 -> 5368.1096 | ... R42: =(R44-R39)/5+R41 -> 3326.3766
A43: 2059 | B43: =(B44-B39)/5+B42 -> 3147.356 | C43: =(C44-C39)/5+C42 -> 61036.446 | D43: =(D44-D39)/5+D42 -> 6969.426 | E43: =(E44-E39)/5+E42 -> 6843.116 | F43: =(F44-F39)/5+F42 -> 146.213 | G43: =G42-G42*0.007 -> 11.471883 | H43: =(H44-H39)/5+H42 -> 39011.957 | I43: =(I44-I39)/5+I42 -> 26065.284 | J43: =(J44-J39)/5+J42 -> 39567.456 | K43: =(K44-K39)/5+K42 -> 6336.4762 | L43: =(L44-L39)/5+L42 -> 5107.6287 | M43: =(M44-M39)/5+M42 -> 26764.57 | N43: =(N44-N39)/5+N42 -> 24199.091 | O43: =(O44-O39)/5+O42 -> 5482.4928 | ... R43: =(R44-R39)/5+R42 -> 3385.4078
A44: 2060 | B44: 3147.11 | C44: 61697.003 | D44: 7007.88 | E44: 6953.18 | F44: 150.506 | G44: =G43-G43*0.007 -> 11.39158 | H44: 39438.223 | I44: 26673.584 | J44: 40044.421 | K44: 6377.8338 | L44: 5210.2543 | M44: 27457.579 | N44: 25204.845 | O44: 5596.876 | P44: 60552.568 | Q44: 24620.891 | R44: 3444.439
A45: 2061 | B45: =(B49-B44)/5+B44 -> 3144.368 | C45: =(C49-C44)/5+C44 -> 62322.84 | D45: =(D49-D44)/5+D44 -> 7041.024 | E45: =(E49-E44)/5+E44 -> 7069.914 | F45: =(F49-F44)/5+F44 -> 155.4462 | G45: =G44-G44*0.007 -> 11.311839 | H45: =(H49-H44)/5+H44 -> 39876.916 | I45: =(I49-I44)/5+I44 -> 27318.846 | J45: =(J49-J44)/5+J44 -> 40512.959 | K45: =(K49-K44)/5+K44 -> 6417.2675 | L45: =(L49-L44)/5+L44 -> 5322.1087 | M45: =(M49-M44)/5+M44 -> 28211.438 | N45: =(N49-N44)/5+N44 -> 26417.704 | O45: =(O49-O44)/5+O44 -> 5711.4768 | ... R45: =(R49-R44)/5+R44 -> 3505.4856
A46: 2062 | B46: =(B49-B44)/5+B45 -> 3141.626 | C46: =(C49-C44)/5+C45 -> 62948.677 | D46: =(D49-D44)/5+D45 -> 7074.168 | E46: =(E49-E44)/5+E45 -> 7186.648 | F46: =(F49-F44)/5+F45 -> 160.3864 | G46: =G45-G45*0.007 -> 11.232656 | H46: =(H49-H44)/5+H45 -> 40315.608 | I46: =(I49-I44)/5+I45 -> 27964.107 | J46: =(J49-J44)/5+J45 -> 40981.496 | K46: =(K49-K44)/5+K45 -> 6456.7011 | L46: =(L49-L44)/5+L45 -> 5433.9631 | M46: =(M49-M44)/5+M45 -> 28965.298 | N46: =(N49-N44)/5+N45 -> 27630.564 | O46: =(O49-O44)/5+O45 -> 5826.0776 | ... R46: =(R49-R44)/5+R45 -> 3566.5322
A47: 2063 | B47: =(B49-B44)/5+B46 -> 3138.884 | C47: =(C49-C44)/5+C46 -> 63574.514 | D47: =(D49-D44)/5+D46 -> 7107.312 | E47: =(E49-E44)/5+E46 -> 7303.382 | F47: =(F49-F44)/5+F46 -> 165.3266 | G47: =G46-G46*0.007 -> 11.154028 | H47: =(H49-H44)/5+H46 -> 40754.301 | I47: =(I49-I44)/5+I46 -> 28609.369 | J47: =(J49-J44)/5+J46 -> 41450.034 | K47: =(K49-K44)/5+K46 -> 6496.1348 | L47: =(L49-L44)/5+L46 -> 5545.8175 | M47: =(M49-M44)/5+M46 -> 29719.157 | N47: =(N49-N44)/5+N46 -> 28843.423 | O47: =(O49-O44)/5+O46 -> 5940.6784 | ... R47: =(R49-R44)/5+R46 -> 3627.5788
A48: 2064 | B48: =(B49-B44)/5+B47 -> 3136.142 | C48: =(C49-C44)/5+C47 -> 64200.351 | D48: =(D49-D44)/5+D47 -> 7140.456 | E48: =(E49-E44)/5+E47 -> 7420.116 | F48: =(F49-F44)/5+F47 -> 170.2668 | G48: =G47-G47*0.007 -> 11.075949 | H48: =(H49-H44)/5+H47 -> 41192.993 | I48: =(I49-I44)/5+I47 -> 29254.631 | J48: =(J49-J44)/5+J47 -> 41918.572 | K48: =(K49-K44)/5+K47 -> 6535.5684 | L48: =(L49-L44)/5+L47 -> 5657.6719 | M48: =(M49-M44)/5+M47 -> 30473.017 | N48: =(N49-N44)/5+N47 -> 30056.282 | O48: =(O49-O44)/5+O47 -> 6055.2792 | ... R48: =(R49-R44)/5+R47 -> 3688.6254
A49: 2065 | B49: 3133.4 | C49: 64826.188 | D49: 7173.6 | E49: 7536.85 | F49: 175.207 | G49: =G48-G48*0.007 -> 10.998418 | H49: 41631.686 | I49: 29899.893 | J49: 42387.11 | K49: 6575.0021 | L49: 5769.5263 | M49: 31226.876 | N49: 31269.141 | O49: 6169.88 | P49: 69527.066 | Q49: 26664.477 | R49: 3749.672
A50: 2066 | B50: =(B54-B49)/5+B49 -> 3127.558 | C50: =(C54-C49)/5+C49 -> 65329.606 | D50: =(D54-D49)/5+D49 -> 7200.24 | E50: =(E54-E49)/5+E49 -> 7658.53 | F50: =(F54-F49)/5+F49 -> 180.6334 | G50: =G49-G49*0.007 -> 10.921429 | H50: =(H54-H49)/5+H49 -> 42066.691 | I50: =(I54-I49)/5+I49 -> 30567.527 | J50: =(J54-J49)/5+J49 -> 42826.903 | K50: =(K54-K49)/5+K49 -> 6609.6416 | L50: =(L54-L49)/5+L49 -> 5887.5141 | M50: =(M54-M49)/5+M49 -> 32014.024 | N50: =(N54-N49)/5+N49 -> 32700.14 | O50: =(O54-O49)/5+O49 -> 6281.8272 | ... R50: =(R54-R49)/5+R49 -> 3810.825
A51: 2067 | B51: =(B54-B49)/5+B50 -> 3121.716 | C51: =(C54-C49)/5+C50 -> 65833.024 | D51: =(D54-D49)/5+D50 -> 7226.88 | E51: =(E54-E49)/5+E50 -> 7780.21 | F51: =(F54-F49)/5+F50 -> 186.0598 | G51: =G50-G50*0.007 -> 10.844979 | H51: =(H54-H49)/5+H50 -> 42501.696 | I51: =(I54-I49)/5+I50 -> 31235.162 | J51: =(J54-J49)/5+J50 -> 43266.697 | K51: =(K54-K49)/5+K50 -> 6644.2811 | L51: =(L54-L49)/5+L50 -> 6005.502 | M51: =(M54-M49)/5+M50 -> 32801.172 | N51: =(N54-N49)/5+N50 -> 34131.139 | O51: =(O54-O49)/5+O50 -> 6393.7744 | ... R51: =(R54-R49)/5+R50 -> 3871.978
A52: 2068 | B52: =(B54-B49)/5+B51 -> 3115.874 | C52: =(C54-C49)/5+C51 -> 66336.442 | D52: =(D54-D49)/5+D51 -> 7253.52 | E52: =(E54-E49)/5+E51 -> 7901.89 | F52: =(F54-F49)/5+F51 -> 191.4862 | G52: =G51-G51*0.007 -> 10.769064 | H52: =(H54-H49)/5+H51 -> 42936.701 | I52: =(I54-I49)/5+I51 -> 31902.797 | J52: =(J54-J49)/5+J51 -> 43706.491 | K52: =(K54-K49)/5+K51 -> 6678.9207 | L52: =(L54-L49)/5+L51 -> 6123.4898 | M52: =(M54-M49)/5+M51 -> 33588.319 | N52: =(N54-N49)/5+N51 -> 35562.138 | O52: =(O54-O49)/5+O51 -> 6505.7216 | ... R52: =(R54-R49)/5+R51 -> 3933.131
A53: 2069 | B53: =(B54-B49)/5+B52 -> 3110.032 | C53: =(C54-C49)/5+C52 -> 66839.86 | D53: =(D54-D49)/5+D52 -> 7280.16 | E53: =(E54-E49)/5+E52 -> 8023.57 | F53: =(F54-F49)/5+F52 -> 196.9126 | G53: =G52-G52*0.007 -> 10.693681 | H53: =(H54-H49)/5+H52 -> 43371.706 | I53: =(I54-I49)/5+I52 -> 32570.431 | J53: =(J54-J49)/5+J52 -> 44146.285 | K53: =(K54-K49)/5+K52 -> 6713.5602 | L53: =(L54-L49)/5+L52 -> 6241.4777 | M53: =(M54-M49)/5+M52 -> 34375.467 | N53: =(N54-N49)/5+N52 -> 36993.137 | O53: =(O54-O49)/5+O52 -> 6617.6688 | ... R53: =(R54-R49)/5+R52 -> 3994.284
A54: 2070 | B54: 3104.19 | C54: 67343.278 | D54: 7306.8 | E54: 8145.25 | F54: 202.339 | G54: =G53-G53*0.007 -> 10.618825 | H54: 43806.71 | I54: 33238.066 | J54: 44586.078 | K54: 6748.1997 | L54: 6359.4655 | M54: 35162.614 | N54: 38424.136 | O54: 6729.616 | P54: 78829.624 | Q54: 28692.738 | R54: 4055.437
A55: 2071 | B55: =(B59-B54)/5+B54 -> 3095.18 | C55: =(C59-C54)/5+C54 -> 67717.769 | D55: =(D59-D54)/5+D54 -> 7328.06 | E55: =(E59-E54)/5+E54 -> 8268.47 | F55: =(F59-F54)/5+F54 -> 208.176 | G55: =G54-G54*0.007 -> 10.544493 | H55: =(H59-H54)/5+H54 -> 44232.837 | I55: =(I59-I54)/5+I54 -> 33919.444 | J55: =(J59-J54)/5+J54 -> 44994.813 | K55: =(K59-K54)/5+K54 -> 6777.3133 | L55: =(L59-L54)/5+L54 -> 6481.207 | M55: =(M59-M54)/5+M54 -> 35982.546 | N55: =(N59-N54)/5+N54 -> 40094.011 | O55: =(O59-O54)/5+O54 -> 6834.2696 | ... R55: =(R59-R54)/5+R54 -> 4115.4156
A56: 2072 | B56: =(B59-B54)/5+B55 -> 3086.17 | C56: =(C59-C54)/5+C55 -> 68092.26 | D56: =(D59-D54)/5+D55 -> 7349.32 | E56: =(E59-E54)/5+E55 -> 8391.69 | F56: =(F59-F54)/5+F55 -> 214.013 | G56: =G55-G55*0.007 -> 10.470682 | H56: =(H59-H54)/5+H55 -> 44658.963 | I56: =(I59-I54)/5+I55 -> 34600.822 | J56: =(J59-J54)/5+J55 -> 45403.549 | K56: =(K59-K54)/5+K55 -> 6806.427 | L56: =(L59-L54)/5+L55 -> 6602.9485 | M56: =(M59-M54)/5+M55 -> 36802.478 | N56: =(N59-N54)/5+N55 -> 41763.886 | O56: =(O59-O54)/5+O55 -> 6938.9232 | ... R56: =(R59-R54)/5+R55 -> 4175.3942
A57: 2073 | B57: =(B59-B54)/5+B56 -> 3077.16 | C57: =(C59-C54)/5+C56 -> 68466.751 | D57: =(D59-D54)/5+D56 -> 7370.58 | E57: =(E59-E54)/5+E56 -> 8514.91 | F57: =(F59-F54)/5+F56 -> 219.85 | G57: =G56-G56*0.007 -> 10.397387 | H57: =(H59-H54)/5+H56 -> 45085.089 | I57: =(I59-I54)/5+I56 -> 35282.2 | J57: =(J59-J54)/5+J56 -> 45812.284 | K57: =(K59-K54)/5+K56 -> 6835.5406 | L57: =(L59-L54)/5+L56 -> 6724.69 | M57: =(M59-M54)/5+M56 -> 37622.409 | N57: =(N59-N54)/5+N56 -> 43433.76 | O57: =(O59-O54)/5+O56 -> 7043.5768 | ... R57: =(R59-R54)/5+R56 -> 4235.3728
A58: 2074 | B58: =(B59-B54)/5+B57 -> 3068.15 | C58: =(C59-C54)/5+C57 -> 68841.242 | D58: =(D59-D54)/5+D57 -> 7391.84 | E58: =(E59-E54)/5+E57 -> 8638.13 | F58: =(F59-F54)/5+F57 -> 225.687 | G58: =G57-G57*0.007 -> 10.324605 | H58: =(H59-H54)/5+H57 -> 45511.215 | I58: =(I59-I54)/5+I57 -> 35963.578 | J58: =(J59-J54)/5+J57 -> 46221.019 | K58: =(K59-K54)/5+K57 -> 6864.6543 | L58: =(L59-L54)/5+L57 -> 6846.4315 | M58: =(M59-M54)/5+M57 -> 38442.341 | N58: =(N59-N54)/5+N57 -> 45103.635 | O58: =(O59-O54)/5+O57 -> 7148.2304 | ... R58: =(R59-R54)/5+R57 -> 4295.3514
A59: 2075 | B59: 3059.14 | C59: 69215.733 | D59: 7413.1 | E59: 8761.35 | F59: 231.524 | G59: =G58-G58*0.007 -> 10.252333 | H59: 45937.341 | I59: 36644.957 | J59: 46629.755 | K59: 6893.7679 | L59: 6968.173 | M59: 39262.272 | N59: 46773.509 | O59: 7252.884 | P59: 88427.578 | Q59: 30694.129 | R59: 4355.33
A60: 2076 | B60: =(B64-B59)/5+B59 -> 3047.166 | C60: =(C64-C59)/5+C59 -> 69490.551 | D60: =(D64-D59)/5+D59 -> 7432.194 | E60: =(E64-E59)/5+E59 -> 8886.588 | F60: =(F64-F59)/5+F59 -> 237.7938 | G60: =G59-G59*0.007 -> 10.180566 | H60: =(H64-H59)/5+H59 -> 46351.63 | I60: =(I64-I59)/5+I59 -> 37324.181 | J60: =(J64-J59)/5+J59 -> 47005.413 | K60: =(K64-K59)/5+K59 -> 6918.4347 | L60: =(L64-L59)/5+L59 -> 7094.5456 | M60: =(M64-M59)/5+M59 -> 40114.779 | N60: =(N64-N59)/5+N59 -> 48690.982 | O60: =(O64-O59)/5+O59 -> 7349.918 | ... R60: =(R64-R59)/5+R59 -> 4413.1728
A61: 2077 | B61: =(B64-B59)/5+B60 -> 3035.192 | C61: =(C64-C59)/5+C60 -> 69765.369 | D61: =(D64-D59)/5+D60 -> 7451.288 | E61: =(E64-E59)/5+E60 -> 9011.826 | F61: =(F64-F59)/5+F60 -> 244.0636 | G61: =G60-G60*0.007 -> 10.109303 | H61: =(H64-H59)/5+H60 -> 46765.919 | I61: =(I64-I59)/5+I60 -> 38003.406 | J61: =(J64-J59)/5+J60 -> 47381.072 | K61: =(K64-K59)/5+K60 -> 6943.1014 | L61: =(L64-L59)/5+L60 -> 7220.9182 | M61: =(M64-M59)/5+M60 -> 40967.285 | N61: =(N64-N59)/5+N60 -> 50608.455 | O61: =(O64-O59)/5+O60 -> 7446.952 | ... R61: =(R64-R59)/5+R60 -> 4471.0156
A62: 2078 | B62: =(B64-B59)/5+B61 -> 3023.218 | C62: =(C64-C59)/5+C61 -> 70040.188 | D62: =(D64-D59)/5+D61 -> 7470.382 | E62: =(E64-E59)/5+E61 -> 9137.064 | F62: =(F64-F59)/5+F61 -> 250.3334 | G62: =G61-G61*0.007 -> 10.038537 | H62: =(H64-H59)/5+H61 -> 47180.207 | I62: =(I64-I59)/5+I61 -> 38682.631 | J62: =(J64-J59)/5+J61 -> 47756.73 | K62: =(K64-K59)/5+K61 -> 6967.7682 | L62: =(L64-L59)/5+L61 -> 7347.2908 | M62: =(M64-M59)/5+M61 -> 41819.792 | N62: =(N64-N59)/5+N61 -> 52525.927 | O62: =(O64-O59)/5+O61 -> 7543.986 | ... R62: =(R64-R59)/5+R61 -> 4528.8584
A63: 2079 | B63: =(B64-B59)/5+B62 -> 3011.244 | C63: =(C64-C59)/5+C62 -> 70315.006 | D63: =(D64-D59)/5+D62 -> 7489.476 | E63: =(E64-E59)/5+E62 -> 9262.302 | F63: =(F64-F59)/5+F62 -> 256.6032 | G63: =G62-G62*0.007 -> 9.9682677 | H63: =(H64-H59)/5+H62 -> 47594.496 | I63: =(I64-I59)/5+I62 -> 39361.855 | J63: =(J64-J59)/5+J62 -> 48132.389 | K63: =(K64-K59)/5+K62 -> 6992.4349 | L63: =(L64-L59)/5+L62 -> 7473.6634 | M63: =(M64-M59)/5+M62 -> 42672.298 | N63: =(N64-N59)/5+N62 -> 54443.4 | O63: =(O64-O59)/5+O62 -> 7641.02 | ... R63: =(R64-R59)/5+R62 -> 4586.7012
A64: 2080 | B64: 2999.27 | C64: 70589.824 | D64: 7508.57 | E64: 9387.54 | F64: 262.873 | G64: =G63-G63*0.007 -> 9.8984898 | H64: 48008.785 | I64: 40041.08 | J64: 48508.047 | K64: 7017.1017 | L64: 7600.036 | M64: 43524.805 | N64: 56360.873 | O64: 7738.054 | P64: 98074.749 | Q64: 32644.635 | R64: 4644.544
A65: 2081 | B65: =(B69-B64)/5+B64 -> 2985.19 | C65: =(C69-C64)/5+C64 -> 70791.723 | D65: =(D69-D64)/5+D64 -> 7527.222 | E65: =(E69-E64)/5+E64 -> 9518.752 | F65: =(F69-F64)/5+F64 -> 269.609 | G65: =G64-G64*0.007 -> 9.8292004 | H65: =(H69-H64)/5+H64 -> 48411.81 | I65: =(I69-I64)/5+I64 -> 40715.444 | J65: =(J69-J64)/5+J64 -> 48852.362 | K65: =(K69-K64)/5+K64 -> 7039.7509 | L65: =(L69-L64)/5+L64 -> 7733.9542 | M65: =(M69-M64)/5+M64 -> 44412.802 | N65: =(N69-N64)/5+N64 -> 58537.933 | O65: =(O69-O64)/5+O64 -> 7830.0652 | ... R65: =(R69-R64)/5+R64 -> 4699.4838
A66: 2082 | B66: =(B69-B64)/5+B65 -> 2971.11 | C66: =(C69-C64)/5+C65 -> 70993.622 | D66: =(D69-D64)/5+D65 -> 7545.874 | E66: =(E69-E64)/5+E65 -> 9649.964 | F66: =(F69-F64)/5+F65 -> 276.345 | G66: =G65-G65*0.007 -> 9.7603959 | H66: =(H69-H64)/5+H65 -> 48814.835 | I66: =(I69-I64)/5+I65 -> 41389.809 | J66: =(J69-J64)/5+J65 -> 49196.676 | K66: =(K69-K64)/5+K65 -> 7062.4001 | L66: =(L69-L64)/5+L65 -> 7867.8724 | M66: =(M69-M64)/5+M65 -> 45300.8 | N66: =(N69-N64)/5+N65 -> 60714.994 | O66: =(O69-O64)/5+O65 -> 7922.0764 | ... R66: =(R69-R64)/5+R65 -> 4754.4236
A67: 2083 | B67: =(B69-B64)/5+B66 -> 2957.03 | C67: =(C69-C64)/5+C66 -> 71195.52 | D67: =(D69-D64)/5+D66 -> 7564.526 | E67: =(E69-E64)/5+E66 -> 9781.176 | F67: =(F69-F64)/5+F66 -> 283.081 | G67: =G66-G66*0.007 -> 9.6920732 | H67: =(H69-H64)/5+H66 -> 49217.86 | I67: =(I69-I64)/5+I66 -> 42064.173 | J67: =(J69-J64)/5+J66 -> 49540.991 | K67: =(K69-K64)/5+K66 -> 7085.0493 | L67: =(L69-L64)/5+L66 -> 8001.7906 | M67: =(M69-M64)/5+M66 -> 46188.797 | N67: =(N69-N64)/5+N66 -> 62892.054 | O67: =(O69-O64)/5+O66 -> 8014.0876 | ... R67: =(R69-R64)/5+R66 -> 4809.3634
A68: 2084 | B68: =(B69-B64)/5+B67 -> 2942.95 | C68: =(C69-C64)/5+C67 -> 71397.419 | D68: =(D69-D64)/5+D67 -> 7583.178 | E68: =(E69-E64)/5+E67 -> 9912.388 | F68: =(F69-F64)/5+F67 -> 289.817 | G68: =G67-G67*0.007 -> 9.6242287 | H68: =(H69-H64)/5+H67 -> 49620.886 | I68: =(I69-I64)/5+I67 -> 42738.537 | J68: =(J69-J64)/5+J67 -> 49885.306 | K68: =(K69-K64)/5+K67 -> 7107.6985 | L68: =(L69-L64)/5+L67 -> 8135.7088 | M68: =(M69-M64)/5+M67 -> 47076.795 | N68: =(N69-N64)/5+N67 -> 65069.115 | O68: =(O69-O64)/5+O67 -> 8106.0988 | ... R68: =(R69-R64)/5+R67 -> 4864.3032
A69: 2085 | B69: 2928.87 | C69: 71599.318 | D69: 7601.83 | E69: 10043.6 | F69: 296.553 | G69: =G68-G68*0.007 -> 9.5568591 | H69: 50023.911 | I69: 43412.901 | J69: 50229.62 | K69: 7130.3477 | L69: 8269.627 | M69: 47964.792 | N69: 67246.175 | O69: 8198.11 | P69: 107686 | Q69: 34547.942 | R69: 4919.243
A70: 2086 | B70: =(B74-B69)/5+B69 -> 2913.096 | C70: =(C74-C69)/5+C69 -> 71762.502 | D70: =(D74-D69)/5+D69 -> 7618.882 | E70: =(E74-E69)/5+E69 -> 10184.32 | F70: =(F74-F69)/5+F69 -> 303.7968 | G70: =G69-G69*0.007 -> 9.4899611 | H70: =(H74-H69)/5+H69 -> 50417.186 | I70: =(I74-I69)/5+I69 -> 44081.031 | J70: =(J74-J69)/5+J69 -> 50545.098 | K70: =(K74-K69)/5+K69 -> 7153.2663 | L70: =(L74-L69)/5+L69 -> 8413.2242 | M70: =(M74-M69)/5+M69 -> 48895.883 | N70: =(N74-N69)/5+N69 -> 69696.558 | O70: =(O74-O69)/5+O69 -> 8287.9704 | ... R70: =(R74-R69)/5+R69 -> 4970.9732
A71: 2087 | B71: =(B74-B69)/5+B70 -> 2897.322 | C71: =(C74-C69)/5+C70 -> 71925.687 | D71: =(D74-D69)/5+D70 -> 7635.934 | E71: =(E74-E69)/5+E70 -> 10325.04 | F71: =(F74-F69)/5+F70 -> 311.0406 | G71: =G70-G70*0.007 -> 9.4235313 | H71: =(H74-H69)/5+H70 -> 50810.462 | I71: =(I74-I69)/5+I70 -> 44749.161 | J71: =(J74-J69)/5+J70 -> 50860.577 | K71: =(K74-K69)/5+K70 -> 7176.1848 | L71: =(L74-L69)/5+L70 -> 8556.8214 | M71: =(M74-M69)/5+M70 -> 49826.974 | N71: =(N74-N69)/5+N70 -> 72146.942 | O71: =(O74-O69)/5+O70 -> 8377.8308 | ... R71: =(R74-R69)/5+R70 -> 5022.7034
A72: 2088 | B72: =(B74-B69)/5+B71 -> 2881.548 | C72: =(C74-C69)/5+C71 -> 72088.871 | D72: =(D74-D69)/5+D71 -> 7652.986 | E72: =(E74-E69)/5+E71 -> 10465.76 | F72: =(F74-F69)/5+F71 -> 318.2844 | G72: =G71-G71*0.007 -> 9.3575666 | H72: =(H74-H69)/5+H71 -> 51203.737 | I72: =(I74-I69)/5+I71 -> 45417.291 | J72: =(J74-J69)/5+J71 -> 51176.055 | K72: =(K74-K69)/5+K71 -> 7199.1034 | L72: =(L74-L69)/5+L71 -> 8700.4186 | M72: =(M74-M69)/5+M71 -> 50758.065 | N72: =(N74-N69)/5+N71 -> 74597.325 | O72: =(O74-O69)/5+O71 -> 8467.6912 | ... R72: =(R74-R69)/5+R71 -> 5074.4336
A73: 2089 | B73: =(B74-B69)/5+B72 -> 2865.774 | C73: =(C74-C69)/5+C72 -> 72252.056 | D73: =(D74-D69)/5+D72 -> 7670.038 | E73: =(E74-E69)/5+E72 -> 10606.48 | F73: =(F74-F69)/5+F72 -> 325.5282 | G73: =G72-G72*0.007 -> 9.2920636 | H73: =(H74-H69)/5+H72 -> 51597.013 | I73: =(I74-I69)/5+I72 -> 46085.421 | J73: =(J74-J69)/5+J72 -> 51491.533 | K73: =(K74-K69)/5+K72 -> 7222.0219 | L73: =(L74-L69)/5+L72 -> 8844.0158 | M73: =(M74-M69)/5+M72 -> 51689.155 | N73: =(N74-N69)/5+N72 -> 77047.709 | O73: =(O74-O69)/5+O72 -> 8557.5516 | ... R73: =(R74-R69)/5+R72 -> 5126.1638
A74: 2090 | B74: 2850 | C74: 72415.24 | D74: 7687.09 | E74: 10747.2 | F74: 332.772 | G74: =G73-G73*0.007 -> 9.2270192 | H74: 51990.288 | I74: 46753.551 | J74: 51807.011 | K74: 7244.9405 | L74: 8987.613 | M74: 52620.246 | N74: 79498.092 | O74: 8647.412 | P74: 117258.69 | Q74: 36402.042 | R74: 5177.894
A75: 2091 | B75: =(B79-B74)/5+B74 -> 2832.902 | C75: =(C79-C74)/5+C74 -> 72547.917 | D75: =(D79-D74)/5+D74 -> 7700.066 | E75: =(E79-E74)/5+E74 -> 10896.44 | F75: =(F79-F74)/5+F74 -> 340.5136 | G75: =G74-G74*0.007 -> 9.1624301 | H75: =(H79-H74)/5+H74 -> 52374.408 | I75: =(I79-I74)/5+I74 -> 47414.347 | J75: =(J79-J74)/5+J74 -> 52092.876 | K75: =(K79-K74)/5+K74 -> 7268.9374 | L75: =(L79-L74)/5+L74 -> 9140.4244 | M75: =(M79-M74)/5+M74 -> 53596.033 | N75: =(N79-N74)/5+N74 -> 82230.47 | O75: =(O79-O74)/5+O74 -> 8737.2766 | ... R75: =(R79-R74)/5+R74 -> 5226.4154
A76: 2092 | B76: =(B79-B74)/5+B75 -> 2815.804 | C76: =(C79-C74)/5+C75 -> 72680.594 | D76: =(D79-D74)/5+D75 -> 7713.042 | E76: =(E79-E74)/5+E75 -> 11045.68 | F76: =(F79-F74)/5+F75 -> 348.2552 | G76: =G75-G75*0.007 -> 9.098293 | H76: =(H79-H74)/5+H75 -> 52758.528 | I76: =(I79-I74)/5+I75 -> 48075.142 | J76: =(J79-J74)/5+J75 -> 52378.74 | K76: =(K79-K74)/5+K75 -> 7292.9343 | L76: =(L79-L74)/5+L75 -> 9293.2358 | M76: =(M79-M74)/5+M75 -> 54571.82 | N76: =(N79-N74)/5+N75 -> 84962.848 | O76: =(O79-O74)/5+O75 -> 8827.1412 | ... R76: =(R79-R74)/5+R75 -> 5274.9368
A77: 2093 | B77: =(B79-B74)/5+B76 -> 2798.706 | C77: =(C79-C74)/5+C76 -> 72813.271 | D77: =(D79-D74)/5+D76 -> 7726.018 | E77: =(E79-E74)/5+E76 -> 11194.92 | F77: =(F79-F74)/5+F76 -> 355.9968 | G77: =G76-G76*0.007 -> 9.034605 | H77: =(H79-H74)/5+H76 -> 53142.648 | I77: =(I79-I74)/5+I76 -> 48735.938 | J77: =(J79-J74)/5+J76 -> 52664.604 | K77: =(K79-K74)/5+K76 -> 7316.9313 | L77: =(L79-L74)/5+L76 -> 9446.0472 | M77: =(M79-M74)/5+M76 -> 55547.607 | N77: =(N79-N74)/5+N76 -> 87695.225 | O77: =(O79-O74)/5+O76 -> 8917.0058 | ... R77: =(R79-R74)/5+R76 -> 5323.4582
A78: 2094 | B78: =(B79-B74)/5+B77 -> 2781.608 | C78: =(C79-C74)/5+C77 -> 72945.948 | D78: =(D79-D74)/5+D77 -> 7738.994 | E78: =(E79-E74)/5+E77 -> 11344.16 | F78: =(F79-F74)/5+F77 -> 363.7384 | G78: =G77-G77*0.007 -> 8.9713628 | H78: =(H79-H74)/5+H77 -> 53526.768 | I78: =(I79-I74)/5+I77 -> 49396.734 | J78: =(J79-J74)/5+J77 -> 52950.469 | K78: =(K79-K74)/5+K77 -> 7340.9282 | L78: =(L79-L74)/5+L77 -> 9598.8586 | M78: =(M79-M74)/5+M77 -> 56523.394 | N78: =(N79-N74)/5+N77 -> 90427.603 | O78: =(O79-O74)/5+O77 -> 9006.8704 | ... R78: =(R79-R74)/5+R77 -> 5371.9796
A79: 2095 | B79: 2764.51 | C79: 73078.625 | D79: 7751.97 | E79: 11493.4 | F79: 371.48 | G79: =G78-G78*0.007 -> 8.9085632 | H79: 53910.887 | I79: 50057.53 | J79: 53236.333 | K79: 7364.9251 | L79: 9751.67 | M79: 57499.181 | N79: 93159.981 | O79: 9096.735 | P79: 126800.63 | Q79: 38209.021 | R79: 5420.501
A80: 2096 | B80: =(B84-B79)/5+B79 -> 2746.806 | C80: =(C84-C79)/5+C79 -> 73153.642 | D80: =(D84-D79)/5+D79 -> 7758.134 | E80: =(E84-E79)/5+E79 -> 11645.2 | F80: =(F84-F79)/5+F79 -> 379.6734 | G80: =G79-G79*0.007 -> 8.8462033 | H80: =(H84-H79)/5+H79 -> 54281.258 | I80: =(I84-I79)/5+I79 -> 50710.368 | J80: =(J84-J79)/5+J79 -> 53485.152 | K80: =(K84-K79)/5+K79 -> 7388.4468 | L80: =(L84-L79)/5+L79 -> 9911.3956 | M80: =(M84-M79)/5+M79 -> 58511.337 | N80: =(N84-N79)/5+N79 -> 96179.556 | O80: =(O84-O79)/5+O79 -> 9187.3628 | ... R80: =(R84-R79)/5+R79 -> 5465.5638
A81: 2097 | B81: =(B84-B79)/5+B80 -> 2729.102 | C81: =(C84-C79)/5+C80 -> 73228.659 | D81: =(D84-D79)/5+D80 -> 7764.298 | E81: =(E84-E79)/5+E80 -> 11797 | F81: =(F84-F79)/5+F80 -> 387.8668 | G81: =G80-G80*0.007 -> 8.7842799 | H81: =(H84-H79)/5+H80 -> 54651.629 | I81: =(I84-I79)/5+I80 -> 51363.207 | J81: =(J84-J79)/5+J80 -> 53733.971 | K81: =(K84-K79)/5+K80 -> 7411.9685 | L81: =(L84-L79)/5+L80 -> 10071.121 | M81: =(M84-M79)/5+M80 -> 59523.493 | N81: =(N84-N79)/5+N80 -> 99199.132 | O81: =(O84-O79)/5+O80 -> 9277.9906 | ... R81: =(R84-R79)/5+R80 -> 5510.6266
A82: 2098 | B82: =(B84-B79)/5+B81 -> 2711.398 | C82: =(C84-C79)/5+C81 -> 73303.677 | D82: =(D84-D79)/5+D81 -> 7770.462 | E82: =(E84-E79)/5+E81 -> 11948.8 | F82: =(F84-F79)/5+F81 -> 396.0602 | G82: =G81-G81*0.007 -> 8.7227899 | H82: =(H84-H79)/5+H81 -> 55022.001 | I82: =(I84-I79)/5+I81 -> 52016.045 | J82: =(J84-J79)/5+J81 -> 53982.789 | K82: =(K84-K79)/5+K81 -> 7435.4901 | L82: =(L84-L79)/5+L81 -> 10230.847 | M82: =(M84-M79)/5+M81 -> 60535.649 | N82: =(N84-N79)/5+N81 -> 102218.71 | O82: =(O84-O79)/5+O81 -> 9368.6184 | ... R82: =(R84-R79)/5+R81 -> 5555.6894
A83: 2099 | B83: =(B84-B79)/5+B82 -> 2693.694 | C83: =(C84-C79)/5+C82 -> 73378.694 | D83: =(D84-D79)/5+D82 -> 7776.626 | E83: =(E84-E79)/5+E82 -> 12100.6 | F83: =(F84-F79)/5+F82 -> 404.2536 | G83: =G82-G82*0.007 -> 8.6617304 | H83: =(H84-H79)/5+H82 -> 55392.372 | I83: =(I84-I79)/5+I82 -> 52668.883 | J83: =(J84-J79)/5+J82 -> 54231.608 | K83: =(K84-K79)/5+K82 -> 7459.0118 | L83: =(L84-L79)/5+L82 -> 10390.572 | M83: =(M84-M79)/5+M82 -> 61547.805 | N83: =(N84-N79)/5+N82 -> 105238.28 | O83: =(O84-O79)/5+O82 -> 9459.2462 | ... R83: =(R84-R79)/5+R82 -> 5600.7522
A84: 2100 | B84: 2675.99 | C84: 73453.711 | D84: 7782.79 | E84: 12252.4 | F84: 412.447 | G84: =G83-G83*0.007 -> 8.6010983 | H84: 55762.743 | I84: 53321.721 | J84: 54480.427 | K84: 7482.5335 | L84: 10550.298 | M84: 62559.961 | N84: 108257.86 | O84: 9549.874 | P84: 136375.53 | Q84: 39963.289 | R84: 5645.815

Sheet TOT_POP
B1: 01_KOR | C1: 02_CHN | D1: 03_JPN | E1: 04_RUS | F1: 05_MNG | G1: 06_PRK | H1: 07_NAM | I1: 08_LAM | J1: 09_WEU | K1: 10_EEU | L1: 11_FSU | M1: 12_MEA | N1: 13_AFR | O1: 14_CPA | P1: 15_SAS | Q1: 16_PAS | R1: 17_PAO
A2: 2018 | B2: =Baseyear!B25 -> 51.585058 | C2: =Baseyear!C25 -> 1410.2126 | D2: =Baseyear!D25 -> 126.811 | E2: =Baseyear!E25 -> 144.47786 | F2: =Baseyear!F25 -> 3.163991 | G2: =Baseyear!G25 -> 25.638149 | H2: =Baseyear!H25 -> 367.37232 | I2: =Baseyear!I25 -> 606.01284 | ... R2: =Baseyear!R25 -> 29.863858
A3: 2019 | B3: =Baseyear!B26 -> 51.764822 | C3: =Baseyear!C26 -> 1415.2529 | D3: =Baseyear!D26 -> 126.633 | E3: =Baseyear!E26 -> 144.40626 | F3: =Baseyear!F26 -> 3.23243 | G3: =Baseyear!G26 -> 25.755441 | H3: =Baseyear!H26 -> 369.40017 | I3: =Baseyear!I26 -> 612.53262 | ... R3: =Baseyear!R26 -> 30.314026
A4: 2020 | B4: 51.858125 | C4: 1431.4999 | D4: 125.54277 | E4: 145.76166 | F4: 3.26646 | G4: 25.813238 | H4: 376.69581 | I4: 616.16249 | J4: 507.43512 | K4: 119.39772 | L4: 147.826 | M4: 504.77669 | N4: 1056.8717 | O4: 119.76551 | P4: 1833.4695 | Q4: 585.76563 | R4: 30.570668
A5: 2021 | B5: =(B9-B4)/5+B4 -> 51.786592 | C5: =(C9-C4)/5+C4 -> 1431.9813 | D5: =(D9-D4)/5+D4 -> 124.92877 | E5: =(E9-E4)/5+E4 -> 145.68343 | F5: =(F9-F4)/5+F4 -> 3.3146956 | G5: =(G9-G4)/5+G4 -> 25.930335 | H5: =(H9-H4)/5+H4 -> 378.16362 | I5: =(I9-I4)/5+I4 -> 620.40692 | ... R5: =(R9-R4)/5+R4 -> 30.805844
A6: 2022 | B6: =(B9-B4)/5+B5 -> 51.715059 | C6: =(C9-C4)/5+C5 -> 1432.4626 | D6: =(D9-D4)/5+D5 -> 124.31477 | E6: =(E9-E4)/5+E5 -> 145.60519 | F6: =(F9-F4)/5+F5 -> 3.3629312 | G6: =(G9-G4)/5+G5 -> 26.047432 | H6: =(H9-H4)/5+H5 -> 379.63143 | I6: =(I9-I4)/5+I5 -> 624.65136 | ... R6: =(R9-R4)/5+R5 -> 31.04102
A7: 2023 | B7: =(B9-B4)/5+B6 -> 51.643525 | C7: =(C9-C4)/5+C6 -> 1432.9439 | D7: =(D9-D4)/5+D6 -> 123.70077 | E7: =(E9-E4)/5+E6 -> 145.52696 | F7: =(F9-F4)/5+F6 -> 3.4111668 | G7: =(G9-G4)/5+G6 -> 26.164528 | H7: =(H9-H4)/5+H6 -> 381.09923 | I7: =(I9-I4)/5+I6 -> 628.89579 | ... R7: =(R9-R4)/5+R6 -> 31.276195
A8: 2024 | B8: =(B9-B4)/5+B7 -> 51.571992 | C8: =(C9-C4)/5+C7 -> 1433.4252 | D8: =(D9-D4)/5+D7 -> 123.08677 | E8: =(E9-E4)/5+E7 -> 145.44873 | F8: =(F9-F4)/5+F7 -> 3.4594024 | G8: =(G9-G4)/5+G7 -> 26.281625 | H8: =(H9-H4)/5+H7 -> 382.56704 | I8: =(I9-I4)/5+I7 -> 633.14023 | ... R8: =(R9-R4)/5+R7 -> 31.511371
A9: 2025 | B9: 51.500459 | C9: 1433.9066 | D9: 122.47277 | E9: 145.3705 | F9: 3.507638 | G9: 26.398722 | H9: 384.03485 | I9: 637.38466 | J9: 513.37254 | K9: 118.39289 | L9: 145.58631 | M9: 546.38378 | N9: 1198.3107 | O9: 124.87487 | P9: 1923.8986 | Q9: 609.50494 | R9: 31.746547
A10: 2026 | B10: =(B14-B9)/5+B9 -> 51.396674 | C10: =(C14-C9)/5+C9 -> 1431.8895 | D10: =(D14-D9)/5+D9 -> 121.84778 | E10: =(E14-E9)/5+E9 -> 144.97634 | F10: =(F14-F9)/5+F9 -> 3.5508772 | G10: =(G14-G9)/5+G9 -> 26.425373 | H10: =(H14-H9)/5+H9 -> 385.70267 | I10: =(I14-I9)/5+I9 -> 641.62507 | ... R10: =(R14-R9)/5+R9 -> 31.972087
A11: 2027 | B11: =(B14-B9)/5+B10 -> 51.292888 | C11: =(C14-C9)/5+C10 -> 1429.8724 | D11: =(D14-D9)/5+D10 -> 121.22278 | E11: =(E14-E9)/5+E10 -> 144.58219 | F11: =(F14-F9)/5+F10 -> 3.5941164 | G11: =(G14-G9)/5+G10 -> 26.452023 | H11: =(H14-H9)/5+H10 -> 387.3705 | I11: =(I14-I9)/5+I10 -> 645.86548 | ... R11: =(R14-R9)/5+R10 -> 32.197627
A12: 2028 | B12: =(B14-B9)/5+B11 -> 51.189103 | C12: =(C14-C9)/5+C11 -> 1427.8553 | D12: =(D14-D9)/5+D11 -> 120.59779 | E12: =(E14-E9)/5+E11 -> 144.18804 | F12: =(F14-F9)/5+F11 -> 3.6373556 | G12: =(G14-G9)/5+G11 -> 26.478674 | H12: =(H14-H9)/5+H11 -> 389.03832 | I12: =(I14-I9)/5+I11 -> 650.10589 | ... R12: =(R14-R9)/5+R11 -> 32.423167
A13: 2029 | B13: =(B14-B9)/5+B12 -> 51.085317 | C13: =(C14-C9)/5+C12 -> 1425.8382 | D13: =(D14-D9)/5+D12 -> 119.9728 | E13: =(E14-E9)/5+E12 -> 143.79388 | F13: =(F14-F9)/5+F12 -> 3.6805948 | G13: =(G14-G9)/5+G12 -> 26.505324 | H13: =(H14-H9)/5+H12 -> 390.70614 | I13: =(I14-I9)/5+I12 -> 654.3463 | ... R13: =(R14-R9)/5+R12 -> 32.648707
A14: 2030 | B14: 50.981532 | C14: 1423.8211 | D14: 119.3478 | E14: 143.39973 | F14: 3.723834 | G14: 26.531975 | H14: 392.37396 | I14: 658.58671 | J14: 517.43296 | K14: 115.68046 | L14: 150.99513 | M14: 586.7984 | N14: 1349.9982 | O14: 129.11908 | P14: 2014.7081 | Q14: 631.96893 | R14: 32.874247
A15: 2031 | B15: =(B19-B14)/5+B14 -> 50.836034 | C15: =(C19-C14)/5+C14 -> 1420.3344 | D15: =(D19-D14)/5+D14 -> 118.68838 | E15: =(E19-E14)/5+E14 -> 143.03333 | F15: =(F19-F14)/5+F14 -> 3.7658628 | G15: =(G19-G14)/5+G14 -> 26.500876 | H15: =(H19-H14)/5+H14 -> 394.00155 | I15: =(I19-I14)/5+I14 -> 662.13351 | ... R15: =(R19-R14)/5+R14 -> 33.083355
A16: 2032 | B16: =(B19-B14)/5+B15 -> 50.690536 | C16: =(C19-C14)/5+C15 -> 1416.8477 | D16: =(D19-D14)/5+D15 -> 118.02895 | E16: =(E19-E14)/5+E15 -> 142.66693 | F16: =(F19-F14)/5+F15 -> 3.8078916 | G16: =(G19-G14)/5+G15 -> 26.469777 | H16: =(H19-H14)/5+H15 -> 395.62915 | I16: =(I19-I14)/5+I15 -> 665.6803 | ... R16: =(R19-R14)/5+R15 -> 33.292463
A17: 2033 | B17: =(B19-B14)/5+B16 -> 50.545039 | C17: =(C19-C14)/5+C16 -> 1413.361 | D17: =(D19-D14)/5+D16 -> 117.36953 | E17: =(E19-E14)/5+E16 -> 142.30052 | F17: =(F19-F14)/5+F16 -> 3.8499204 | G17: =(G19-G14)/5+G16 -> 26.438679 | H17: =(H19-H14)/5+H16 -> 397.25675 | I17: =(I19-I14)/5+I16 -> 669.2271 | ... R17: =(R19-R14)/5+R16 -> 33.501572
A18: 2034 | B18: =(B19-B14)/5+B17 -> 50.399541 | C18: =(C19-C14)/5+C17 -> 1409.8743 | D18: =(D19-D14)/5+D17 -> 116.7101 | E18: =(E19-E14)/5+E17 -> 141.93412 | F18: =(F19-F14)/5+F17 -> 3.8919492 | G18: =(G19-G14)/5+G17 -> 26.40758 | H18: =(H19-H14)/5+H17 -> 398.88435 | I18: =(I19-I14)/5+I17 -> 672.7739 | ... R18: =(R19-R14)/5+R17 -> 33.71068
A19: 2035 | B19: 50.254043 | C19: 1406.3876 | D19: 116.05068 | E19: 141.56772 | F19: 3.933978 | G19: 26.376481 | H19: 400.51195 | I19: 676.32069 | J19: 521.14012 | K19: 112.84864 | L19: 155.38455 | M19: 625.26124 | N19: 1508.5646 | O19: 132.35367 | P19: 2093.8538 | Q19: 650.60012 | R19: 33.919788
A20: 2036 | B20: =(B24-B19)/5+B19 -> 50.048539 | C20: =(C24-C19)/5+C19 -> 1401.7501 | D20: =(D24-D19)/5+D19 -> 115.37368 | E20: =(E24-E19)/5+E19 -> 141.2922 | F20: =(F24-F19)/5+F19 -> 3.9761666 | G20: =(G24-G19)/5+G19 -> 26.316701 | H20: =(H24-H19)/5+H19 -> 402.03983 | I20: =(I24-I19)/5+I19 -> 679.09036 | ... R20: =(R24-R19)/5+R19 -> 34.116764
A21: 2037 | B21: =(B24-B19)/5+B20 -> 49.843035 | C21: =(C24-C19)/5+C20 -> 1397.1126 | D21: =(D24-D19)/5+D20 -> 114.69669 | E21: =(E24-E19)/5+E20 -> 141.01669 | F21: =(F24-F19)/5+F20 -> 4.0183552 | G21: =(G24-G19)/5+G20 -> 26.256921 | H21: =(H24-H19)/5+H20 -> 403.56771 | I21: =(I24-I19)/5+I20 -> 681.86003 | ... R21: =(R24-R19)/5+R20 -> 34.313741
A22: 2038 | B22: =(B24-B19)/5+B21 -> 49.637532 | C22: =(C24-C19)/5+C21 -> 1392.4751 | D22: =(D24-D19)/5+D21 -> 114.01969 | E22: =(E24-E19)/5+E21 -> 140.74117 | F22: =(F24-F19)/5+F21 -> 4.0605438 | G22: =(G24-G19)/5+G21 -> 26.197142 | H22: =(H24-H19)/5+H21 -> 405.09559 | I22: =(I24-I19)/5+I21 -> 684.62969 | ... R22: =(R24-R19)/5+R21 -> 34.510717
A23: 2039 | B23: =(B24-B19)/5+B22 -> 49.432028 | C23: =(C24-C19)/5+C22 -> 1387.8376 | D23: =(D24-D19)/5+D22 -> 113.3427 | E23: =(E24-E19)/5+E22 -> 140.46566 | F23: =(F24-F19)/5+F22 -> 4.1027324 | G23: =(G24-G19)/5+G22 -> 26.137362 | H23: =(H24-H19)/5+H22 -> 406.62348 | I23: =(I24-I19)/5+I22 -> 687.39936 | ... R23: =(R24-R19)/5+R22 -> 34.707694
A24: 2040 | B24: 49.226524 | C24: 1383.2001 | D24: 112.66571 | E24: 140.19014 | F24: 4.144921 | G24: 26.077582 | H24: 408.15136 | I24: 690.16902 | J24: 524.74761 | K24: 110.07122 | L24: 159.16709 | M24: 661.96793 | N24: 1671.6665 | O24: 134.75628 | P24: 2159.9012 | Q24: 664.89658 | R24: 34.90467
A25: 2041 | B25: =(B29-B24)/5+B24 -> 48.96557 | C25: =(C29-C24)/5+C24 -> 1377.1165 | D25: =(D29-D24)/5+D24 -> 111.98516 | E25: =(E29-E24)/5+E24 -> 140.01852 | F25: =(F29-F24)/5+F24 -> 4.1871994 | G25: =(G29-G24)/5+G24 -> 25.996516 | H25: =(H29-H24)/5+H24 -> 409.55809 | I25: =(I29-I24)/5+I24 -> 692.1472 | ... R25: =(R29-R24)/5+R24 -> 35.097881
A26: 2042 | B26: =(B29-B24)/5+B25 -> 48.704617 | C26: =(C29-C24)/5+C25 -> 1371.0329 | D26: =(D29-D24)/5+D25 -> 111.30461 | E26: =(E29-E24)/5+E25 -> 139.8469 | F26: =(F29-F24)/5+F25 -> 4.2294778 | G26: =(G29-G24)/5+G25 -> 25.91545 | H26: =(H29-H24)/5+H25 -> 410.96481 | I26: =(I29-I24)/5+I25 -> 694.12538 | ... R26: =(R29-R24)/5+R25 -> 35.291091
A27: 2043 | B27: =(B29-B24)/5+B26 -> 48.443663 | C27: =(C29-C24)/5+C26 -> 1364.9493 | D27: =(D29-D24)/5+D26 -> 110.62407 | E27: =(E29-E24)/5+E26 -> 139.67528 | F27: =(F29-F24)/5+F26 -> 4.2717562 | G27: =(G29-G24)/5+G26 -> 25.834384 | H27: =(H29-H24)/5+H26 -> 412.37154 | I27: =(I29-I24)/5+I26 -> 696.10356 | ... R27: =(R29-R24)/5+R26 -> 35.484302
A28: 2044 | B28: =(B29-B24)/5+B27 -> 48.18271 | C28: =(C29-C24)/5+C27 -> 1358.8658 | D28: =(D29-D24)/5+D27 -> 109.94352 | E28: =(E29-E24)/5+E27 -> 139.50366 | F28: =(F29-F24)/5+F27 -> 4.3140346 | G28: =(G29-G24)/5+G27 -> 25.753318 | H28: =(H29-H24)/5+H27 -> 413.77827 | I28: =(I29-I24)/5+I27 -> 698.08174 | ... R28: =(R29-R24)/5+R27 -> 35.677512
A29: 2045 | B29: 47.921756 | C29: 1352.7822 | D29: 109.26298 | E29: 139.33204 | F29: 4.356313 | G29: 25.672252 | H29: 415.185 | I29: 700.05993 | J29: 528.14209 | K29: 107.42978 | L29: 162.41989 | M29: 696.25875 | N29: 1836.4752 | O29: 136.36771 | P29: 2211.6873 | Q29: 675.10224 | R29: 35.870723
A30: 2046 | B30: =(B34-B29)/5+B29 -> 47.630087 | C30: =(C34-C29)/5+C29 -> 1344.917 | D30: =(D34-D29)/5+D29 -> 108.60672 | E30: =(E34-E29)/5+E29 -> 139.21691 | F30: =(F34-F29)/5+F29 -> 4.3974436 | G30: =(G34-G29)/5+G29 -> 25.58005 | H30: =(H34-H29)/5+H29 -> 416.51918 | I30: =(I34-I29)/5+I29 -> 701.26522 | ... R30: =(R34-R29)/5+R29 -> 36.065335
A31: 2047 | B31: =(B34-B29)/5+B30 -> 47.338418 | C31: =(C34-C29)/5+C30 -> 1337.0518 | D31: =(D34-D29)/5+D30 -> 107.95046 | E31: =(E34-E29)/5+E30 -> 139.10179 | F31: =(F34-F29)/5+F30 -> 4.4385742 | G31: =(G34-G29)/5+G30 -> 25.487849 | H31: =(H34-H29)/5+H30 -> 417.85336 | I31: =(I34-I29)/5+I30 -> 702.47052 | ... R31: =(R34-R29)/5+R30 -> 36.259947
A32: 2048 | B32: =(B34-B29)/5+B31 -> 47.046749 | C32: =(C34-C29)/5+C31 -> 1329.1866 | D32: =(D34-D29)/5+D31 -> 107.29421 | E32: =(E34-E29)/5+E31 -> 138.98667 | F32: =(F34-F29)/5+F31 -> 4.4797048 | G32: =(G34-G29)/5+G31 -> 25.395647 | H32: =(H34-H29)/5+H31 -> 419.18754 | I32: =(I34-I29)/5+I31 -> 703.67581 | ... R32: =(R34-R29)/5+R31 -> 36.45456
A33: 2049 | B33: =(B34-B29)/5+B32 -> 46.75508 | C33: =(C34-C29)/5+C32 -> 1321.3215 | D33: =(D34-D29)/5+D32 -> 106.63795 | E33: =(E34-E29)/5+E32 -> 138.87154 | F33: =(F34-F29)/5+F32 -> 4.5208354 | G33: =(G34-G29)/5+G32 -> 25.303446 | H33: =(H34-H29)/5+H32 -> 420.52173 | I33: =(I34-I29)/5+I32 -> 704.88111 | ... R33: =(R34-R29)/5+R32 -> 36.649172
A34: 2050 | B34: 46.463411 | C34: 1313.4563 | D34: 105.9817 | E34: 138.75642 | F34: 4.561966 | G34: 25.211244 | H34: 421.85591 | I34: 706.0864 | J34: 531.08102 | K34: 104.9802 | L34: 165.04495 | M34: 726.99012 | N34: 2000.0515 | O34: 137.28632 | P34: 2249.7629 | Q34: 681.38847 | R34: 36.843784
A35: 2051 | B35: =(B39-B34)/5+B34 -> 46.094153 | C35: =(C39-C34)/5+C34 -> 1303.7605 | D35: =(D39-D34)/5+D34 -> 105.35577 | E35: =(E39-E34)/5+E34 -> 138.59887 | F35: =(F39-F34)/5+F34 -> 4.5982444 | G35: =(G39-G34)/5+G34 -> 25.105476 | H35: =(H39-H34)/5+H34 -> 422.99722 | I35: =(I39-I34)/5+I34 -> 706.61199 | ... R35: =(R39-R34)/5+R34 -> 37.023302
A36: 2052 | B36: =(B39-B34)/5+B35 -> 45.724894 | C36: =(C39-C34)/5+C35 -> 1294.0648 | D36: =(D39-D34)/5+D35 -> 104.72984 | E36: =(E39-E34)/5+E35 -> 138.44131 | F36: =(F39-F34)/5+F35 -> 4.6345228 | G36: =(G39-G34)/5+G35 -> 24.999709 | H36: =(H39-H34)/5+H35 -> 424.13853 | I36: =(I39-I34)/5+I35 -> 707.13758 | ... R36: =(R39-R34)/5+R35 -> 37.20282
A37: 2053 | B37: =(B39-B34)/5+B36 -> 45.355636 | C37: =(C39-C34)/5+C36 -> 1284.3691 | D37: =(D39-D34)/5+D36 -> 104.10391 | E37: =(E39-E34)/5+E36 -> 138.28376 | F37: =(F39-F34)/5+F36 -> 4.6708012 | G37: =(G39-G34)/5+G36 -> 24.893941 | H37: =(H39-H34)/5+H36 -> 425.27983 | I37: =(I39-I34)/5+I36 -> 707.66317 | ... R37: =(R39-R34)/5+R36 -> 37.382339
A38: 2054 | B38: =(B39-B34)/5+B37 -> 44.986377 | C38: =(C39-C34)/5+C37 -> 1274.6733 | D38: =(D39-D34)/5+D37 -> 103.47798 | E38: =(E39-E34)/5+E37 -> 138.12621 | F38: =(F39-F34)/5+F37 -> 4.7070796 | G38: =(G39-G34)/5+G37 -> 24.788174 | H38: =(H39-H34)/5+H37 -> 426.42114 | I38: =(I39-I34)/5+I37 -> 708.18876 | ... R38: =(R39-R34)/5+R37 -> 37.561857
A39: 2055 | B39: 44.617119 | C39: 1264.9776 | D39: 102.85205 | E39: 137.96866 | F39: 4.743358 | G39: 24.682406 | H39: 427.56245 | I39: 708.71435 | J39: 532.38073 | K39: 102.57122 | L39: 166.81242 | M39: 753.38509 | N39: 2158.1484 | O39: 137.57931 | P39: 2277.057 | Q39: 684.24752 | R39: 37.741375
A40: 2056 | B40: =(B44-B39)/5+B39 -> 44.188614 | C40: =(C44-C39)/5+C39 -> 1254.0888 | D40: =(D44-D39)/5+D39 -> 102.22836 | E40: =(E44-E39)/5+E39 -> 137.76339 | F40: =(F44-F39)/5+F39 -> 4.7721718 | G40: =(G44-G39)/5+G39 -> 24.549861 | H40: =(H44-H39)/5+H39 -> 428.66315 | I40: =(I44-I39)/5+I39 -> 708.60744 | ... R40: =(R44-R39)/5+R39 -> 37.906807
A41: 2057 | B41: =(B44-B39)/5+B40 -> 43.760109 | C41: =(C44-C39)/5+C40 -> 1243.2 | D41: =(D44-D39)/5+D40 -> 101.60468 | E41: =(E44-E39)/5+E40 -> 137.55812 | F41: =(F44-F39)/5+F40 -> 4.8009856 | G41: =(G44-G39)/5+G40 -> 24.417316 | H41: =(H44-H39)/5+H40 -> 429.76385 | I41: =(I44-I39)/5+I40 -> 708.50054 | ... R41: =(R44-R39)/5+R40 -> 38.072239
A42: 2058 | B42: =(B44-B39)/5+B41 -> 43.331604 | C42: =(C44-C39)/5+C41 -> 1232.3112 | D42: =(D44-D39)/5+D41 -> 100.981 | E42: =(E44-E39)/5+E41 -> 137.35285 | F42: =(F44-F39)/5+F41 -> 4.8297994 | G42: =(G44-G39)/5+G41 -> 24.284772 | H42: =(H44-H39)/5+H41 -> 430.86455 | I42: =(I44-I39)/5+I41 -> 708.39363 | ... R42: =(R44-R39)/5+R41 -> 38.23767
A43: 2059 | B43: =(B44-B39)/5+B42 -> 42.903099 | C43: =(C44-C39)/5+C42 -> 1221.4224 | D43: =(D44-D39)/5+D42 -> 100.35731 | E43: =(E44-E39)/5+E42 -> 137.14758 | F43: =(F44-F39)/5+F42 -> 4.8586132 | G43: =(G44-G39)/5+G42 -> 24.152227 | H43: =(H44-H39)/5+H42 -> 431.96526 | I43: =(I44-I39)/5+I42 -> 708.28672 | ... R43: =(R44-R39)/5+R42 -> 38.403102
A44: 2060 | B44: 42.474594 | C44: 1210.5335 | D44: 99.733629 | E44: 136.94231 | F44: 4.887427 | G44: 24.019682 | H44: 433.06596 | I44: 708.17982 | J44: 532.27416 | K44: 100.1166 | L44: 167.75898 | M44: 775.07334 | N44: 2308.9918 | O44: 137.21317 | P44: 2294.2254 | Q44: 683.94524 | R44: 38.568534
A45: 2061 | B45: =(B49-B44)/5+B44 -> 42.033861 | C45: =(C49-C44)/5+C44 -> 1199.2213 | D45: =(D49-D44)/5+D44 -> 99.074901 | E45: =(E49-E44)/5+E44 -> 136.67846 | F45: =(F49-F44)/5+F44 -> 4.9108446 | G45: =(G49-G44)/5+G44 -> 23.867064 | H45: =(H49-H44)/5+H44 -> 434.13107 | I45: =(I49-I44)/5+I44 -> 707.52293 | ... R45: =(R49-R44)/5+R44 -> 38.711483
A46: 2062 | B46: =(B49-B44)/5+B45 -> 41.593127 | C46: =(C49-C44)/5+C45 -> 1187.909 | D46: =(D49-D44)/5+D45 -> 98.416174 | E46: =(E49-E44)/5+E45 -> 136.41461 | F46: =(F49-F44)/5+F45 -> 4.9342622 | G46: =(G49-G44)/5+G45 -> 23.714445 | H46: =(H49-H44)/5+H45 -> 435.19618 | I46: =(I49-I44)/5+I45 -> 706.86604 | ... R46: =(R49-R44)/5+R45 -> 38.854432
A47: 2063 | B47: =(B49-B44)/5+B46 -> 41.152394 | C47: =(C49-C44)/5+C46 -> 1176.5967 | D47: =(D49-D44)/5+D46 -> 97.757446 | E47: =(E49-E44)/5+E46 -> 136.15076 | F47: =(F49-F44)/5+F46 -> 4.9576798 | G47: =(G49-G44)/5+G46 -> 23.561827 | H47: =(H49-H44)/5+H46 -> 436.26129 | I47: =(I49-I44)/5+I46 -> 706.20916 | ... R47: =(R49-R44)/5+R46 -> 38.997382
A48: 2064 | B48: =(B49-B44)/5+B47 -> 40.71166 | C48: =(C49-C44)/5+C47 -> 1165.2844 | D48: =(D49-D44)/5+D47 -> 97.098719 | E48: =(E49-E44)/5+E47 -> 135.88691 | F48: =(F49-F44)/5+F47 -> 4.9810974 | G48: =(G49-G44)/5+G47 -> 23.409208 | H48: =(H49-H44)/5+H47 -> 437.3264 | I48: =(I49-I44)/5+I47 -> 705.55227 | ... R48: =(R49-R44)/5+R47 -> 39.140331
A49: 2065 | B49: 40.270927 | C49: 1153.9721 | D49: 96.439991 | E49: 135.62305 | F49: 5.004515 | G49: 23.25659 | H49: 438.39152 | I49: 704.89538 | J49: 531.03732 | K49: 97.565757 | L49: 168.09764 | M49: 791.69611 | N49: 2449.8563 | O49: 136.21403 | P49: 2299.9946 | Q49: 681.09455 | R49: 39.28328
A50: 2066 | B50: =(B54-B49)/5+B49 -> 39.847234 | C50: =(C54-C49)/5+C49 -> 1142.9319 | D50: =(D54-D49)/5+D49 -> 95.742953 | E50: =(E54-E49)/5+E49 -> 135.33412 | F50: =(F54-F49)/5+F49 -> 5.0233848 | G50: =(G54-G49)/5+G49 -> 23.102252 | H50: =(H54-H49)/5+H49 -> 439.41379 | I50: =(I54-I49)/5+I49 -> 703.74403 | ... R50: =(R54-R49)/5+R49 -> 39.406644
A51: 2067 | B51: =(B54-B49)/5+B50 -> 39.423541 | C51: =(C54-C49)/5+C50 -> 1131.8916 | D51: =(D54-D49)/5+D50 -> 95.045914 | E51: =(E54-E49)/5+E50 -> 135.04519 | F51: =(F54-F49)/5+F50 -> 5.0422546 | G51: =(G54-G49)/5+G50 -> 22.947914 | H51: =(H54-H49)/5+H50 -> 440.43607 | I51: =(I54-I49)/5+I50 -> 702.59267 | ... R51: =(R54-R49)/5+R50 -> 39.530008
A52: 2068 | B52: =(B54-B49)/5+B51 -> 38.999847 | C52: =(C54-C49)/5+C51 -> 1120.8514 | D52: =(D54-D49)/5+D51 -> 94.348876 | E52: =(E54-E49)/5+E51 -> 134.75626 | F52: =(F54-F49)/5+F51 -> 5.0611244 | G52: =(G54-G49)/5+G51 -> 22.793576 | H52: =(H54-H49)/5+H51 -> 441.45835 | I52: =(I54-I49)/5+I51 -> 701.44131 | ... R52: =(R54-R49)/5+R51 -> 39.653371
A53: 2069 | B53: =(B54-B49)/5+B52 -> 38.576154 | C53: =(C54-C49)/5+C52 -> 1109.8111 | D53: =(D54-D49)/5+D52 -> 93.651837 | E53: =(E54-E49)/5+E52 -> 134.46732 | F53: =(F54-F49)/5+F52 -> 5.0799942 | G53: =(G54-G49)/5+G52 -> 22.639238 | H53: =(H54-H49)/5+H52 -> 442.48063 | I53: =(I54-I49)/5+I52 -> 700.28995 | ... R53: =(R54-R49)/5+R52 -> 39.776735
A54: 2070 | B54: 38.152461 | C54: 1098.7708 | D54: 92.954799 | E54: 134.17839 | F54: 5.098864 | G54: 22.4849 | H54: 443.50291 | I54: 699.1386 | J54: 529.43803 | K54: 94.954982 | L54: 168.06908 | M54: 803.71446 | N54: 2579.3152 | O54: 134.63469 | P54: 2295.2172 | Q54: 676.13894 | R54: 39.900099
A55: 2071 | B55: =(B59-B54)/5+B54 -> 37.751594 | C55: =(C59-C54)/5+C54 -> 1088.1563 | D55: =(D59-D54)/5+D54 -> 92.250978 | E55: =(E59-E54)/5+E54 -> 133.8893 | F55: =(F59-F54)/5+F54 -> 5.1144004 | G55: =(G59-G54)/5+G54 -> 22.334505 | H55: =(H59-H54)/5+H54 -> 444.39908 | I55: =(I59-I54)/5+I54 -> 697.53637 | ... R55: =(R59-R54)/5+R54 -> 40.003051
A56: 2072 | B56: =(B59-B54)/5+B55 -> 37.350727 | C56: =(C59-C54)/5+C55 -> 1077.5417 | D56: =(D59-D54)/5+D55 -> 91.547157 | E56: =(E59-E54)/5+E55 -> 133.6002 | F56: =(F59-F54)/5+F55 -> 5.1299368 | G56: =(G59-G54)/5+G55 -> 22.18411 | H56: =(H59-H54)/5+H55 -> 445.29526 | I56: =(I59-I54)/5+I55 -> 695.93414 | ... R56: =(R59-R54)/5+R55 -> 40.106004
A57: 2073 | B57: =(B59-B54)/5+B56 -> 36.94986 | C57: =(C59-C54)/5+C56 -> 1066.9271 | D57: =(D59-D54)/5+D56 -> 90.843336 | E57: =(E59-E54)/5+E56 -> 133.31111 | F57: =(F59-F54)/5+F56 -> 5.1454732 | G57: =(G59-G54)/5+G56 -> 22.033714 | H57: =(H59-H54)/5+H56 -> 446.19144 | I57: =(I59-I54)/5+I56 -> 694.33191 | ... R57: =(R59-R54)/5+R56 -> 40.208956
A58: 2074 | B58: =(B59-B54)/5+B57 -> 36.548993 | C58: =(C59-C54)/5+C57 -> 1056.3126 | D58: =(D59-D54)/5+D57 -> 90.139515 | E58: =(E59-E54)/5+E57 -> 133.02202 | F58: =(F59-F54)/5+F57 -> 5.1610096 | G58: =(G59-G54)/5+G57 -> 21.883319 | H58: =(H59-H54)/5+H57 -> 447.08762 | I58: =(I59-I54)/5+I57 -> 692.72968 | ... R58: =(R59-R54)/5+R57 -> 40.311909
A59: 2075 | B59: 36.148126 | C59: 1045.698 | D59: 89.435694 | E59: 132.73292 | F59: 5.176546 | G59: 21.732924 | H59: 447.98379 | I59: 691.12745 | J59: 527.7383 | K59: 92.390173 | L59: 167.7579 | M59: 811.89972 | N59: 2695.648 | O59: 132.55466 | P59: 2279.7154 | Q59: 669.25112 | R59: 40.414861
A60: 2076 | B60: =(B64-B59)/5+B59 -> 35.768676 | C60: =(C64-C59)/5+C59 -> 1035.2579 | D60: =(D64-D59)/5+D59 -> 88.778217 | E60: =(E64-E59)/5+E59 -> 132.44963 | F60: =(F64-F59)/5+F59 -> 5.1901778 | G60: =(G64-G59)/5+G59 -> 21.585803 | H60: =(H64-H59)/5+H59 -> 448.63895 | I60: =(I64-I59)/5+I59 -> 689.1149 | ... R60: =(R64-R59)/5+R59 -> 40.493482
A61: 2077 | B61: =(B64-B59)/5+B60 -> 35.389225 | C61: =(C64-C59)/5+C60 -> 1024.8178 | D61: =(D64-D59)/5+D60 -> 88.12074 | E61: =(E64-E59)/5+E60 -> 132.16633 | F61: =(F64-F59)/5+F60 -> 5.2038096 | G61: =(G64-G59)/5+G60 -> 21.438681 | H61: =(H64-H59)/5+H60 -> 449.2941 | I61: =(I64-I59)/5+I60 -> 687.10236 | ... R61: =(R64-R59)/5+R60 -> 40.572103
A62: 2078 | B62: =(B64-B59)/5+B61 -> 35.009775 | C62: =(C64-C59)/5+C61 -> 1014.3777 | D62: =(D64-D59)/5+D61 -> 87.463262 | E62: =(E64-E59)/5+E61 -> 131.88303 | F62: =(F64-F59)/5+F61 -> 5.2174414 | G62: =(G64-G59)/5+G61 -> 21.29156 | H62: =(H64-H59)/5+H61 -> 449.94926 | I62: =(I64-I59)/5+I61 -> 685.08981 | ... R62: =(R64-R59)/5+R61 -> 40.650723
A63: 2079 | B63: =(B64-B59)/5+B62 -> 34.630324 | C63: =(C64-C59)/5+C62 -> 1003.9376 | D63: =(D64-D59)/5+D62 -> 86.805785 | E63: =(E64-E59)/5+E62 -> 131.59973 | F63: =(F64-F59)/5+F62 -> 5.2310732 | G63: =(G64-G59)/5+G62 -> 21.144438 | H63: =(H64-H59)/5+H62 -> 450.60442 | I63: =(I64-I59)/5+I62 -> 683.07727 | ... R63: =(R64-R59)/5+R62 -> 40.729344
A64: 2080 | B64: 34.250874 | C64: 993.49746 | D64: 86.148308 | E64: 131.31644 | F64: 5.244705 | G64: 20.997317 | H64: 451.25957 | I64: 681.06472 | J64: 525.73102 | K64: 89.984352 | L64: 167.17864 | M64: 817.06474 | N64: 2797.115 | O64: 130.15345 | P64: 2254.9704 | Q64: 660.5361 | R64: 40.807965
A65: 2081 | B65: =(B69-B64)/5+B64 -> 33.894344 | C65: =(C69-C64)/5+C64 -> 983.2586 | D65: =(D69-D64)/5+D64 -> 85.553185 | E65: =(E69-E64)/5+E64 -> 131.04004 | F65: =(F69-F64)/5+F64 -> 5.2572092 | G65: =(G69-G64)/5+G64 -> 20.849509 | H65: =(H69-H64)/5+H64 -> 451.62155 | I65: =(I69-I64)/5+I64 -> 678.76527 | ... R65: =(R69-R64)/5+R64 -> 40.855819
A66: 2082 | B66: =(B69-B64)/5+B65 -> 33.537814 | C66: =(C69-C64)/5+C65 -> 973.01974 | D66: =(D69-D64)/5+D65 -> 84.958062 | E66: =(E69-E64)/5+E65 -> 130.76365 | F66: =(F69-F64)/5+F65 -> 5.2697134 | G66: =(G69-G64)/5+G65 -> 20.701701 | H66: =(H69-H64)/5+H65 -> 451.98354 | I66: =(I69-I64)/5+I65 -> 676.46582 | ... R66: =(R69-R64)/5+R65 -> 40.903672
A67: 2083 | B67: =(B69-B64)/5+B66 -> 33.181285 | C67: =(C69-C64)/5+C66 -> 962.78087 | D67: =(D69-D64)/5+D66 -> 84.36294 | E67: =(E69-E64)/5+E66 -> 130.48726 | F67: =(F69-F64)/5+F66 -> 5.2822176 | G67: =(G69-G64)/5+G66 -> 20.553894 | H67: =(H69-H64)/5+H66 -> 452.34552 | I67: =(I69-I64)/5+I66 -> 674.16637 | ... R67: =(R69-R64)/5+R66 -> 40.951526
A68: 2084 | B68: =(B69-B64)/5+B67 -> 32.824755 | C68: =(C69-C64)/5+C67 -> 952.54201 | D68: =(D69-D64)/5+D67 -> 83.767817 | E68: =(E69-E64)/5+E67 -> 130.21087 | F68: =(F69-F64)/5+F67 -> 5.2947218 | G68: =(G69-G64)/5+G67 -> 20.406086 | H68: =(H69-H64)/5+H67 -> 452.7075 | I68: =(I69-I64)/5+I67 -> 671.86692 | ... R68: =(R69-R64)/5+R67 -> 40.999379
A69: 2085 | B69: 32.468225 | C69: 942.30315 | D69: 83.172694 | E69: 129.93447 | F69: 5.307226 | G69: 20.258278 | H69: 453.06949 | I69: 669.56746 | J69: 523.05824 | K69: 87.798512 | L69: 166.37941 | M69: 819.65054 | N69: 2882.9707 | O69: 127.58531 | P69: 2223.5453 | Q69: 650.0282 | R69: 41.047233
A70: 2086 | B70: =(B74-B69)/5+B69 -> 32.124161 | C70: =(C74-C69)/5+C69 -> 932.63099 | D70: =(D74-D69)/5+D69 -> 82.620587 | E70: =(E74-E69)/5+E69 -> 129.65632 | F70: =(F74-F69)/5+F69 -> 5.3177626 | G70: =(G74-G69)/5+G69 -> 20.105059 | H70: =(H74-H69)/5+H69 -> 453.16165 | I70: =(I74-I69)/5+I69 -> 667.07453 | ... R70: =(R74-R69)/5+R69 -> 41.063606
A71: 2087 | B71: =(B74-B69)/5+B70 -> 31.780096 | C71: =(C74-C69)/5+C70 -> 922.95882 | D71: =(D74-D69)/5+D70 -> 82.068479 | E71: =(E74-E69)/5+E70 -> 129.37817 | F71: =(F74-F69)/5+F70 -> 5.3282992 | G71: =(G74-G69)/5+G70 -> 19.951841 | H71: =(H74-H69)/5+H70 -> 453.25382 | I71: =(I74-I69)/5+I70 -> 664.5816 | ... R71: =(R74-R69)/5+R70 -> 41.079978
A72: 2088 | B72: =(B74-B69)/5+B71 -> 31.436032 | C72: =(C74-C69)/5+C71 -> 913.28666 | D72: =(D74-D69)/5+D71 -> 81.516372 | E72: =(E74-E69)/5+E71 -> 129.10003 | F72: =(F74-F69)/5+F71 -> 5.3388358 | G72: =(G74-G69)/5+G71 -> 19.798622 | H72: =(H74-H69)/5+H71 -> 453.34598 | I72: =(I74-I69)/5+I71 -> 662.08867 | ... R72: =(R74-R69)/5+R71 -> 41.096351
A73: 2089 | B73: =(B74-B69)/5+B72 -> 31.091967 | C73: =(C74-C69)/5+C72 -> 903.6145 | D73: =(D74-D69)/5+D72 -> 80.964264 | E73: =(E74-E69)/5+E72 -> 128.82188 | F73: =(F74-F69)/5+F72 -> 5.3493724 | G73: =(G74-G69)/5+G72 -> 19.645404 | H73: =(H74-H69)/5+H72 -> 453.43814 | I73: =(I74-I69)/5+I72 -> 659.59574 | ... R73: =(R74-R69)/5+R72 -> 41.112723
A74: 2090 | B74: 30.747903 | C74: 893.94234 | D74: 80.412157 | E74: 128.54373 | F74: 5.359909 | G74: 19.492185 | H74: 453.53031 | I74: 657.10281 | J74: 519.55654 | K74: 85.839291 | L74: 165.4018 | M74: 820.24784 | N74: 2952.9255 | O74: 124.95404 | P74: 2187.8182 | Q74: 638.07965 | R74: 41.129096
A75: 2091 | B75: =(B79-B74)/5+B74 -> 30.412314 | C75: =(C79-C74)/5+C74 -> 884.98236 | D75: =(D79-D74)/5+D74 -> 79.876684 | E75: =(E79-E74)/5+E74 -> 128.24393 | F75: =(F79-F74)/5+F74 -> 5.3676196 | G75: =(G79-G74)/5+G74 -> 19.333682 | H75: =(H79-H74)/5+H74 -> 453.42803 | I75: =(I79-I74)/5+I74 -> 654.51432 | ... R75: =(R79-R74)/5+R74 -> 41.120074
A76: 2092 | B76: =(B79-B74)/5+B75 -> 30.076725 | C76: =(C79-C74)/5+C75 -> 876.02237 | D76: =(D79-D74)/5+D75 -> 79.341211 | E76: =(E79-E74)/5+E75 -> 127.94414 | F76: =(F79-F74)/5+F75 -> 5.3753302 | G76: =(G79-G74)/5+G75 -> 19.175179 | H76: =(H79-H74)/5+H75 -> 453.32576 | I76: =(I79-I74)/5+I75 -> 651.92584 | ... R76: =(R79-R74)/5+R75 -> 41.111052
A77: 2093 | B77: =(B79-B74)/5+B76 -> 29.741137 | C77: =(C79-C74)/5+C76 -> 867.06239 | D77: =(D79-D74)/5+D76 -> 78.805738 | E77: =(E79-E74)/5+E76 -> 127.64434 | F77: =(F79-F74)/5+F76 -> 5.3830408 | G77: =(G79-G74)/5+G76 -> 19.016676 | H77: =(H79-H74)/5+H76 -> 453.22349 | I77: =(I79-I74)/5+I76 -> 649.33735 | ... R77: =(R79-R74)/5+R76 -> 41.102029
A78: 2094 | B78: =(B79-B74)/5+B77 -> 29.405548 | C78: =(C79-C74)/5+C77 -> 858.10241 | D78: =(D79-D74)/5+D77 -> 78.270265 | E78: =(E79-E74)/5+E77 -> 127.34455 | F78: =(F79-F74)/5+F77 -> 5.3907514 | G78: =(G79-G74)/5+G77 -> 18.858173 | H78: =(H79-H74)/5+H77 -> 453.12122 | I78: =(I79-I74)/5+I77 -> 646.74886 | ... R78: =(R79-R74)/5+R77 -> 41.093007
A79: 2095 | B79: 29.069959 | C79: 849.14242 | D79: 77.734792 | E79: 127.04475 | F79: 5.398462 | G79: 18.69967 | H79: 453.01894 | I79: 644.16038 | J79: 515.25885 | K79: 84.066173 | L79: 164.25477 | M79: 818.70452 | N79: 3006.8783 | O79: 122.30675 | P79: 2148.9307 | Q79: 625.0703 | R79: 41.083985
A80: 2096 | B80: =(B84-B79)/5+B79 -> 28.757508 | C80: =(C84-C79)/5+C79 -> 840.5917 | D80: =(D84-D79)/5+D79 -> 77.196014 | E80: =(E84-E79)/5+E79 -> 126.69021 | F80: =(F84-F79)/5+F79 -> 5.4018462 | G80: =(G84-G79)/5+G79 -> 18.543456 | H80: =(H84-H79)/5+H79 -> 452.76171 | I80: =(I84-I79)/5+I79 -> 641.53742 | ... R80: =(R84-R79)/5+R79 -> 41.056683
A81: 2097 | B81: =(B84-B79)/5+B80 -> 28.445056 | C81: =(C84-C79)/5+C80 -> 832.04098 | D81: =(D84-D79)/5+D80 -> 76.657235 | E81: =(E84-E79)/5+E80 -> 126.33567 | F81: =(F84-F79)/5+F80 -> 5.4052304 | G81: =(G84-G79)/5+G80 -> 18.387242 | H81: =(H84-H79)/5+H80 -> 452.50447 | I81: =(I84-I79)/5+I80 -> 638.91446 | ... R81: =(R84-R79)/5+R80 -> 41.029382
A82: 2098 | B82: =(B84-B79)/5+B81 -> 28.132605 | C82: =(C84-C79)/5+C81 -> 823.49026 | D82: =(D84-D79)/5+D81 -> 76.118457 | E82: =(E84-E79)/5+E81 -> 125.98114 | F82: =(F84-F79)/5+F81 -> 5.4086146 | G82: =(G84-G79)/5+G81 -> 18.231028 | H82: =(H84-H79)/5+H81 -> 452.24723 | I82: =(I84-I79)/5+I81 -> 636.29149 | ... R82: =(R84-R79)/5+R81 -> 41.00208
A83: 2099 | B83: =(B84-B79)/5+B82 -> 27.820153 | C83: =(C84-C79)/5+C82 -> 814.93954 | D83: =(D84-D79)/5+D82 -> 75.579678 | E83: =(E84-E79)/5+E82 -> 125.6266 | F83: =(F84-F79)/5+F82 -> 5.4119988 | G83: =(G84-G79)/5+G82 -> 18.074814 | H83: =(H84-H79)/5+H82 -> 451.98999 | I83: =(I84-I79)/5+I82 -> 633.66853 | ... R83: =(R84-R79)/5+R82 -> 40.974779
A84: 2100 | B84: 27.507702 | C84: 806.38882 | D84: 75.0409 | E84: 125.27206 | F84: 5.415383 | G84: 17.9186 | H84: 451.73276 | I84: 631.04557 | J84: 510.13763 | K84: 82.380111 | L84: 162.80441 | M84: 814.81936 | N84: 3045.467 | O84: 119.64927 | P84: 2108.3575 | Q84: 611.36921 | R84: 40.947477

Sheet Saving rate
A1: Country Name | B1: Country Code | C1: Indicator Name | D1: Indicator Code | E1: 1990 | F1: 1991 | G1: 1992 | H1: 1993 | I1: 1994 | J1: 1995 | K1: 1996 | L1: 1997 | M1: 1998 | N1: 1999 | O1: 2000 | P1: 2001 | Q1: 2002 | R1: 2003 | S1: 2004 | T1: 2005 | U1: 2006 | V1: 2007 | W1: 2008 | X1: 2009 | Y1: 2010 | Z1: 2011 | AA1: 2012 | AB1: 2013 | AC1: 2014 | AD1: 2015 | AE1: 2016 | AF1: 2017 | AG1: 2018 | AH1: 2019 | AI1: 2020 | AJ1: 2021 | AK1: 2022
A2: Korea, Rep. | B2: KOR | C2: Gross savings (% of GDP) | D2: NY.GNS.ICTR.ZS | E2: 39.026192 | F2: 39.037674 | G2: 38.133504 | H2: 38.197922 | I2: 37.896598 | J2: 37.68264 | K2: 35.965811 | L2: 35.913919 | M2: 37.723447 | N2: 35.375721 | O2: 33.893581 | P2: 31.937637 | Q2: 31.454401 | R2: 32.981863 | S2: 35.462261 | T2: 33.765624 | U2: 32.890553 | V2: 33.453473 | W2: 33.321905 | X2: 33.281455 | Y2: 35.044507 | Z2: 34.671317 | AA2: 34.663787 | AB2: 34.849089 | AC2: 34.987082 | AD2: 36.348665 | AE2: 36.785226 | AF2: 37.014064 | AG2: 35.855123 | AH2: 34.780382 | AI2: 36.228746 | AJ2: 36.751428 | AK2: 34.467543
A3: China | B3: CHN | C3: Gross savings (% of GDP) | D3: NY.GNS.ICTR.ZS | E3: 36.687703 | F3: 38.485438 | G3: 40.569222 | H3: 41.633008 | I3: 41.696727 | J3: 39.5301 | K3: 38.759124 | L3: 39.742242 | M3: 38.347085 | N3: 36.557909 | O3: 35.739554 | P3: 37.269297 | Q3: 38.883221 | R3: 42.413504 | S3: 45.672367 | T3: 45.954784 | U3: 48.260505 | V3: 50.275226 | W3: 51.787587 | X3: 50.373042 | Y3: 51.326714 | Z3: 49.233328 | AA3: 48.665363 | AB3: 47.378392 | AC3: 47.615818 | AD3: 45.417589 | AE3: 44.380661 | AF3: 44.905048 | AG3: 44.485748 | AH3: 43.773028 | AI3: 43.926417 | AJ3: 45.470685 | AK3: 46.017435
A4: Japan | B4: JPN | C4: Gross savings (% of GDP) | D4: NY.GNS.ICTR.ZS | K4: 33.427341 | L4: 33.21008 | M4: 32.354471 | N4: 30.651831 | O4: 31.030854 | P4: 29.722942 | Q4: 28.504411 | R4: 28.715877 | S4: 29.315884 | T4: 29.514877 | U4: 29.815932 | V4: 30.34338 | W4: 28.642107 | X4: 25.331116 | Y4: 26.377323 | Z4: 25.580571 | AA4: 24.895749 | AB4: 25.252523 | AC4: 25.772089 | AD4: 28.178916 | AE4: 28.727223 | AF4: 29.289667 | AG4: 29.125467 | AH4: 29.171702 | AI4: 28.167667 | AJ4: 29.55045 | AK4: 28.457255
A5: Russian Federation | B5: RUS | C5: Gross savings (% of GDP) | D5: NY.GNS.ICTR.ZS | I5: 29.57602 | J5: 28.022709 | K5: 27.115923 | L5: 21.945357 | M5: 19.323508 | N5: 28.245991 | O5: 36.154208 | P5: 32.512919 | Q5: 28.774776 | R5: 28.266239 | S5: 30.26044 | T5: 30.546577 | U5: 30.660876 | V5: 31.266855 | W5: 30.063882 | X5: 20.876204 | Y5: 26.283714 | Z5: 28.757564 | AA5: 27.244171 | AB5: 24.282096 | AC5: 24.512181 | AD5: 26.36671 | AE5: 25.013412 | AF5: 25.668685 | AG5: 28.949268 | AH5: 26.537277 | AI5: 25.768498 | AJ5: 30.842384 | AK5: 31.558792
A6: Mongolia | B6: MNG | C6: Gross savings (% of GDP) | D6: NY.GNS.ICTR.ZS | E6: 23.384451 | F6: 25.482099 | G6: 36.496969 | H6: 41.801938 | I6: 40.562271 | J6: 38.793438 | K6: 33.032633 | L6: 37.163974 | M6: 30.8669 | N6: 33.43776 | O6: 17.42361 | P6: 17.91789 | Q6: 16.282913 | R6: 25.038073 | S6: 33.657795 | T6: 39.557574 | U6: 45.957425 | V6: 41.03168 | W6: 29.961489 | X6: 27.228456 | Y6: 26.630448 | Z6: 30.403589 | AA6: 27.698275 | AB6: 26.280052 | AC6: 23.445576 | AD6: 16.400559 | AE6: 16.976093 | AF6: 17.358321 | AG6: 22.140894 | AH6: 20.258627 | AI6: 16.306966 | AJ6: 20.292334 | AK6: 24.630551
A7: Korea, Dem. People's Rep. | B7: PRK | C7: Gross savings (% of GDP) | D7: NY.GNS.ICTR.ZS
A8: United States | B8: USA | C8: Gross savings (% of GDP) | D8: NY.GNS.ICTR.ZS | E8: 18.759265 | F8: 18.814189 | G8: 17.688025 | H8: 17.051004 | I8: 17.861705 | J8: 18.758937 | K8: 19.651123 | L8: 20.847652 | M8: 21.390497 | N8: 20.926098 | O8: 20.813343 | P8: 19.657275 | Q8: 18.380851 | R8: 17.428727 | S8: 17.733165 | T8: 18.122455 | U8: 19.199749 | V8: 17.42795 | W8: 15.058811 | X8: 13.893051 | Y8: 15.383258 | Z8: 16.33733 | AA8: 18.379292 | AB8: 18.60464 | AC8: 19.721013 | AD8: 19.794721 | AE8: 18.667694 | AF8: 19.110375 | AG8: 19.347732 | AH8: 19.636915 | AI8: 18.849728 | AJ8: 18.159924 | AK8: 18.583148
A9: Brazil | B9: BRA | C9: Gross savings (% of GDP) | D9: NY.GNS.ICTR.ZS | E9: 18.921262 | F9: 18.662661 | G9: 20.091829 | H9: 20.184838 | I9: 19.097427 | J9: 14.439363 | K9: 14.041321 | L9: 13.711159 | M9: 13.890453 | N9: 12.736901 | O9: 13.991703 | P9: 13.594597 | Q9: 15.405872 | R9: 16.417942 | S9: 18.855019 | T9: 18.114096 | U9: 18.409816 | V9: 19.34636 | W9: 19.226847 | X9: 16.380365 | Y9: 17.802399 | Z9: 18.601266 | AA9: 17.678109 | AB9: 18.151691 | AC9: 16.134405 | AD9: 14.529347 | AE9: 13.421753 | AF9: 13.57777 | AG9: 12.70742 | AH9: 12.250796 | AI9: 14.793334 | AJ9: 17.401876 | AK9: 15.946298
A10: Germany | B10: DEU | C10: Gross savings (% of GDP) | D10: NY.GNS.ICTR.ZS | E10: 24.402556 | F10: 23.716942 | G10: 23.509817 | H10: 22.513157 | I10: 22.748057 | J10: 23.038073 | K10: 22.521541 | L10: 22.785681 | M10: 23.226001 | N10: 22.563416 | O10: 22.668918 | P10: 22.540648 | Q10: 22.63959 | R10: 21.796395 | S10: 24.320947 | T10: 24.13096 | U10: 26.338422 | V10: 28.267438 | W10: 27.1487 | X10: 24.396839 | Y10: 25.776369 | Z10: 27.822587 | AA10: 26.800264 | AB10: 26.582385 | AC10: 27.574904 | AD10: 28.310645 | AE10: 28.603995 | AF10: 28.839018 | AG10: 29.878432 | AH10: 30.087282 | AI10: 29.031497 | AJ10: 30.836994 | AK10: 29.110954
A11: Poland | B11: POL | C11: Gross savings (% of GDP) | D11: NY.GNS.ICTR.ZS | J11: 21.092023 | K11: 20.64594 | L11: 20.361849 | M11: 21.285389 | N11: 20.2015 | O11: 18.424617 | P11: 17.228498 | Q11: 15.51812 | R11: 16.234279 | S11: 14.102884 | T11: 16.518816 | U11: 17.106709 | V11: 18.567865 | W11: 17.958377 | X11: 16.673938 | Y11: 15.891723 | Z11: 17.537651 | AA11: 16.931511 | AB11: 17.39417 | AC11: 18.089313 | AD11: 19.716785 | AE11: 19.249537 | AF11: 18.886346 | AG11: 19.518309 | AH11: 20.25584 | AI11: 21.159511 | AJ11: 20.471551 | AK11: 19.583711
A12: Ukraine | B12: UKR | C12: Gross savings (% of GDP) | D12: NY.GNS.ICTR.ZS | I12: 32.2703 | J12: 23.40628 | K12: 19.978869 | L12: 18.787763 | M12: 18.33068 | N12: 22.452694 | O12: 20.930413 | P12: 21.886008 | Q12: 23.871722 | R12: 23.911806 | S12: 27.904746 | T12: 21.933385 | U12: 19.403391 | V12: 20.207128 | W12: 16.208773 | X12: 12.070583 | Y12: 13.944103 | Z12: 11.722376 | AA12: 12.298115 | AB12: 7.8864746 | AC12: 9.9016231 | AD12: 21.457078 | AE12: 19.732085 | AF12: 16.86361 | AG12: 13.622165 | AH12: 12.285007 | AI12: 12.21956 | AJ12: 12.55659 | AK12: 16.819282
A13: Saudi Arabia | B13: SAU | C13: Gross savings (% of GDP) | D13: NY.GNS.ICTR.ZS | E13: 15.192293 | F13: 8.5851149 | G13: 16.719143 | H13: 15.508173 | I13: 15.396782 | J13: 19.802536 | K13: 22.154594 | L13: 22.762747 | M13: 16.768094 | N13: 25.621287 | O13: 30.258205 | P13: 28.027598 | Q13: 29.270317 | R13: 34.816382 | S13: 42.139736 | T13: 48.653108 | U13: 48.505528 | V13: 48.927728 | W13: 52.752269 | X13: 36.598621 | Y13: 43.563651 | Z13: 50.972546 | AA13: 49.256219 | AB13: 44.855484 | AC13: 39.055791 | AD13: 25.750747 | AE13: 27.317568 | AF13: 30.259679 | AG13: 34.624506 | AH13: 32.854529 | AI13: 24.584441 | AJ13: 30.518558 | AK13: 40.29183
A14: South Africa | B14: ZAF | C14: Gross savings (% of GDP) | D14: NY.GNS.ICTR.ZS | E14: 14.533965 | F14: 14.919015 | G14: 14.765271 | H14: 15.818171 | I14: 15.371344 | J14: 16.722924 | K14: 15.667634 | L14: 14.872101 | M14: 14.770727 | N14: 14.413493 | O14: 15.107131 | P14: 14.759871 | Q14: 17.946275 | R14: 18.385602 | S14: 16.981241 | T14: 17.698098 | U14: 18.106624 | V14: 17.007037 | W14: 16.323646 | X14: 17.377436 | Y14: 17.142406 | Z14: 16.102057 | AA14: 13.497377 | AB14: 13.837844 | AC14: 13.681773 | AD14: 14.288976 | AE14: 14.287918 | AF14: 14.243708 | AG14: 13.230237 | AH14: 13.216023 | AI14: 14.475139 | AJ14: 16.340361 | AK14: 14.869742
A15: Viet Nam | B15: VNM | C15: Gross savings (% of GDP) | D15: NY.GNS.ICTR.ZS | K15: 21.196503 | L15: 21.795506 | M15: 23.3448 | N15: 26.871376 | O15: 31.247793 | P15: 31.301896 | Q15: 32.527675 | R15: 31.493221 | S15: 33.466383 | T15: 33.075034 | U15: 33.330763 | V15: 31.840217 | W15: 27.900473 | X15: 27.502746 | Y15: 33.436208 | Z15: 35.7659 | AA15: 34.865018 | AB15: 33.201342 | AC15: 32.991552 | AD15: 28.07294 | AE15: 28.469447 | AF15: 28.856871 | AG15: 30.931698 | AH15: 31.333031 | AI15: 33.007326 | AJ15: 32.652752 | AK15: 32.567269
A16: India | B16: IND | C16: Gross savings (% of GDP) | D16: NY.GNS.ICTR.ZS | E16: 21.213563 | F16: 21.759966 | G16: 23.246802 | H16: 24.083079 | I16: 25.951001 | J16: 26.967391 | K16: 27.047935 | L16: 27.550434 | M16: 25.889505 | N16: 25.637537 | O16: 26.119027 | P16: 26.259879 | Q16: 28.111486 | R16: 30.470967 | S16: 33.332571 | T16: 34.418023 | U16: 36.360532 | V16: 37.011389 | W16: 36.254083 | X16: 35.617435 | Y16: 36.305875 | Z16: 35.131793 | AA16: 35.261292 | AB16: 34.304657 | AC16: 33.466026 | AD16: 32.453924 | AE16: 31.726415 | AF16: 31.706753 | AG16: 31.410492 | AH16: 29.702201 | AI16: 28.507688 | AJ16: 28.181404 | AK16: 29.947492
A17: Indonesia | B17: IDN | C17: Gross savings (% of GDP) | D17: NY.GNS.ICTR.ZS | E17: 22.453642 | F17: 22.073001 | G17: 23.300422 | H17: 28.998147 | I17: 29.871695 | J17: 28.138462 | K17: 27.80808 | L17: 29.030941 | M17: 22.422492 | N17: 13.201804 | O17: 26.286899 | P17: 27.199794 | Q17: 23.017408 | R17: 20.68405 | S17: 20.76429 | T17: 24.338487 | U17: 25.777144 | V17: 25.179123 | W17: 28.452413 | X17: 29.056377 | Y17: 32.727423 | Z17: 33.220073 | AA17: 31.98537 | AB17: 31.121767 | AC17: 30.668909 | AD17: 30.123356 | AE17: 29.922768 | AF17: 30.878363 | AG17: 31.680523 | AH17: 30.902714 | AI17: 29.224609 | AJ17: 32.9392 | AK17: 37.033591
A18: Australia | B18: AUS | C18: Gross savings (% of GDP) | D18: NY.GNS.ICTR.ZS | E18: 24.447638 | F18: 20.836339 | G18: 18.342149 | H18: 20.331848 | I18: 21.877939 | J18: 20.636649 | K18: 20.900088 | L18: 21.814166 | M18: 21.628201 | N18: 20.630597 | O18: 21.195908 | P18: 20.747578 | Q18: 21.77998 | R18: 21.082941 | S18: 21.521084 | T18: 20.980012 | U18: 21.65708 | V18: 21.360623 | W18: 21.89334 | X18: 23.996968 | Y18: 21.784201 | Z18: 23.23997 | AA18: 24.288353 | AB18: 23.89356 | AC18: 23.579556 | AD18: 22.651987 | AE18: 20.705245 | AF18: 21.796346 | AG18: 21.704589 | AH18: 22.341727 | AI18: 23.69555 | AJ18: 25.776589 | AK18: 25.428671
F20: 2000-2019 | G20: 2019 | J20: 모형 19년 sh1
A21: Data Source | B21: World Development Indicators | E21: 01_KOR | F21: =(AH2/O2)^(1/($AH$1-$O$1))-1 -> 0.0013602846 | G21: =AH2 -> 34.780382 | I21: 01_KOR | J21: 0.375744
A22: Last Updated Date | B22: 45343 | E22: 02_CHN | F22: =(AH3/O3)^(1/($AH$1-$O$1))-1 -> 0.010728713 | G22: =AH3 -> 43.773028 | I22: 02_CHN | J22: 0.514341
E23: 03_JPN | F23: =(AH4/O4)^(1/($AH$1-$O$1))-1 -> -0.0032464494 | G23: =AH4 -> 29.171702 | I23: 03_JPN | J23: 0.175669
E24: 04_RUS | F24: =(AH5/O5)^(1/($AH$1-$O$1))-1 -> -0.016144205 | G24: =AH5 -> 26.537277 | I24: 04_RUS | J24: 0.357103
E25: 05_MNG | F25: =(AH6/O6)^(1/($AH$1-$O$1))-1 -> 0.0079660088 | G25: =AH6 -> 20.258627 | I25: 05_MNG | J25: 0.425835
E26: 06_PRK | F26: 0.0001 | G26: =AH7 -> 0 | I26: 06_PRK | J26: 0.513993
E27: 07_NAM | F27: =(AH8/O8)^(1/($AH$1-$O$1))-1 -> -0.0030575844 | G27: =AH8 -> 19.636915 | I27: 07_NAM | J27: -0.0227846
E28: 08_LAM | F28: =(AH9/O9)^(1/($AH$1-$O$1))-1 -> -0.0069689518 | G28: =AH9 -> 12.250796 | I28: 08_LAM | J28: 0.144882
E29: 09_WEU | F29: =(AH10/O10)^(1/($AH$1-$O$1))-1 -> 0.015011976 | G29: =AH10 -> 30.087282 | I29: 09_WEU | J29: 0.0795812
E30: 10_EEU | F30: =(AH11/O11)^(1/($AH$1-$O$1))-1 -> 0.0049995876 | G30: =AH11 -> 20.25584 | I30: 10_EEU | J30: 0.139679
E31: 11_FSU | F31: =(AH12/O12)^(1/($AH$1-$O$1))-1 -> -0.027653788 | G31: =AH12 -> 12.285007 | I31: 11_FSU | J31: 0.261019
E32: 12_MEA | F32: =(AH13/O13)^(1/($AH$1-$O$1))-1 -> 0.0043421476 | G32: =AH13 -> 32.854529 | I32: 12_MEA | J32: 0.42131
E33: 13_AFR | F33: =(AH14/O14)^(1/($AH$1-$O$1))-1 -> -0.0070140713 | G33: =AH14 -> 13.216023 | I33: 13_AFR | J33: 0.159131
E34: 14_CPA | F34: =(AH15/O15)^(1/($AH$1-$O$1))-1 -> 0.00014338398 | G34: =AH15 -> 31.333031 | I34: 14_CPA | J34: 0.101096
E35: 15_SAS | F35: =(AH16/O16)^(1/($AH$1-$O$1))-1 -> 0.0067891039 | G35: =AH16 -> 29.702201 | I35: 15_SAS | J35: 0.265111
E36: 16_PAS | F36: =(AH17/O17)^(1/($AH$1-$O$1))-1 -> 0.0085507352 | G36: =AH17 -> 30.902714 | I36: 16_PAS | J36: 0.332384
E37: 17_PAO | F37: =(AH18/O18)^(1/($AH$1-$O$1))-1 -> 0.0027747868 | G37: =AH18 -> 22.341727 | I37: 17_PAO | J37: 0.201984

Sheet GDP_Projection
B1: 2018 | C1: 2019 | D1: 2020 | E1: 2021 | F1: 2022 | G1: 2023 | H1: 2024 | I1: 2025 | J1: 2026 | K1: 2027 | L1: 2028 | M1: 2029 | N1: 2030 | O1: 2031 | P1: 2032 | Q1: 2033 | R1: 2034 | S1: 2035 | T1: 2036 | U1: 2037 | V1: 2038 | W1: 2039 | X1: 2040 | Y1: 2041 | Z1: 2042 | AA1: 2043 | AB1: 2044 | AC1: 2045 | AD1: 2046 | AE1: 2047 | AF1: 2048 | AG1: 2049 | AH1: 2050 | AI1: 2051 | AJ1: 2052 | AK1: 2053 | AL1: 2054 | AM1: 2055 | AN1: 2056 | AO1: 2057 | AP1: 2058 | AQ1: 2059 | AR1: 2060 | AS1: 2061 | AT1: 2062 | AU1: 2063 | AV1: 2064 | AW1: 2065 | AX1: 2066 | AY1: 2067 | AZ1: 2068 | BA1: 2069 | BB1: 2070 | BC1: 2071 | BD1: 2072 | BE1: 2073 | BF1: 2074 | BG1: 2075 | BH1: 2076 | BI1: 2077 | BJ1: 2078 | BK1: 2079 | BL1: 2080 | BM1: 2081 | BN1: 2082 | BO1: 2083 | BP1: 2084 | BQ1: 2085 | BR1: 2086 | BS1: 2087 | BT1: 2088 | BU1: 2089 | BV1: 2090 | BW1: 2091 | BX1: 2092 | BY1: 2093 | BZ1: 2094 | CA1: 2095 | CB1: 2096 | CC1: 2097 | CD1: 2098 | CE1: 2099 | CF1: 2100
A2: 01_KOR | B2: {=TRANSPOSE(GDP!B2:B84)} -> 2164.8129 | C2: 2213.3908 | D2: 2197.6887 | E2: 2292.2934 | F2: 2326.875 | G2: 2361.4567 | H2: 2396.0383 | I2: 2430.62 | J2: 2478.518 | K2: 2526.416 | L2: 2574.314 | M2: 2622.212 | N2: 2670.11 | O2: 2705.06 | P2: 2740.01 | Q2: 2774.96 | R2: 2809.91 | S2: 2844.86 | T2: 2869.73 | U2: 2894.6 | V2: 2919.47 | W2: 2944.34 | X2: 2969.21 | Y2: 2987.112 | Z2: 3005.014 | AA2: 3022.916 | AB2: 3040.818 | AC2: 3058.72 | AD2: 3071.018 | AE2: 3083.316 | AF2: 3095.614 | AG2: 3107.912 | AH2: 3120.21 | AI2: 3125.836 | AJ2: 3131.462 | AK2: 3137.088 | AL2: 3142.714 | AM2: 3148.34 | AN2: 3148.094 | AO2: 3147.848 | AP2: 3147.602 | AQ2: 3147.356 | AR2: 3147.11 | AS2: 3144.368 | AT2: 3141.626 | AU2: 3138.884 | AV2: 3136.142 | AW2: 3133.4 | AX2: 3127.558 | AY2: 3121.716 | AZ2: 3115.874 | BA2: 3110.032 | BB2: 3104.19 | BC2: 3095.18 | BD2: 3086.17 | BE2: 3077.16 | BF2: 3068.15 | BG2: 3059.14 | BH2: 3047.166 | BI2: 3035.192 | BJ2: 3023.218 | BK2: 3011.244 | BL2: 2999.27 | BM2: 2985.19 | BN2: 2971.11 | BO2: 2957.03 | BP2: 2942.95 | BQ2: 2928.87 | BR2: 2913.096 | BS2: 2897.322 | BT2: 2881.548 | BU2: 2865.774 | BV2: 2850 | BW2: 2832.902 | BX2: 2815.804 | BY2: 2798.706 | BZ2: 2781.608 | CA2: 2764.51 | CB2: 2746.806 | CC2: 2729.102 | CD2: 2711.398 | CE2: 2693.694 | CF2: 2675.99
A3: 02_CHN | B3: {=TRANSPOSE(GDP!C2:C84)} -> 21684.385 | C3: 22940.028 | D3: 23414.274 | E3: 25384.031 | F3: 26693.29 | G3: 28002.548 | H3: 29311.806 | I3: 30621.064 | J3: 31849.824 | K3: 33078.584 | L3: 34307.343 | M3: 35536.103 | N3: 36764.863 | O3: 37877.798 | P3: 38990.734 | Q3: 40103.669 | R3: 41216.605 | S3: 42329.54 | T3: 43218.37 | U3: 44107.2 | V3: 44996.031 | W3: 45884.861 | X3: 46773.691 | Y3: 47622.001 | Z3: 48470.311 | AA3: 49318.622 | AB3: 50166.932 | AC3: 51015.242 | AD3: 51805.812 | AE3: 52596.382 | AF3: 53386.953 | AG3: 54177.523 | AH3: 54968.093 | AI3: 55653.318 | AJ3: 56338.544 | AK3: 57023.769 | AL3: 57708.995 | AM3: 58394.22 | AN3: 59054.777 | AO3: 59715.333 | AP3: 60375.89 | AQ3: 61036.446 | AR3: 61697.003 | AS3: 62322.84 | AT3: 62948.677 | AU3: 63574.514 | AV3: 64200.351 | AW3: 64826.188 | AX3: 65329.606 | AY3: 65833.024 | AZ3: 66336.442 | BA3: 66839.86 | BB3: 67343.278 | BC3: 67717.769 | BD3: 68092.26 | BE3: 68466.751 | BF3: 68841.242 | BG3: 69215.733 | BH3: 69490.551 | BI3: 69765.369 | BJ3: 70040.188 | BK3: 70315.006 | BL3: 70589.824 | BM3: 70791.723 | BN3: 70993.622 | BO3: 71195.52 | BP3: 71397.419 | BQ3: 71599.318 | BR3: 71762.502 | BS3: 71925.687 | BT3: 72088.871 | BU3: 72252.056 | BV3: 72415.24 | BW3: 72547.917 | BX3: 72680.594 | BY3: 72813.271 | BZ3: 72945.948 | CA3: 73078.625 | CB3: 73153.642 | CC3: 73228.659 | CD3: 73303.677 | CE3: 73378.694 | CF3: 73453.711
A4: 03_JPN | B4: {=TRANSPOSE(GDP!D2:R2)} -> 5296.1118 | C4: {=TRANSPOSE(GDP!D3:G84)} -> 5274.8125 | D4: 5049.1242 | E4: 5157.301 | F4: 5239.3933 | G4: 5321.4855 | H4: 5403.5778 | I4: 5485.67 | J4: 5529.576 | K4: 5573.482 | L4: 5617.388 | M4: 5661.294 | N4: 5705.2 | O4: 5753.91 | P4: 5802.62 | Q4: 5851.33 | R4: 5900.04 | S4: 5948.75 | T4: 5990.412 | U4: 6032.074 | V4: 6073.736 | W4: 6115.398 | X4: 6157.06 | Y4: 6199.932 | Z4: 6242.804 | AA4: 6285.676 | AB4: 6328.548 | AC4: 6371.42 | AD4: 6416.856 | AE4: 6462.292 | AF4: 6507.728 | AG4: 6553.164 | AH4: 6598.6 | AI4: 6642.002 | AJ4: 6685.404 | AK4: 6728.806 | AL4: 6772.208 | AM4: 6815.61 | AN4: 6854.064 | AO4: 6892.518 | AP4: 6930.972 | AQ4: 6969.426 | AR4: 7007.88 | AS4: 7041.024 | AT4: 7074.168 | AU4: 7107.312 | AV4: 7140.456 | AW4: 7173.6 | AX4: 7200.24 | AY4: 7226.88 | AZ4: 7253.52 | BA4: 7280.16 | BB4: 7306.8 | BC4: 7328.06 | BD4: 7349.32 | BE4: 7370.58 | BF4: 7391.84 | BG4: 7413.1 | BH4: 7432.194 | BI4: 7451.288 | BJ4: 7470.382 | BK4: 7489.476 | BL4: 7508.57 | BM4: 7527.222 | BN4: 7545.874 | BO4: 7564.526 | BP4: 7583.178 | BQ4: 7601.83 | BR4: 7618.882 | BS4: 7635.934 | BT4: 7652.986 | BU4: 7670.038 | BV4: 7687.09 | BW4: 7700.066 | BX4: 7713.042 | BY4: 7726.018 | BZ4: 7738.994 | CA4: 7751.97 | CB4: 7758.134 | CC4: 7764.298 | CD4: 7770.462 | CE4: 7776.626 | CF4: 7782.79
A5: 04_RUS | B5: 3913.9759 | C5: 4000.0081 | D5: 3893.8617 | E5: 4112.4744 | F5: 4066.9158 | G5: 4021.3572 | H5: 3975.7986 | I5: 3930.24 | J5: 3989.154 | K5: 4048.068 | L5: 4106.982 | M5: 4165.896 | N5: 4224.81 | O5: 4306.92 | P5: 4389.03 | Q5: 4471.14 | R5: 4553.25 | S5: 4635.36 | T5: 4720.446 | U5: 4805.532 | V5: 4890.618 | W5: 4975.704 | X5: 5060.79 | Y5: 5147.096 | Z5: 5233.402 | AA5: 5319.708 | AB5: 5406.014 | AC5: 5492.32 | AD5: 5579.152 | AE5: 5665.984 | AF5: 5752.816 | AG5: 5839.648 | AH5: 5926.48 | AI5: 6021.756 | AJ5: 6117.032 | AK5: 6212.308 | AL5: 6307.584 | AM5: 6402.86 | AN5: 6512.924 | AO5: 6622.988 | AP5: 6733.052 | AQ5: 6843.116 | AR5: 6953.18 | AS5: 7069.914 | AT5: 7186.648 | AU5: 7303.382 | AV5: 7420.116 | AW5: 7536.85 | AX5: 7658.53 | AY5: 7780.21 | AZ5: 7901.89 | BA5: 8023.57 | BB5: 8145.25 | BC5: 8268.47 | BD5: 8391.69 | BE5: 8514.91 | BF5: 8638.13 | BG5: 8761.35 | BH5: 8886.588 | BI5: 9011.826 | BJ5: 9137.064 | BK5: 9262.302 | BL5: 9387.54 | BM5: 9518.752 | BN5: 9649.964 | BO5: 9781.176 | BP5: 9912.388 | BQ5: 10043.6 | BR5: 10184.32 | BS5: 10325.04 | BT5: 10465.76 | BU5: 10606.48 | BV5: 10747.2 | BW5: 10896.44 | BX5: 11045.68 | BY5: 11194.92 | BZ5: 11344.16 | CA5: 11493.4 | CB5: 11645.2 | CC5: 11797 | CD5: 11948.8 | CE5: 12100.6 | CF5: 12252.4
A6: 05_MNG | B6: 38.133349 | C6: 40.269673 | D6: 38.434281 | E6: 39.063361 | F6: 41.001671 | G6: 42.939981 | H6: 44.87829 | I6: 46.8166 | J6: 48.72012 | K6: 50.62364 | L6: 52.52716 | M6: 54.43068 | N6: 56.3342 | O6: 58.66914 | P6: 61.00408 | Q6: 63.33902 | R6: 65.67396 | S6: 68.0089 | T6: 70.5476 | U6: 73.0863 | V6: 75.625 | W6: 78.1637 | X6: 80.7024 | Y6: 83.49678 | Z6: 86.29116 | AA6: 89.08554 | AB6: 91.87992 | AC6: 94.6743 | AD6: 97.85204 | AE6: 101.02978 | AF6: 104.20752 | AG6: 107.38526 | AH6: 110.563 | AI6: 114.2586 | AJ6: 117.9542 | AK6: 121.6498 | AL6: 125.3454 | AM6: 129.041 | AN6: 133.334 | AO6: 137.627 | AP6: 141.92 | AQ6: 146.213 | AR6: 150.506 | AS6: 155.4462 | AT6: 160.3864 | AU6: 165.3266 | AV6: 170.2668 | AW6: 175.207 | AX6: 180.6334 | AY6: 186.0598 | AZ6: 191.4862 | BA6: 196.9126 | BB6: 202.339 | BC6: 208.176 | BD6: 214.013 | BE6: 219.85 | BF6: 225.687 | BG6: 231.524 | BH6: 237.7938 | BI6: 244.0636 | BJ6: 250.3334 | BK6: 256.6032 | BL6: 262.873 | BM6: 269.609 | BN6: 276.345 | BO6: 283.081 | BP6: 289.817 | BQ6: 296.553 | BR6: 303.7968 | BS6: 311.0406 | BT6: 318.2844 | BU6: 325.5282 | BV6: 332.772 | BW6: 340.5136 | BX6: 348.2552 | BY6: 355.9968 | BZ6: 363.7384 | CA6: 371.48 | CB6: 379.6734 | CC6: 387.8668 | CD6: 396.0602 | CE6: 404.2536 | CF6: 412.447
A7: 06_PRK | B7: 15.64645 | C7: 15.701732 | D7: 14.990075 | E7: 14.981775 | F7: 14.876903 | G7: 14.772765 | H7: 14.669355 | I7: 14.56667 | J7: 14.464703 | K7: 14.36345 | L7: 14.262906 | M7: 14.163066 | N7: 14.063924 | O7: 13.965477 | P7: 13.867718 | Q7: 13.770644 | R7: 13.67425 | S7: 13.57853 | T7: 13.48348 | U7: 13.389096 | V7: 13.295372 | W7: 13.202305 | X7: 13.109889 | Y7: 13.018119 | Z7: 12.926992 | AA7: 12.836504 | AB7: 12.746648 | AC7: 12.657421 | AD7: 12.56882 | AE7: 12.480838 | AF7: 12.393472 | AG7: 12.306718 | AH7: 12.220571 | AI7: 12.135027 | AJ7: 12.050081 | AK7: 11.965731 | AL7: 11.881971 | AM7: 11.798797 | AN7: 11.716205 | AO7: 11.634192 | AP7: 11.552753 | AQ7: 11.471883 | AR7: 11.39158 | AS7: 11.311839 | AT7: 11.232656 | AU7: 11.154028 | AV7: 11.075949 | AW7: 10.998418 | AX7: 10.921429 | AY7: 10.844979 | AZ7: 10.769064 | BA7: 10.693681 | BB7: 10.618825 | BC7: 10.544493 | BD7: 10.470682 | BE7: 10.397387 | BF7: 10.324605 | BG7: 10.252333 | BH7: 10.180566 | BI7: 10.109303 | BJ7: 10.038537 | BK7: 9.9682677 | BL7: 9.8984898 | BM7: 9.8292004 | BN7: 9.7603959 | BO7: 9.6920732 | BP7: 9.6242287 | BQ7: 9.5568591 | BR7: 9.4899611 | BS7: 9.4235313 | BT7: 9.3575666 | BU7: 9.2920636 | BV7: 9.2270192 | BW7: 9.1624301 | BX7: 9.098293 | BY7: 9.034605 | BZ7: 8.9713628 | CA7: 8.9085632 | CB7: 8.8462033 | CC7: 8.7842799 | CD7: 8.7227899 | CE7: 8.6617304 | CF7: 8.6010983
A8: 07_NAM | B8: 21975.104 | C8: {=TRANSPOSE(GDP!H3:R84)} -> 22471.26 | D8: 21805.056 | E8: 23079.216 | F8: 23418.653 | G8: 23758.09 | H8: 24097.528 | I8: 24436.965 | J8: 24914.997 | K8: 25393.029 | L8: 25871.06 | M8: 26349.092 | N8: 26827.124 | O8: 27266.258 | P8: 27705.391 | Q8: 28144.525 | R8: 28583.659 | S8: 29022.792 | T8: 29443.005 | U8: 29863.218 | V8: 30283.431 | W8: 30703.644 | X8: 31123.857 | Y8: 31536.282 | Z8: 31948.706 | AA8: 32361.131 | AB8: 32773.556 | AC8: 33185.981 | AD8: 33594.991 | AE8: 34004.001 | AF8: 34413.011 | AG8: 34822.021 | AH8: 35231.031 | AI8: 35646.204 | AJ8: 36061.376 | AK8: 36476.549 | AL8: 36891.721 | AM8: 37306.894 | AN8: 37733.159 | AO8: 38159.425 | AP8: 38585.691 | AQ8: 39011.957 | AR8: 39438.223 | AS8: 39876.916 | AT8: 40315.608 | AU8: 40754.301 | AV8: 41192.993 | AW8: 41631.686 | AX8: 42066.691 | AY8: 42501.696 | AZ8: 42936.701 | BA8: 43371.706 | BB8: 43806.71 | BC8: 44232.837 | BD8: 44658.963 | BE8: 45085.089 | BF8: 45511.215 | BG8: 45937.341 | BH8: 46351.63 | BI8: 46765.919 | BJ8: 47180.207 | BK8: 47594.496 | BL8: 48008.785 | BM8: 48411.81 | BN8: 48814.835 | BO8: 49217.86 | BP8: 49620.886 | BQ8: 50023.911 | BR8: 50417.186 | BS8: 50810.462 | BT8: 51203.737 | BU8: 51597.013 | BV8: 51990.288 | BW8: 52374.408 | BX8: 52758.528 | BY8: 53142.648 | BZ8: 53526.768 | CA8: 53910.887 | CB8: 54281.258 | CC8: 54651.629 | CD8: 55022.001 | CE8: 55392.372 | CF8: 55762.743
A9: 08_LAM | B9: 9585.6291 | C9: 9657.573 | D9: 9010.867 | E9: 9674.2145 | F9: 9849.2318 | G9: 10024.249 | H9: 10199.266 | I9: 10374.284 | J9: 10651.893 | K9: 10929.503 | L9: 11207.113 | M9: 11484.723 | N9: 11762.332 | O9: 12120.367 | P9: 12478.401 | Q9: 12836.435 | R9: 13194.469 | S9: 13552.503 | T9: 13976.933 | U9: 14401.363 | V9: 14825.793 | W9: 15250.223 | X9: 15674.653 | Y9: 16158.705 | Z9: 16642.757 | AA9: 17126.808 | AB9: 17610.86 | AC9: 18094.912 | AD9: 18627.56 | AE9: 19160.209 | AF9: 19692.857 | AG9: 20225.506 | AH9: 20758.154 | AI9: 21332.94 | AJ9: 21907.726 | AK9: 22482.512 | AL9: 23057.299 | AM9: 23632.085 | AN9: 24240.385 | AO9: 24848.684 | AP9: 25456.984 | AQ9: 26065.284 | AR9: 26673.584 | AS9: 27318.846 | AT9: 27964.107 | AU9: 28609.369 | AV9: 29254.631 | AW9: 29899.893 | AX9: 30567.527 | AY9: 31235.162 | AZ9: 31902.797 | BA9: 32570.431 | BB9: 33238.066 | BC9: 33919.444 | BD9: 34600.822 | BE9: 35282.2 | BF9: 35963.578 | BG9: 36644.957 | BH9: 37324.181 | BI9: 38003.406 | BJ9: 38682.631 | BK9: 39361.855 | BL9: 40041.08 | BM9: 40715.444 | BN9: 41389.809 | BO9: 42064.173 | BP9: 42738.537 | BQ9: 43412.901 | BR9: 44081.031 | BS9: 44749.161 | BT9: 45417.291 | BU9: 46085.421 | BV9: 46753.551 | BW9: 47414.347 | BX9: 48075.142 | BY9: 48735.938 | BZ9: 49396.734 | CA9: 50057.53 | CB9: 50710.368 | CC9: 51363.207 | CD9: 52016.045 | CE9: 52668.883 | CF9: 53321.721
A10: 09_WEU | B10: 22625.327 | C10: 22959.584 | D10: 21647.745 | E10: 23137.908 | F10: 23256.562 | G10: 23375.216 | H10: 23493.869 | I10: 23612.523 | J10: 24056.213 | K10: 24499.904 | L10: 24943.594 | M10: 25387.285 | N10: 25830.975 | O10: 26283.442 | P10: 26735.909 | Q10: 27188.376 | R10: 27640.843 | S10: 28093.31 | T10: 28563.244 | U10: 29033.178 | V10: 29503.112 | W10: 29973.046 | X10: 30442.98 | Y10: 30926.463 | Z10: 31409.946 | AA10: 31893.429 | AB10: 32376.912 | AC10: 32860.395 | AD10: 33342.219 | AE10: 33824.042 | AF10: 34305.865 | AG10: 34787.689 | AH10: 35269.512 | AI10: 35747.529 | AJ10: 36225.546 | AK10: 36703.563 | AL10: 37181.58 | AM10: 37659.597 | AN10: 38136.562 | AO10: 38613.526 | AP10: 39090.491 | AQ10: 39567.456 | AR10: 40044.421 | AS10: 40512.959 | AT10: 40981.496 | AU10: 41450.034 | AV10: 41918.572 | AW10: 42387.11 | AX10: 42826.903 | AY10: 43266.697 | AZ10: 43706.491 | BA10: 44146.285 | BB10: 44586.078 | BC10: 44994.813 | BD10: 45403.549 | BE10: 45812.284 | BF10: 46221.019 | BG10: 46629.755 | BH10: 47005.413 | BI10: 47381.072 | BJ10: 47756.73 | BK10: 48132.389 | BL10: 48508.047 | BM10: 48852.362 | BN10: 49196.676 | BO10: 49540.991 | BP10: 49885.306 | BQ10: 50229.62 | BR10: 50545.098 | BS10: 50860.577 | BT10: 51176.055 | BU10: 51491.533 | BV10: 51807.011 | BW10: 52092.876 | BX10: 52378.74 | BY10: 52664.604 | BZ10: 52950.469 | CA10: 53236.333 | CB10: 53485.152 | CC10: 53733.971 | CD10: 53982.789 | CE10: 54231.608 | CF10: 54480.427
A11: 10_EEU | B11: 3472.9901 | C11: 3609.1441 | D11: 3487.3467 | E11: 3716.7234 | F11: 3775.4882 | G11: 3834.253 | H11: 3893.0178 | I11: 3951.7826 | J11: 4068.4402 | K11: 4185.0978 | L11: 4301.7555 | M11: 4418.4131 | N11: 4535.0707 | O11: 4630.3487 | P11: 4725.6266 | Q11: 4820.9046 | R11: 4916.1825 | S11: 5011.4605 | T11: 5090.027 | U11: 5168.5935 | V11: 5247.1601 | W11: 5325.7266 | X11: 5404.2931 | Y11: 5463.7973 | Z11: 5523.3015 | AA11: 5582.8058 | AB11: 5642.31 | AC11: 5701.8142 | AD11: 5751.5447 | AE11: 5801.2751 | AF11: 5851.0056 | AG11: 5900.736 | AH11: 5950.4665 | AI11: 5994.5824 | AJ11: 6038.6982 | AK11: 6082.8141 | AL11: 6126.9299 | AM11: 6171.0458 | AN11: 6212.4034 | AO11: 6253.761 | AP11: 6295.1186 | AQ11: 6336.4762 | AR11: 6377.8338 | AS11: 6417.2675 | AT11: 6456.7011 | AU11: 6496.1348 | AV11: 6535.5684 | AW11: 6575.0021 | AX11: 6609.6416 | AY11: 6644.2811 | AZ11: 6678.9207 | BA11: 6713.5602 | BB11: 6748.1997 | BC11: 6777.3133 | BD11: 6806.427 | BE11: 6835.5406 | BF11: 6864.6543 | BG11: 6893.7679 | BH11: 6918.4347 | BI11: 6943.1014 | BJ11: 6967.7682 | BK11: 6992.4349 | BL11: 7017.1017 | BM11: 7039.7509 | BN11: 7062.4001 | BO11: 7085.0493 | BP11: 7107.6985 | BQ11: 7130.3477 | BR11: 7153.2663 | BS11: 7176.1848 | BT11: 7199.1034 | BU11: 7222.0219 | BV11: 7244.9405 | BW11: 7268.9374 | BX11: 7292.9343 | BY11: 7316.9313 | BZ11: 7340.9282 | CA11: 7364.9251 | CB11: 7388.4468 | CC11: 7411.9685 | CD11: 7435.4901 | CE11: 7459.0118 | CF11: 7482.5335
A12: 11_FSU | B12: 1784.7279 | C12: 1857.0133 | D12: 1810.9689 | E12: 1899.4803 | F12: 1938.2091 | G12: 1976.9379 | H12: 2015.6667 | I12: 2054.3955 | J12: 2134.8368 | K12: 2215.2781 | L12: 2295.7194 | M12: 2376.1607 | N12: 2456.602 | O12: 2546.2138 | P12: 2635.8256 | Q12: 2725.4374 | R12: 2815.0492 | S12: 2904.661 | T12: 2993.979 | U12: 3083.297 | V12: 3172.615 | W12: 3261.933 | X12: 3351.251 | Y12: 3438.4935 | Z12: 3525.736 | AA12: 3612.9784 | AB12: 3700.2209 | AC12: 3787.4634 | AD12: 3875.7253 | AE12: 3963.9872 | AF12: 4052.2492 | AG12: 4140.5111 | AH12: 4228.773 | AI12: 4322.4437 | AJ12: 4416.1144 | AK12: 4509.785 | AL12: 4603.4557 | AM12: 4697.1264 | AN12: 4799.752 | AO12: 4902.3776 | AP12: 5005.0031 | AQ12: 5107.6287 | AR12: 5210.2543 | AS12: 5322.1087 | AT12: 5433.9631 | AU12: 5545.8175 | AV12: 5657.6719 | AW12: 5769.5263 | AX12: 5887.5141 | AY12: 6005.502 | AZ12: 6123.4898 | BA12: 6241.4777 | BB12: 6359.4655 | BC12: 6481.207 | BD12: 6602.9485 | BE12: 6724.69 | BF12: 6846.4315 | BG12: 6968.173 | BH12: 7094.5456 | BI12: 7220.9182 | BJ12: 7347.2908 | BK12: 7473.6634 | BL12: 7600.036 | BM12: 7733.9542 | BN12: 7867.8724 | BO12: 8001.7906 | BP12: 8135.7088 | BQ12: 8269.627 | BR12: 8413.2242 | BS12: 8556.8214 | BT12: 8700.4186 | BU12: 8844.0158 | BV12: 8987.613 | BW12: 9140.4244 | BX12: 9293.2358 | BY12: 9446.0472 | BZ12: 9598.8586 | CA12: 9751.67 | CB12: 9911.3956 | CC12: 10071.121 | CD12: 10230.847 | CE12: 10390.572 | CF12: 10550.298
A13: 12_MEA | B13: 7693.5896 | C13: 7766.4346 | D13: 7518.6202 | E13: 7839.315 | F13: 8141.163 | G13: 8443.011 | H13: 8744.859 | I13: 9046.707 | J13: 9421.6885 | K13: 9796.67 | L13: 10171.652 | M13: 10546.633 | N13: 10921.615 | O13: 11346.631 | P13: 11771.648 | Q13: 12196.665 | R13: 12621.682 | S13: 13046.699 | T13: 13522.139 | U13: 13997.579 | V13: 14473.02 | W13: 14948.46 | X13: 15423.9 | Y13: 15943.352 | Z13: 16462.804 | AA13: 16982.256 | AB13: 17501.708 | AC13: 18021.16 | AD13: 18588.185 | AE13: 19155.21 | AF13: 19722.235 | AG13: 20289.261 | AH13: 20856.286 | AI13: 21483.536 | AJ13: 22110.786 | AK13: 22738.036 | AL13: 23365.286 | AM13: 23992.536 | AN13: 24685.544 | AO13: 25378.553 | AP13: 26071.562 | AQ13: 26764.57 | AR13: 27457.579 | AS13: 28211.438 | AT13: 28965.298 | AU13: 29719.157 | AV13: 30473.017 | AW13: 31226.876 | AX13: 32014.024 | AY13: 32801.172 | AZ13: 33588.319 | BA13: 34375.467 | BB13: 35162.614 | BC13: 35982.546 | BD13: 36802.478 | BE13: 37622.409 | BF13: 38442.341 | BG13: 39262.272 | BH13: 40114.779 | BI13: 40967.285 | BJ13: 41819.792 | BK13: 42672.298 | BL13: 43524.805 | BM13: 44412.802 | BN13: 45300.8 | BO13: 46188.797 | BP13: 47076.795 | BQ13: 47964.792 | BR13: 48895.883 | BS13: 49826.974 | BT13: 50758.065 | BU13: 51689.155 | BV13: 52620.246 | BW13: 53596.033 | BX13: 54571.82 | BY13: 55547.607 | BZ13: 56523.394 | CA13: 57499.181 | CB13: 58511.337 | CC13: 59523.493 | CD13: 60535.649 | CE13: 61547.805 | CF13: 62559.961
A14: 13_AFR | B14: 3973.8031 | C14: 4092.0868 | D14: 4019.6625 | E14: 4202.5456 | F14: 4377.0315 | G14: 4551.5173 | H14: 4726.0031 | I14: 4900.489 | J14: 5142.243 | K14: 5383.997 | L14: 5625.751 | M14: 5867.505 | N14: 6109.2591 | O14: 6457.7655 | P14: 6806.2719 | Q14: 7154.7783 | R14: 7503.2847 | S14: 7851.7912 | T14: 8283.5034 | U14: 8715.2157 | V14: 9146.928 | W14: 9578.6402 | X14: 10010.353 | Y14: 10549.574 | Z14: 11088.796 | AA14: 11628.018 | AB14: 12167.24 | AC14: 12706.461 | AD14: 13375.645 | AE14: 14044.829 | AF14: 14714.013 | AG14: 15383.197 | AH14: 16052.381 | AI14: 16877.119 | AJ14: 17701.858 | AK14: 18526.596 | AL14: 19351.335 | AM14: 20176.073 | AN14: 21181.827 | AO14: 22187.582 | AP14: 23193.336 | AQ14: 24199.091 | AR14: 25204.845 | AS14: 26417.704 | AT14: 27630.564 | AU14: 28843.423 | AV14: 30056.282 | AW14: 31269.141 | AX14: 32700.14 | AY14: 34131.139 | AZ14: 35562.138 | BA14: 36993.137 | BB14: 38424.136 | BC14: 40094.011 | BD14: 41763.886 | BE14: 43433.76 | BF14: 45103.635 | BG14: 46773.509 | BH14: 48690.982 | BI14: 50608.455 | BJ14: 52525.927 | BK14: 54443.4 | BL14: 56360.873 | BM14: 58537.933 | BN14: 60714.994 | BO14: 62892.054 | BP14: 65069.115 | BQ14: 67246.175 | BR14: 69696.558 | BS14: 72146.942 | BT14: 74597.325 | BU14: 77047.709 | BV14: 79498.092 | BW14: 82230.47 | BX14: 84962.848 | BY14: 87695.225 | BZ14: 90427.603 | CA14: 93159.981 | CB14: 96179.556 | CC14: 99199.132 | CD14: 102218.71 | CE14: 105238.28 | CF14: 108257.86
A15: 14_CPA | B15: 1035.8009 | C15: 1110.8024 | D15: 1136.9823 | E15: 1166.4138 | F15: 1245.2884 | G15: 1324.1629 | H15: 1403.0375 | I15: 1481.912 | J15: 1595.2163 | K15: 1708.5205 | L15: 1821.8248 | M15: 1935.129 | N15: 2048.4333 | O15: 2175.7444 | P15: 2303.0556 | Q15: 2430.3667 | R15: 2557.6779 | S15: 2684.989 | T15: 2806.9882 | U15: 2928.9874 | V15: 3050.9866 | W15: 3172.9858 | X15: 3294.985 | Y15: 3412.5282 | Z15: 3530.0714 | AA15: 3647.6146 | AB15: 3765.1578 | AC15: 3882.701 | AD15: 3997.011 | AE15: 4111.321 | AF15: 4225.631 | AG15: 4339.941 | AH15: 4454.251 | AI15: 4568.3928 | AJ15: 4682.5346 | AK15: 4796.6764 | AL15: 4910.8182 | AM15: 5024.96 | AN15: 5139.3432 | AO15: 5253.7264 | AP15: 5368.1096 | AQ15: 5482.4928 | AR15: 5596.876 | AS15: 5711.4768 | AT15: 5826.0776 | AU15: 5940.6784 | AV15: 6055.2792 | AW15: 6169.88 | AX15: 6281.8272 | AY15: 6393.7744 | AZ15: 6505.7216 | BA15: 6617.6688 | BB15: 6729.616 | BC15: 6834.2696 | BD15: 6938.9232 | BE15: 7043.5768 | BF15: 7148.2304 | BG15: 7252.884 | BH15: 7349.918 | BI15: 7446.952 | BJ15: 7543.986 | BK15: 7641.02 | BL15: 7738.054 | BM15: 7830.0652 | BN15: 7922.0764 | BO15: 8014.0876 | BP15: 8106.0988 | BQ15: 8198.11 | BR15: 8287.9704 | BS15: 8377.8308 | BT15: 8467.6912 | BU15: 8557.5516 | BV15: 8647.412 | BW15: 8737.2766 | BX15: 8827.1412 | BY15: 8917.0058 | BZ15: 9006.8704 | CA15: 9096.735 | CB15: 9187.3628 | CC15: 9277.9906 | CD15: 9368.6184 | CE15: 9459.2462 | CF15: 9549.874
A16: 15_SAS | B16: 11196.511 | C16: 11639.449 | D16: 11101.407 | E16: 12038.788 | F16: 12783.486 | G16: 13528.184 | H16: 14272.883 | I16: 15017.581 | J16: 15991.776 | K16: 16965.971 | L16: 17940.166 | M16: 18914.361 | N16: 19888.556 | O16: 20952.169 | P16: 22015.783 | Q16: 23079.396 | R16: 24143.01 | S16: 25206.623 | T16: 26373.007 | U16: 27539.392 | V16: 28705.776 | W16: 29872.161 | X16: 31038.545 | Y16: 32320.067 | Z16: 33601.589 | AA16: 34883.11 | AB16: 36164.632 | AC16: 37446.154 | AD16: 38851.406 | AE16: 40256.658 | AF16: 41661.91 | AG16: 43067.162 | AH16: 44472.414 | AI16: 46014.082 | AJ16: 47555.75 | AK16: 49097.418 | AL16: 50639.086 | AM16: 52180.754 | AN16: 53855.117 | AO16: 55529.48 | AP16: 57203.842 | AQ16: 58878.205 | AR16: 60552.568 | AS16: 62347.468 | AT16: 64142.367 | AU16: 65937.267 | AV16: 67732.167 | AW16: 69527.066 | AX16: 71387.578 | AY16: 73248.089 | AZ16: 75108.601 | BA16: 76969.112 | BB16: 78829.624 | BC16: 80749.215 | BD16: 82668.805 | BE16: 84588.396 | BF16: 86507.987 | BG16: 88427.578 | BH16: 90357.012 | BI16: 92286.446 | BJ16: 94215.881 | BK16: 96145.315 | BL16: 98074.749 | BM16: 99997 | BN16: 101919.25 | BO16: 103841.5 | BP16: 105763.75 | BQ16: 107686 | BR16: 109600.54 | BS16: 111515.08 | BT16: 113429.61 | BU16: 115344.15 | BV16: 117258.69 | BW16: 119167.08 | BX16: 121075.47 | BY16: 122983.86 | BZ16: 124892.24 | CA16: 126800.63 | CB16: 128715.61 | CC16: 130630.59 | CD16: 132545.57 | CE16: 134460.55 | CF16: 136375.53
A17: 16_PAS | B17: 7058.7981 | C17: 7357.9835 | D17: 6980.1053 | E17: 7217.632 | F17: 7955.0799 | G17: 8692.5278 | H17: 9429.9758 | I17: 10167.424 | J17: 10607.014 | K17: 11046.604 | L17: 11486.194 | M17: 11925.784 | N17: 12365.375 | O17: 12803.842 | P17: 13242.308 | Q17: 13680.775 | R17: 14119.242 | S17: 14557.709 | T17: 14975.814 | U17: 15393.919 | V17: 15812.024 | W17: 16230.129 | X17: 16648.234 | Y17: 17051.334 | Z17: 17454.435 | AA17: 17857.535 | AB17: 18260.636 | AC17: 18663.736 | AD17: 19055.647 | AE17: 19447.557 | AF17: 19839.468 | AG17: 20231.379 | AH17: 20623.289 | AI17: 21019.496 | AJ17: 21415.704 | AK17: 21811.911 | AL17: 22208.118 | AM17: 22604.325 | AN17: 23007.638 | AO17: 23410.951 | AP17: 23814.265 | AQ17: 24217.578 | AR17: 24620.891 | AS17: 25029.608 | AT17: 25438.325 | AU17: 25847.043 | AV17: 26255.76 | AW17: 26664.477 | AX17: 27070.129 | AY17: 27475.781 | AZ17: 27881.433 | BA17: 28287.086 | BB17: 28692.738 | BC17: 29093.016 | BD17: 29493.294 | BE17: 29893.572 | BF17: 30293.851 | BG17: 30694.129 | BH17: 31084.23 | BI17: 31474.331 | BJ17: 31864.432 | BK17: 32254.534 | BL17: 32644.635 | BM17: 33025.296 | BN17: 33405.958 | BO17: 33786.619 | BP17: 34167.281 | BQ17: 34547.942 | BR17: 34918.762 | BS17: 35289.582 | BT17: 35660.402 | BU17: 36031.222 | BV17: 36402.042 | BW17: 36763.438 | BX17: 37124.834 | BY17: 37486.229 | BZ17: 37847.625 | CA17: 38209.021 | CB17: 38559.874 | CC17: 38910.728 | CD17: 39261.582 | CE17: 39612.435 | CF17: 39963.289
A18: 17_PAO | B18: 1435.6632 | C18: 1467.5337 | D18: 1461.9342 | E18: 1499.3493 | F18: 1526.1775 | G18: 1553.0057 | H18: 1579.8338 | I18: 1606.662 | J18: 1650.987 | K18: 1695.312 | L18: 1739.637 | M18: 1783.962 | N18: 1828.287 | O18: 1875.4674 | P18: 1922.6478 | Q18: 1969.8282 | R18: 2017.0086 | S18: 2064.189 | T18: 2114.3576 | U18: 2164.5262 | V18: 2214.6948 | W18: 2264.8634 | X18: 2315.032 | Y18: 2369.0262 | Z18: 2423.0204 | AA18: 2477.0146 | AB18: 2531.0088 | AC18: 2585.003 | AD18: 2641.005 | AE18: 2697.007 | AF18: 2753.009 | AG18: 2809.011 | AH18: 2865.013 | AI18: 2921.867 | AJ18: 2978.721 | AK18: 3035.575 | AL18: 3092.429 | AM18: 3149.283 | AN18: 3208.3142 | AO18: 3267.3454 | AP18: 3326.3766 | AQ18: 3385.4078 | AR18: 3444.439 | AS18: 3505.4856 | AT18: 3566.5322 | AU18: 3627.5788 | AV18: 3688.6254 | AW18: 3749.672 | AX18: 3810.825 | AY18: 3871.978 | AZ18: 3933.131 | BA18: 3994.284 | BB18: 4055.437 | BC18: 4115.4156 | BD18: 4175.3942 | BE18: 4235.3728 | BF18: 4295.3514 | BG18: 4355.33 | BH18: 4413.1728 | BI18: 4471.0156 | BJ18: 4528.8584 | BK18: 4586.7012 | BL18: 4644.544 | BM18: 4699.4838 | BN18: 4754.4236 | BO18: 4809.3634 | BP18: 4864.3032 | BQ18: 4919.243 | BR18: 4970.9732 | BS18: 5022.7034 | BT18: 5074.4336 | BU18: 5126.1638 | BV18: 5177.894 | BW18: 5226.4154 | BX18: 5274.9368 | BY18: 5323.4582 | BZ18: 5371.9796 | CA18: 5420.501 | CB18: 5465.5638 | CC18: 5510.6266 | CD18: 5555.6894 | CE18: 5600.7522 | CF18: 5645.815

Sheet TOT_POP_Projection
B1: 2018 | C1: 2019 | D1: 2020 | E1: 2021 | F1: 2022 | G1: 2023 | H1: 2024 | I1: 2025 | J1: 2026 | K1: 2027 | L1: 2028 | M1: 2029 | N1: 2030 | O1: 2031 | P1: 2032 | Q1: 2033 | R1: 2034 | S1: 2035 | T1: 2036 | U1: 2037 | V1: 2038 | W1: 2039 | X1: 2040 | Y1: 2041 | Z1: 2042 | AA1: 2043 | AB1: 2044 | AC1: 2045 | AD1: 2046 | AE1: 2047 | AF1: 2048 | AG1: 2049 | AH1: 2050 | AI1: 2051 | AJ1: 2052 | AK1: 2053 | AL1: 2054 | AM1: 2055 | AN1: 2056 | AO1: 2057 | AP1: 2058 | AQ1: 2059 | AR1: 2060 | AS1: 2061 | AT1: 2062 | AU1: 2063 | AV1: 2064 | AW1: 2065 | AX1: 2066 | AY1: 2067 | AZ1: 2068 | BA1: 2069 | BB1: 2070 | BC1: 2071 | BD1: 2072 | BE1: 2073 | BF1: 2074 | BG1: 2075 | BH1: 2076 | BI1: 2077 | BJ1: 2078 | BK1: 2079 | BL1: 2080 | BM1: 2081 | BN1: 2082 | BO1: 2083 | BP1: 2084 | BQ1: 2085 | BR1: 2086 | BS1: 2087 | BT1: 2088 | BU1: 2089 | BV1: 2090 | BW1: 2091 | BX1: 2092 | BY1: 2093 | BZ1: 2094 | CA1: 2095 | CB1: 2096 | CC1: 2097 | CD1: 2098 | CE1: 2099 | CF1: 2100
A2: 01_KOR | B2: {=TRANSPOSE(TOT_POP!B2:B84)} -> 51.585058 | C2: 51.764822 | D2: 51.858125 | E2: 51.786592 | F2: 51.715059 | G2: 51.643525 | H2: 51.571992 | I2: 51.500459 | J2: 51.396674 | K2: 51.292888 | L2: 51.189103 | M2: 51.085317 | N2: 50.981532 | O2: 50.836034 | P2: 50.690536 | Q2: 50.545039 | R2: 50.399541 | S2: 50.254043 | T2: 50.048539 | U2: 49.843035 | V2: 49.637532 | W2: 49.432028 | X2: 49.226524 | Y2: 48.96557 | Z2: 48.704617 | AA2: 48.443663 | AB2: 48.18271 | AC2: 47.921756 | AD2: 47.630087 | AE2: 47.338418 | AF2: 47.046749 | AG2: 46.75508 | AH2: 46.463411 | AI2: 46.094153 | AJ2: 45.724894 | AK2: 45.355636 | AL2: 44.986377 | AM2: 44.617119 | AN2: 44.188614 | AO2: 43.760109 | AP2: 43.331604 | AQ2: 42.903099 | AR2: 42.474594 | AS2: 42.033861 | AT2: 41.593127 | AU2: 41.152394 | AV2: 40.71166 | AW2: 40.270927 | AX2: 39.847234 | AY2: 39.423541 | AZ2: 38.999847 | BA2: 38.576154 | BB2: 38.152461 | BC2: 37.751594 | BD2: 37.350727 | BE2: 36.94986 | BF2: 36.548993 | BG2: 36.148126 | BH2: 35.768676 | BI2: 35.389225 | BJ2: 35.009775 | BK2: 34.630324 | BL2: 34.250874 | BM2: 33.894344 | BN2: 33.537814 | BO2: 33.181285 | BP2: 32.824755 | BQ2: 32.468225 | BR2: 32.124161 | BS2: 31.780096 | BT2: 31.436032 | BU2: 31.091967 | BV2: 30.747903 | BW2: 30.412314 | BX2: 30.076725 | BY2: 29.741137 | BZ2: 29.405548 | CA2: 29.069959 | CB2: 28.757508 | CC2: 28.445056 | CD2: 28.132605 | CE2: 27.820153 | CF2: 27.507702
A3: 02_CHN | B3: {=TRANSPOSE(TOT_POP!C2:R2)} -> 1410.2126 | C3: {=TRANSPOSE(TOT_POP!C3:C84)} -> 1415.2529 | D3: 1431.4999 | E3: 1431.9813 | F3: 1432.4626 | G3: 1432.9439 | H3: 1433.4252 | I3: 1433.9066 | J3: 1431.8895 | K3: 1429.8724 | L3: 1427.8553 | M3: 1425.8382 | N3: 1423.8211 | O3: 1420.3344 | P3: 1416.8477 | Q3: 1413.361 | R3: 1409.8743 | S3: 1406.3876 | T3: 1401.7501 | U3: 1397.1126 | V3: 1392.4751 | W3: 1387.8376 | X3: 1383.2001 | Y3: 1377.1165 | Z3: 1371.0329 | AA3: 1364.9493 | AB3: 1358.8658 | AC3: 1352.7822 | AD3: 1344.917 | AE3: 1337.0518 | AF3: 1329.1866 | AG3: 1321.3215 | AH3: 1313.4563 | AI3: 1303.7605 | AJ3: 1294.0648 | AK3: 1284.3691 | AL3: 1274.6733 | AM3: 1264.9776 | AN3: 1254.0888 | AO3: 1243.2 | AP3: 1232.3112 | AQ3: 1221.4224 | AR3: 1210.5335 | AS3: 1199.2213 | AT3: 1187.909 | AU3: 1176.5967 | AV3: 1165.2844 | AW3: 1153.9721 | AX3: 1142.9319 | AY3: 1131.8916 | AZ3: 1120.8514 | BA3: 1109.8111 | BB3: 1098.7708 | BC3: 1088.1563 | BD3: 1077.5417 | BE3: 1066.9271 | BF3: 1056.3126 | BG3: 1045.698 | BH3: 1035.2579 | BI3: 1024.8178 | BJ3: 1014.3777 | BK3: 1003.9376 | BL3: 993.49746 | BM3: 983.2586 | BN3: 973.01974 | BO3: 962.78087 | BP3: 952.54201 | BQ3: 942.30315 | BR3: 932.63099 | BS3: 922.95882 | BT3: 913.28666 | BU3: 903.6145 | BV3: 893.94234 | BW3: 884.98236 | BX3: 876.02237 | BY3: 867.06239 | BZ3: 858.10241 | CA3: 849.14242 | CB3: 840.5917 | CC3: 832.04098 | CD3: 823.49026 | CE3: 814.93954 | CF3: 806.38882
A4: 03_JPN | B4: 126.811 | C4: {=TRANSPOSE(TOT_POP!D3:G84)} -> 126.633 | D4: 125.54277 | E4: 124.92877 | F4: 124.31477 | G4: 123.70077 | H4: 123.08677 | I4: 122.47277 | J4: 121.84778 | K4: 121.22278 | L4: 120.59779 | M4: 119.9728 | N4: 119.3478 | O4: 118.68838 | P4: 118.02895 | Q4: 117.36953 | R4: 116.7101 | S4: 116.05068 | T4: 115.37368 | U4: 114.69669 | V4: 114.01969 | W4: 113.3427 | X4: 112.66571 | Y4: 111.98516 | Z4: 111.30461 | AA4: 110.62407 | AB4: 109.94352 | AC4: 109.26298 | AD4: 108.60672 | AE4: 107.95046 | AF4: 107.29421 | AG4: 106.63795 | AH4: 105.9817 | AI4: 105.35577 | AJ4: 104.72984 | AK4: 104.10391 | AL4: 103.47798 | AM4: 102.85205 | AN4: 102.22836 | AO4: 101.60468 | AP4: 100.981 | AQ4: 100.35731 | AR4: 99.733629 | AS4: 99.074901 | AT4: 98.416174 | AU4: 97.757446 | AV4: 97.098719 | AW4: 96.439991 | AX4: 95.742953 | AY4: 95.045914 | AZ4: 94.348876 | BA4: 93.651837 | BB4: 92.954799 | BC4: 92.250978 | BD4: 91.547157 | BE4: 90.843336 | BF4: 90.139515 | BG4: 89.435694 | BH4: 88.778217 | BI4: 88.12074 | BJ4: 87.463262 | BK4: 86.805785 | BL4: 86.148308 | BM4: 85.553185 | BN4: 84.958062 | BO4: 84.36294 | BP4: 83.767817 | BQ4: 83.172694 | BR4: 82.620587 | BS4: 82.068479 | BT4: 81.516372 | BU4: 80.964264 | BV4: 80.412157 | BW4: 79.876684 | BX4: 79.341211 | BY4: 78.805738 | BZ4: 78.270265 | CA4: 77.734792 | CB4: 77.196014 | CC4: 76.657235 | CD4: 76.118457 | CE4: 75.579678 | CF4: 75.0409
A5: 04_RUS | B5: 144.47786 | C5: 144.40626 | D5: 145.76166 | E5: 145.68343 | F5: 145.60519 | G5: 145.52696 | H5: 145.44873 | I5: 145.3705 | J5: 144.97634 | K5: 144.58219 | L5: 144.18804 | M5: 143.79388 | N5: 143.39973 | O5: 143.03333 | P5: 142.66693 | Q5: 142.30052 | R5: 141.93412 | S5: 141.56772 | T5: 141.2922 | U5: 141.01669 | V5: 140.74117 | W5: 140.46566 | X5: 140.19014 | Y5: 140.01852 | Z5: 139.8469 | AA5: 139.67528 | AB5: 139.50366 | AC5: 139.33204 | AD5: 139.21691 | AE5: 139.10179 | AF5: 138.98667 | AG5: 138.87154 | AH5: 138.75642 | AI5: 138.59887 | AJ5: 138.44131 | AK5: 138.28376 | AL5: 138.12621 | AM5: 137.96866 | AN5: 137.76339 | AO5: 137.55812 | AP5: 137.35285 | AQ5: 137.14758 | AR5: 136.94231 | AS5: 136.67846 | AT5: 136.41461 | AU5: 136.15076 | AV5: 135.88691 | AW5: 135.62305 | AX5: 135.33412 | AY5: 135.04519 | AZ5: 134.75626 | BA5: 134.46732 | BB5: 134.17839 | BC5: 133.8893 | BD5: 133.6002 | BE5: 133.31111 | BF5: 133.02202 | BG5: 132.73292 | BH5: 132.44963 | BI5: 132.16633 | BJ5: 131.88303 | BK5: 131.59973 | BL5: 131.31644 | BM5: 131.04004 | BN5: 130.76365 | BO5: 130.48726 | BP5: 130.21087 | BQ5: 129.93447 | BR5: 129.65632 | BS5: 129.37817 | BT5: 129.10003 | BU5: 128.82188 | BV5: 128.54373 | BW5: 128.24393 | BX5: 127.94414 | BY5: 127.64434 | BZ5: 127.34455 | CA5: 127.04475 | CB5: 126.69021 | CC5: 126.33567 | CD5: 125.98114 | CE5: 125.6266 | CF5: 125.27206
A6: 05_MNG | B6: 3.163991 | C6: 3.23243 | D6: 3.26646 | E6: 3.3146956 | F6: 3.3629312 | G6: 3.4111668 | H6: 3.4594024 | I6: 3.507638 | J6: 3.5508772 | K6: 3.5941164 | L6: 3.6373556 | M6: 3.6805948 | N6: 3.723834 | O6: 3.7658628 | P6: 3.8078916 | Q6: 3.8499204 | R6: 3.8919492 | S6: 3.933978 | T6: 3.9761666 | U6: 4.0183552 | V6: 4.0605438 | W6: 4.1027324 | X6: 4.144921 | Y6: 4.1871994 | Z6: 4.2294778 | AA6: 4.2717562 | AB6: 4.3140346 | AC6: 4.356313 | AD6: 4.3974436 | AE6: 4.4385742 | AF6: 4.4797048 | AG6: 4.5208354 | AH6: 4.561966 | AI6: 4.5982444 | AJ6: 4.6345228 | AK6: 4.6708012 | AL6: 4.7070796 | AM6: 4.743358 | AN6: 4.7721718 | AO6: 4.8009856 | AP6: 4.8297994 | AQ6: 4.8586132 | AR6: 4.887427 | AS6: 4.9108446 | AT6: 4.9342622 | AU6: 4.9576798 | AV6: 4.9810974 | AW6: 5.004515 | AX6: 5.0233848 | AY6: 5.0422546 | AZ6: 5.0611244 | BA6: 5.0799942 | BB6: 5.098864 | BC6: 5.1144004 | BD6: 5.1299368 | BE6: 5.1454732 | BF6: 5.1610096 | BG6: 5.176546 | BH6: 5.1901778 | BI6: 5.2038096 | BJ6: 5.2174414 | BK6: 5.2310732 | BL6: 5.244705 | BM6: 5.2572092 | BN6: 5.2697134 | BO6: 5.2822176 | BP6: 5.2947218 | BQ6: 5.307226 | BR6: 5.3177626 | BS6: 5.3282992 | BT6: 5.3388358 | BU6: 5.3493724 | BV6: 5.359909 | BW6: 5.3676196 | BX6: 5.3753302 | BY6: 5.3830408 | BZ6: 5.3907514 | CA6: 5.398462 | CB6: 5.4018462 | CC6: 5.4052304 | CD6: 5.4086146 | CE6: 5.4119988 | CF6: 5.415383
A7: 06_PRK | B7: 25.638149 | C7: 25.755441 | D7: 25.813238 | E7: 25.930335 | F7: 26.047432 | G7: 26.164528 | H7: 26.281625 | I7: 26.398722 | J7: 26.425373 | K7: 26.452023 | L7: 26.478674 | M7: 26.505324 | N7: 26.531975 | O7: 26.500876 | P7: 26.469777 | Q7: 26.438679 | R7: 26.40758 | S7: 26.376481 | T7: 26.316701 | U7: 26.256921 | V7: 26.197142 | W7: 26.137362 | X7: 26.077582 | Y7: 25.996516 | Z7: 25.91545 | AA7: 25.834384 | AB7: 25.753318 | AC7: 25.672252 | AD7: 25.58005 | AE7: 25.487849 | AF7: 25.395647 | AG7: 25.303446 | AH7: 25.211244 | AI7: 25.105476 | AJ7: 24.999709 | AK7: 24.893941 | AL7: 24.788174 | AM7: 24.682406 | AN7: 24.549861 | AO7: 24.417316 | AP7: 24.284772 | AQ7: 24.152227 | AR7: 24.019682 | AS7: 23.867064 | AT7: 23.714445 | AU7: 23.561827 | AV7: 23.409208 | AW7: 23.25659 | AX7: 23.102252 | AY7: 22.947914 | AZ7: 22.793576 | BA7: 22.639238 | BB7: 22.4849 | BC7: 22.334505 | BD7: 22.18411 | BE7: 22.033714 | BF7: 21.883319 | BG7: 21.732924 | BH7: 21.585803 | BI7: 21.438681 | BJ7: 21.29156 | BK7: 21.144438 | BL7: 20.997317 | BM7: 20.849509 | BN7: 20.701701 | BO7: 20.553894 | BP7: 20.406086 | BQ7: 20.258278 | BR7: 20.105059 | BS7: 19.951841 | BT7: 19.798622 | BU7: 19.645404 | BV7: 19.492185 | BW7: 19.333682 | BX7: 19.175179 | BY7: 19.016676 | BZ7: 18.858173 | CA7: 18.69967 | CB7: 18.543456 | CC7: 18.387242 | CD7: 18.231028 | CE7: 18.074814 | CF7: 17.9186
A8: 07_NAM | B8: 367.37232 | C8: {=TRANSPOSE(TOT_POP!H3:R84)} -> 369.40017 | D8: 376.69581 | E8: 378.16362 | F8: 379.63143 | G8: 381.09923 | H8: 382.56704 | I8: 384.03485 | J8: 385.70267 | K8: 387.3705 | L8: 389.03832 | M8: 390.70614 | N8: 392.37396 | O8: 394.00155 | P8: 395.62915 | Q8: 397.25675 | R8: 398.88435 | S8: 400.51195 | T8: 402.03983 | U8: 403.56771 | V8: 405.09559 | W8: 406.62348 | X8: 408.15136 | Y8: 409.55809 | Z8: 410.96481 | AA8: 412.37154 | AB8: 413.77827 | AC8: 415.185 | AD8: 416.51918 | AE8: 417.85336 | AF8: 419.18754 | AG8: 420.52173 | AH8: 421.85591 | AI8: 422.99722 | AJ8: 424.13853 | AK8: 425.27983 | AL8: 426.42114 | AM8: 427.56245 | AN8: 428.66315 | AO8: 429.76385 | AP8: 430.86455 | AQ8: 431.96526 | AR8: 433.06596 | AS8: 434.13107 | AT8: 435.19618 | AU8: 436.26129 | AV8: 437.3264 | AW8: 438.39152 | AX8: 439.41379 | AY8: 440.43607 | AZ8: 441.45835 | BA8: 442.48063 | BB8: 443.50291 | BC8: 444.39908 | BD8: 445.29526 | BE8: 446.19144 | BF8: 447.08762 | BG8: 447.98379 | BH8: 448.63895 | BI8: 449.2941 | BJ8: 449.94926 | BK8: 450.60442 | BL8: 451.25957 | BM8: 451.62155 | BN8: 451.98354 | BO8: 452.34552 | BP8: 452.7075 | BQ8: 453.06949 | BR8: 453.16165 | BS8: 453.25382 | BT8: 453.34598 | BU8: 453.43814 | BV8: 453.53031 | BW8: 453.42803 | BX8: 453.32576 | BY8: 453.22349 | BZ8: 453.12122 | CA8: 453.01894 | CB8: 452.76171 | CC8: 452.50447 | CD8: 452.24723 | CE8: 451.98999 | CF8: 451.73276
A9: 08_LAM | B9: 606.01284 | C9: 612.53262 | D9: 616.16249 | E9: 620.40692 | F9: 624.65136 | G9: 628.89579 | H9: 633.14023 | I9: 637.38466 | J9: 641.62507 | K9: 645.86548 | L9: 650.10589 | M9: 654.3463 | N9: 658.58671 | O9: 662.13351 | P9: 665.6803 | Q9: 669.2271 | R9: 672.7739 | S9: 676.32069 | T9: 679.09036 | U9: 681.86003 | V9: 684.62969 | W9: 687.39936 | X9: 690.16902 | Y9: 692.1472 | Z9: 694.12538 | AA9: 696.10356 | AB9: 698.08174 | AC9: 700.05993 | AD9: 701.26522 | AE9: 702.47052 | AF9: 703.67581 | AG9: 704.88111 | AH9: 706.0864 | AI9: 706.61199 | AJ9: 707.13758 | AK9: 707.66317 | AL9: 708.18876 | AM9: 708.71435 | AN9: 708.60744 | AO9: 708.50054 | AP9: 708.39363 | AQ9: 708.28672 | AR9: 708.17982 | AS9: 707.52293 | AT9: 706.86604 | AU9: 706.20916 | AV9: 705.55227 | AW9: 704.89538 | AX9: 703.74403 | AY9: 702.59267 | AZ9: 701.44131 | BA9: 700.28995 | BB9: 699.1386 | BC9: 697.53637 | BD9: 695.93414 | BE9: 694.33191 | BF9: 692.72968 | BG9: 691.12745 | BH9: 689.1149 | BI9: 687.10236 | BJ9: 685.08981 | BK9: 683.07727 | BL9: 681.06472 | BM9: 678.76527 | BN9: 676.46582 | BO9: 674.16637 | BP9: 671.86692 | BQ9: 669.56746 | BR9: 667.07453 | BS9: 664.5816 | BT9: 662.08867 | BU9: 659.59574 | BV9: 657.10281 | BW9: 654.51432 | BX9: 651.92584 | BY9: 649.33735 | BZ9: 646.74886 | CA9: 644.16038 | CB9: 641.53742 | CC9: 638.91446 | CD9: 636.29149 | CE9: 633.66853 | CF9: 631.04557
A10: 09_WEU | B10: 506.50916 | C10: 508.66816 | D10: 507.43512 | E10: 508.6226 | F10: 509.81009 | G10: 510.99757 | H10: 512.18506 | I10: 513.37254 | J10: 514.18463 | K10: 514.99671 | L10: 515.80879 | M10: 516.62088 | N10: 517.43296 | O10: 518.1744 | P10: 518.91583 | Q10: 519.65726 | R10: 520.39869 | S10: 521.14012 | T10: 521.86162 | U10: 522.58312 | V10: 523.30461 | W10: 524.02611 | X10: 524.74761 | Y10: 525.4265 | Z10: 526.1054 | AA10: 526.78429 | AB10: 527.46319 | AC10: 528.14209 | AD10: 528.72987 | AE10: 529.31766 | AF10: 529.90545 | AG10: 530.49323 | AH10: 531.08102 | AI10: 531.34096 | AJ10: 531.60091 | AK10: 531.86085 | AL10: 532.12079 | AM10: 532.38073 | AN10: 532.35942 | AO10: 532.33811 | AP10: 532.31679 | AQ10: 532.29548 | AR10: 532.27416 | AS10: 532.02679 | AT10: 531.77942 | AU10: 531.53206 | AV10: 531.28469 | AW10: 531.03732 | AX10: 530.71746 | AY10: 530.3976 | AZ10: 530.07775 | BA10: 529.75789 | BB10: 529.43803 | BC10: 529.09808 | BD10: 528.75814 | BE10: 528.41819 | BF10: 528.07825 | BG10: 527.7383 | BH10: 527.33684 | BI10: 526.93539 | BJ10: 526.53393 | BK10: 526.13247 | BL10: 525.73102 | BM10: 525.19646 | BN10: 524.6619 | BO10: 524.12735 | BP10: 523.59279 | BQ10: 523.05824 | BR10: 522.3579 | BS10: 521.65756 | BT10: 520.95722 | BU10: 520.25688 | BV10: 519.55654 | BW10: 518.697 | BX10: 517.83747 | BY10: 516.97793 | BZ10: 516.11839 | CA10: 515.25885 | CB10: 514.23461 | CC10: 513.21036 | CD10: 512.18612 | CE10: 511.16188 | CF10: 510.13763
A11: 10_EEU | B11: 118.486 | C11: 118.2574 | D11: 119.39772 | E11: 119.19675 | F11: 118.99579 | G11: 118.79482 | H11: 118.59386 | I11: 118.39289 | J11: 117.85041 | K11: 117.30792 | L11: 116.76543 | M11: 116.22295 | N11: 115.68046 | O11: 115.1141 | P11: 114.54773 | Q11: 113.98137 | R11: 113.415 | S11: 112.84864 | T11: 112.29315 | U11: 111.73767 | V11: 111.18219 | W11: 110.6267 | X11: 110.07122 | Y11: 109.54293 | Z11: 109.01465 | AA11: 108.48636 | AB11: 107.95807 | AC11: 107.42978 | AD11: 106.93987 | AE11: 106.44995 | AF11: 105.96004 | AG11: 105.47012 | AH11: 104.9802 | AI11: 104.49841 | AJ11: 104.01661 | AK11: 103.53482 | AL11: 103.05302 | AM11: 102.57122 | AN11: 102.0803 | AO11: 101.58937 | AP11: 101.09845 | AQ11: 100.60752 | AR11: 100.1166 | AS11: 99.606427 | AT11: 99.09626 | AU11: 98.586092 | AV11: 98.075925 | AW11: 97.565757 | AX11: 97.043602 | AY11: 96.521447 | AZ11: 95.999292 | BA11: 95.477137 | BB11: 94.954982 | BC11: 94.44202 | BD11: 93.929058 | BE11: 93.416097 | BF11: 92.903135 | BG11: 92.390173 | BH11: 91.909009 | BI11: 91.427845 | BJ11: 90.94668 | BK11: 90.465516 | BL11: 89.984352 | BM11: 89.547184 | BN11: 89.110016 | BO11: 88.672848 | BP11: 88.23568 | BQ11: 87.798512 | BR11: 87.406668 | BS11: 87.014824 | BT11: 86.622979 | BU11: 86.231135 | BV11: 85.839291 | BW11: 85.484667 | BX11: 85.130044 | BY11: 84.77542 | BZ11: 84.420797 | CA11: 84.066173 | CB11: 83.728961 | CC11: 83.391748 | CD11: 83.054536 | CE11: 82.717323 | CF11: 82.380111
A12: 11_FSU | B12: 139.69713 | C12: 140.62468 | D12: 147.826 | E12: 147.37806 | F12: 146.93012 | G12: 146.48219 | H12: 146.03425 | I12: 145.58631 | J12: 146.66807 | K12: 147.74984 | L12: 148.8316 | M12: 149.91336 | N12: 150.99513 | O12: 151.87301 | P12: 152.7509 | Q12: 153.62878 | R12: 154.50667 | S12: 155.38455 | T12: 156.14106 | U12: 156.89757 | V12: 157.65407 | W12: 158.41058 | X12: 159.16709 | Y12: 159.81765 | Z12: 160.46821 | AA12: 161.11877 | AB12: 161.76933 | AC12: 162.41989 | AD12: 162.9449 | AE12: 163.46991 | AF12: 163.99492 | AG12: 164.51994 | AH12: 165.04495 | AI12: 165.39844 | AJ12: 165.75194 | AK12: 166.10543 | AL12: 166.45893 | AM12: 166.81242 | AN12: 167.00173 | AO12: 167.19104 | AP12: 167.38036 | AQ12: 167.56967 | AR12: 167.75898 | AS12: 167.82671 | AT12: 167.89444 | AU12: 167.96217 | AV12: 168.02991 | AW12: 168.09764 | AX12: 168.09193 | AY12: 168.08622 | AZ12: 168.08051 | BA12: 168.07479 | BB12: 168.06908 | BC12: 168.00685 | BD12: 167.94461 | BE12: 167.88237 | BF12: 167.82014 | BG12: 167.7579 | BH12: 167.64205 | BI12: 167.5262 | BJ12: 167.41034 | BK12: 167.29449 | BL12: 167.17864 | BM12: 167.0188 | BN12: 166.85895 | BO12: 166.69911 | BP12: 166.53926 | BQ12: 166.37941 | BR12: 166.18389 | BS12: 165.98837 | BT12: 165.79285 | BU12: 165.59732 | BV12: 165.4018 | BW12: 165.17239 | BX12: 164.94299 | BY12: 164.71358 | BZ12: 164.48418 | CA12: 164.25477 | CB12: 163.9647 | CC12: 163.67463 | CD12: 163.38455 | CE12: 163.09448 | CF12: 162.80441
A13: 12_MEA | B13: 492.0235 | C13: 500.51992 | D13: 504.77669 | E13: 513.09811 | F13: 521.41953 | G13: 529.74095 | H13: 538.06237 | I13: 546.38378 | J13: 554.46671 | K13: 562.54963 | L13: 570.63255 | M13: 578.71548 | N13: 586.7984 | O13: 594.49097 | P13: 602.18353 | Q13: 609.8761 | R13: 617.56867 | S13: 625.26124 | T13: 632.60258 | U13: 639.94391 | V13: 647.28525 | W13: 654.62659 | X13: 661.96793 | Y13: 668.82609 | Z13: 675.68426 | AA13: 682.54242 | AB13: 689.40058 | AC13: 696.25875 | AD13: 702.40502 | AE13: 708.5513 | AF13: 714.69757 | AG13: 720.84385 | AH13: 726.99012 | AI13: 732.26912 | AJ13: 737.54811 | AK13: 742.8271 | AL13: 748.1061 | AM13: 753.38509 | AN13: 757.72274 | AO13: 762.06039 | AP13: 766.39804 | AQ13: 770.73569 | AR13: 775.07334 | AS13: 778.39789 | AT13: 781.72245 | AU13: 785.047 | AV13: 788.37156 | AW13: 791.69611 | AX13: 794.09978 | AY13: 796.50345 | AZ13: 798.90712 | BA13: 801.31079 | BB13: 803.71446 | BC13: 805.35151 | BD13: 806.98856 | BE13: 808.62561 | BF13: 810.26266 | BG13: 811.89972 | BH13: 812.93272 | BI13: 813.96573 | BJ13: 814.99873 | BK13: 816.03174 | BL13: 817.06474 | BM13: 817.5819 | BN13: 818.09906 | BO13: 818.61622 | BP13: 819.13338 | BQ13: 819.65054 | BR13: 819.77 | BS13: 819.88946 | BT13: 820.00892 | BU13: 820.12838 | BV13: 820.24784 | BW13: 819.93917 | BX13: 819.63051 | BY13: 819.32185 | BZ13: 819.01318 | CA13: 818.70452 | CB13: 817.92749 | CC13: 817.15045 | CD13: 816.37342 | CE13: 815.59639 | CF13: 814.81936
A14: 13_AFR | B14: 1041.0668 | C14: 1068.9433 | D14: 1056.8717 | E14: 1085.1595 | F14: 1113.4473 | G14: 1141.7351 | H14: 1170.0229 | I14: 1198.3107 | J14: 1228.6482 | K14: 1258.9857 | L14: 1289.3232 | M14: 1319.6607 | N14: 1349.9982 | O14: 1381.7114 | P14: 1413.4247 | Q14: 1445.138 | R14: 1476.8513 | S14: 1508.5646 | T14: 1541.185 | U14: 1573.8054 | V14: 1606.4257 | W14: 1639.0461 | X14: 1671.6665 | Y14: 1704.6282 | Z14: 1737.59 | AA14: 1770.5517 | AB14: 1803.5135 | AC14: 1836.4752 | AD14: 1869.1905 | AE14: 1901.9057 | AF14: 1934.621 | AG14: 1967.3362 | AH14: 2000.0515 | AI14: 2031.6709 | AJ14: 2063.2903 | AK14: 2094.9096 | AL14: 2126.529 | AM14: 2158.1484 | AN14: 2188.3171 | AO14: 2218.4858 | AP14: 2248.6544 | AQ14: 2278.8231 | AR14: 2308.9918 | AS14: 2337.1647 | AT14: 2365.3376 | AU14: 2393.5105 | AV14: 2421.6834 | AW14: 2449.8563 | AX14: 2475.7481 | AY14: 2501.6399 | AZ14: 2527.5316 | BA14: 2553.4234 | BB14: 2579.3152 | BC14: 2602.5818 | BD14: 2625.8483 | BE14: 2649.1149 | BF14: 2672.3815 | BG14: 2695.648 | BH14: 2715.9414 | BI14: 2736.2348 | BJ14: 2756.5282 | BK14: 2776.8216 | BL14: 2797.115 | BM14: 2814.2861 | BN14: 2831.4573 | BO14: 2848.6284 | BP14: 2865.7995 | BQ14: 2882.9707 | BR14: 2896.9616 | BS14: 2910.9526 | BT14: 2924.9436 | BU14: 2938.9345 | BV14: 2952.9255 | BW14: 2963.716 | BX14: 2974.5066 | BY14: 2985.2972 | BZ14: 2996.0877 | CA14: 3006.8783 | CB14: 3014.596 | CC14: 3022.3138 | CD14: 3030.0315 | CE14: 3037.7493 | CF14: 3045.467
A15: 14_CPA | B15: 118.04457 | C15: 119.19652 | D15: 119.76551 | E15: 120.78738 | F15: 121.80926 | G15: 122.83113 | H15: 123.853 | I15: 124.87487 | J15: 125.72371 | K15: 126.57255 | L15: 127.42139 | M15: 128.27024 | N15: 129.11908 | O15: 129.766 | P15: 130.41291 | Q15: 131.05983 | R15: 131.70675 | S15: 132.35367 | T15: 132.83419 | U15: 133.31471 | V15: 133.79523 | W15: 134.27575 | X15: 134.75628 | Y15: 135.07856 | Z15: 135.40085 | AA15: 135.72314 | AB15: 136.04543 | AC15: 136.36771 | AD15: 136.55143 | AE15: 136.73516 | AF15: 136.91888 | AG15: 137.1026 | AH15: 137.28632 | AI15: 137.34492 | AJ15: 137.40351 | AK15: 137.46211 | AL15: 137.52071 | AM15: 137.57931 | AN15: 137.50608 | AO15: 137.43285 | AP15: 137.35962 | AQ15: 137.28639 | AR15: 137.21317 | AS15: 137.01334 | AT15: 136.81351 | AU15: 136.61369 | AV15: 136.41386 | AW15: 136.21403 | AX15: 135.89817 | AY15: 135.5823 | AZ15: 135.26643 | BA15: 134.95056 | BB15: 134.63469 | BC15: 134.21868 | BD15: 133.80268 | BE15: 133.38667 | BF15: 132.97067 | BG15: 132.55466 | BH15: 132.07442 | BI15: 131.59418 | BJ15: 131.11394 | BK15: 130.63369 | BL15: 130.15345 | BM15: 129.63982 | BN15: 129.12619 | BO15: 128.61256 | BP15: 128.09894 | BQ15: 127.58531 | BR15: 127.05905 | BS15: 126.5328 | BT15: 126.00655 | BU15: 125.4803 | BV15: 124.95404 | BW15: 124.42458 | BX15: 123.89513 | BY15: 123.36567 | BZ15: 122.83621 | CA15: 122.30675 | CB15: 121.77525 | CC15: 121.24376 | CD15: 120.71226 | CE15: 120.18076 | CF15: 119.64927
A16: 15_SAS | B16: 1803.8473 | C16: 1823.829 | D16: 1833.4695 | E16: 1851.5553 | F16: 1869.6411 | G16: 1887.727 | H16: 1905.8128 | I16: 1923.8986 | J16: 1942.0605 | K16: 1960.2224 | L16: 1978.3843 | M16: 1996.5462 | N16: 2014.7081 | O16: 2030.5372 | P16: 2046.3664 | Q16: 2062.1955 | R16: 2078.0247 | S16: 2093.8538 | T16: 2107.0633 | U16: 2120.2728 | V16: 2133.4823 | W16: 2146.6917 | X16: 2159.9012 | Y16: 2170.2584 | Z16: 2180.6156 | AA16: 2190.9728 | AB16: 2201.3301 | AC16: 2211.6873 | AD16: 2219.3024 | AE16: 2226.9175 | AF16: 2234.5326 | AG16: 2242.1478 | AH16: 2249.7629 | AI16: 2255.2217 | AJ16: 2260.6805 | AK16: 2266.1394 | AL16: 2271.5982 | AM16: 2277.057 | AN16: 2280.4907 | AO16: 2283.9244 | AP16: 2287.358 | AQ16: 2290.7917 | AR16: 2294.2254 | AS16: 2295.3793 | AT16: 2296.5331 | AU16: 2297.6869 | AV16: 2298.8408 | AW16: 2299.9946 | AX16: 2299.0391 | AY16: 2298.0837 | AZ16: 2297.1282 | BA16: 2296.1727 | BB16: 2295.2172 | BC16: 2292.1169 | BD16: 2289.0165 | BE16: 2285.9162 | BF16: 2282.8158 | BG16: 2279.7154 | BH16: 2274.7664 | BI16: 2269.8174 | BJ16: 2264.8684 | BK16: 2259.9194 | BL16: 2254.9704 | BM16: 2248.6854 | BN16: 2242.4004 | BO16: 2236.1154 | BP16: 2229.8304 | BQ16: 2223.5453 | BR16: 2216.3999 | BS16: 2209.2545 | BT16: 2202.109 | BU16: 2194.9636 | BV16: 2187.8182 | BW16: 2180.0407 | BX16: 2172.2632 | BY16: 2164.4857 | BZ16: 2156.7082 | CA16: 2148.9307 | CB16: 2140.8161 | CC16: 2132.7014 | CD16: 2124.5868 | CE16: 2116.4721 | CF16: 2108.3575
A17: 16_PAS | B17: 552.13614 | C17: 557.76517 | D17: 585.76563 | E17: 590.51349 | F17: 595.26135 | G17: 600.00921 | H17: 604.75708 | I17: 609.50494 | J17: 613.99774 | K17: 618.49054 | L17: 622.98333 | M17: 627.47613 | N17: 631.96893 | O17: 635.69517 | P17: 639.42141 | Q17: 643.14765 | R17: 646.87388 | S17: 650.60012 | T17: 653.45941 | U17: 656.3187 | V17: 659.17799 | W17: 662.03728 | X17: 664.89658 | Y17: 666.93771 | Z17: 668.97884 | AA17: 671.01997 | AB17: 673.06111 | AC17: 675.10224 | AD17: 676.35949 | AE17: 677.61673 | AF17: 678.87398 | AG17: 680.13122 | AH17: 681.38847 | AI17: 681.96028 | AJ17: 682.53209 | AK17: 683.1039 | AL17: 683.67571 | AM17: 684.24752 | AN17: 684.18707 | AO17: 684.12661 | AP17: 684.06615 | AQ17: 684.0057 | AR17: 683.94524 | AS17: 683.3751 | AT17: 682.80496 | AU17: 682.23483 | AV17: 681.66469 | AW17: 681.09455 | AX17: 680.10343 | AY17: 679.11231 | AZ17: 678.12119 | BA17: 677.13006 | BB17: 676.13894 | BC17: 674.76138 | BD17: 673.38381 | BE17: 672.00625 | BF17: 670.62868 | BG17: 669.25112 | BH17: 667.50811 | BI17: 665.76511 | BJ17: 664.02211 | BK17: 662.2791 | BL17: 660.5361 | BM17: 658.43452 | BN17: 656.33294 | BO17: 654.23136 | BP17: 652.12978 | BQ17: 650.0282 | BR17: 647.63849 | BS17: 645.24878 | BT17: 642.85907 | BU17: 640.46936 | BV17: 638.07965 | BW17: 635.47778 | BX17: 632.87591 | BY17: 630.27404 | BZ17: 627.67217 | CA17: 625.0703 | CB17: 622.33008 | CC17: 619.58986 | CD17: 616.84964 | CE17: 614.10943 | CF17: 611.36921
A18: 17_PAO | B18: 29.863858 | C18: 30.314026 | D18: 30.570668 | E18: 30.805844 | F18: 31.04102 | G18: 31.276195 | H18: 31.511371 | I18: 31.746547 | J18: 31.972087 | K18: 32.197627 | L18: 32.423167 | M18: 32.648707 | N18: 32.874247 | O18: 33.083355 | P18: 33.292463 | Q18: 33.501572 | R18: 33.71068 | S18: 33.919788 | T18: 34.116764 | U18: 34.313741 | V18: 34.510717 | W18: 34.707694 | X18: 34.90467 | Y18: 35.097881 | Z18: 35.291091 | AA18: 35.484302 | AB18: 35.677512 | AC18: 35.870723 | AD18: 36.065335 | AE18: 36.259947 | AF18: 36.45456 | AG18: 36.649172 | AH18: 36.843784 | AI18: 37.023302 | AJ18: 37.20282 | AK18: 37.382339 | AL18: 37.561857 | AM18: 37.741375 | AN18: 37.906807 | AO18: 38.072239 | AP18: 38.23767 | AQ18: 38.403102 | AR18: 38.568534 | AS18: 38.711483 | AT18: 38.854432 | AU18: 38.997382 | AV18: 39.140331 | AW18: 39.28328 | AX18: 39.406644 | AY18: 39.530008 | AZ18: 39.653371 | BA18: 39.776735 | BB18: 39.900099 | BC18: 40.003051 | BD18: 40.106004 | BE18: 40.208956 | BF18: 40.311909 | BG18: 40.414861 | BH18: 40.493482 | BI18: 40.572103 | BJ18: 40.650723 | BK18: 40.729344 | BL18: 40.807965 | BM18: 40.855819 | BN18: 40.903672 | BO18: 40.951526 | BP18: 40.999379 | BQ18: 41.047233 | BR18: 41.063606 | BS18: 41.079978 | BT18: 41.096351 | BU18: 41.112723 | BV18: 41.129096 | BW18: 41.120074 | BX18: 41.111052 | BY18: 41.102029 | BZ18: 41.093007 | CA18: 41.083985 | CB18: 41.056683 | CC18: 41.029382 | CD18: 41.00208 | CE18: 40.974779 | CF18: 40.947477

Sheet g_SDR
B1: 2019 | C1: 2020 | D1: 2021 | E1: 2022 | F1: 2023 | G1: 2024 | H1: 2025 | I1: 2026 | J1: 2027 | K1: 2028 | L1: 2029 | M1: 2030 | N1: 2031 | O1: 2032 | P1: 2033 | Q1: 2034 | R1: 2035 | S1: 2036 | T1: 2037 | U1: 2038 | V1: 2039 | W1: 2040 | X1: 2041 | Y1: 2042 | Z1: 2043 | AA1: 2044 | AB1: 2045 | AC1: 2046 | AD1: 2047 | AE1: 2048 | AF1: 2049 | AG1: 2050
A2: 01_KOR | B2: ='Saving rate'!F21 -> 0.0013602846 | C2: =B2 -> 0.0013602846 | D2: =C2 -> 0.0013602846 | E2: =D2 -> 0.0013602846 | F2: =E2 -> 0.0013602846 | G2: =F2 -> 0.0013602846 | H2: =G2 -> 0.0013602846 | I2: =H2 -> 0.0013602846 | J2: =I2 -> 0.0013602846 | ... AG2: =AF2 -> 0.0013602846
A3: 02_CHN | B3: ='Saving rate'!F22 -> 0.010728713 | C3: =B3 -> 0.010728713 | D3: =C3 -> 0.010728713 | E3: =D3 -> 0.010728713 | F3: =E3 -> 0.010728713 | G3: =F3 -> 0.010728713 | H3: =G3 -> 0.010728713 | I3: =H3 -> 0.010728713 | J3: =I3 -> 0.010728713 | ... AG3: =AF3 -> 0.010728713
A4: 03_JPN | B4: ='Saving rate'!F23 -> -0.0032464494 | C4: =B4 -> -0.0032464494 | D4: =C4 -> -0.0032464494 | E4: =D4 -> -0.0032464494 | F4: =E4 -> -0.0032464494 | G4: =F4 -> -0.0032464494 | H4: =G4 -> -0.0032464494 | I4: =H4 -> -0.0032464494 | J4: =I4 -> -0.0032464494 | ... AG4: =AF4 -> -0.0032464494
A5: 04_RUS | B5: ='Saving rate'!F24 -> -0.016144205 | C5: =B5 -> -0.016144205 | D5: =C5 -> -0.016144205 | E5: =D5 -> -0.016144205 | F5: =E5 -> -0.016144205 | G5: =F5 -> -0.016144205 | H5: =G5 -> -0.016144205 | I5: =H5 -> -0.016144205 | J5: =I5 -> -0.016144205 | ... AG5: =AF5 -> -0.016144205
A6: 05_MNG | B6: ='Saving rate'!F25 -> 0.0079660088 | C6: =B6 -> 0.0079660088 | D6: =C6 -> 0.0079660088 | E6: =D6 -> 0.0079660088 | F6: =E6 -> 0.0079660088 | G6: =F6 -> 0.0079660088 | H6: =G6 -> 0.0079660088 | I6: =H6 -> 0.0079660088 | J6: =I6 -> 0.0079660088 | ... AG6: =AF6 -> 0.0079660088
A7: 06_PRK | B7: ='Saving rate'!F26 -> 0.0001 | C7: =B7 -> 0.0001 | D7: =C7 -> 0.0001 | E7: =D7 -> 0.0001 | F7: =E7 -> 0.0001 | G7: =F7 -> 0.0001 | H7: =G7 -> 0.0001 | I7: =H7 -> 0.0001 | J7: =I7 -> 0.0001 | ... AG7: =AF7 -> 0.0001
A8: 07_NAM | B8: ='Saving rate'!F27 -> -0.0030575844 | C8: =B8 -> -0.0030575844 | D8: =C8 -> -0.0030575844 | E8: =D8 -> -0.0030575844 | F8: =E8 -> -0.0030575844 | G8: =F8 -> -0.0030575844 | H8: =G8 -> -0.0030575844 | I8: =H8 -> -0.0030575844 | J8: =I8 -> -0.0030575844 | ... AG8: =AF8 -> -0.0030575844
A9: 08_LAM | B9: ='Saving rate'!F28 -> -0.0069689518 | C9: =B9 -> -0.0069689518 | D9: =C9 -> -0.0069689518 | E9: =D9 -> -0.0069689518 | F9: =E9 -> -0.0069689518 | G9: =F9 -> -0.0069689518 | H9: =G9 -> -0.0069689518 | I9: =H9 -> -0.0069689518 | J9: =I9 -> -0.0069689518 | ... AG9: =AF9 -> -0.0069689518
A10: 09_WEU | B10: ='Saving rate'!F29 -> 0.015011976 | C10: =B10 -> 0.015011976 | D10: =C10 -> 0.015011976 | E10: =D10 -> 0.015011976 | F10: =E10 -> 0.015011976 | G10: =F10 -> 0.015011976 | H10: =G10 -> 0.015011976 | I10: =H10 -> 0.015011976 | J10: =I10 -> 0.015011976 | ... AG10: =AF10 -> 0.015011976
A11: 10_EEU | B11: ='Saving rate'!F30 -> 0.0049995876 | C11: =B11 -> 0.0049995876 | D11: =C11 -> 0.0049995876 | E11: =D11 -> 0.0049995876 | F11: =E11 -> 0.0049995876 | G11: =F11 -> 0.0049995876 | H11: =G11 -> 0.0049995876 | I11: =H11 -> 0.0049995876 | J11: =I11 -> 0.0049995876 | ... AG11: =AF11 -> 0.0049995876
A12: 11_FSU | B12: ='Saving rate'!F31 -> -0.027653788 | C12: =B12 -> -0.027653788 | D12: =C12 -> -0.027653788 | E12: =D12 -> -0.027653788 | F12: =E12 -> -0.027653788 | G12: =F12 -> -0.027653788 | H12: =G12 -> -0.027653788 | I12: =H12 -> -0.027653788 | J12: =I12 -> -0.027653788 | ... AG12: =AF12 -> -0.027653788
A13: 12_MEA | B13: ='Saving rate'!F32 -> 0.0043421476 | C13: =B13 -> 0.0043421476 | D13: =C13 -> 0.0043421476 | E13: =D13 -> 0.0043421476 | F13: =E13 -> 0.0043421476 | G13: =F13 -> 0.0043421476 | H13: =G13 -> 0.0043421476 | I13: =H13 -> 0.0043421476 | J13: =I13 -> 0.0043421476 | ... AG13: =AF13 -> 0.0043421476
... A18: 17_PAO | B18: ='Saving rate'!F37 -> 0.0027747868 | C18: =B18 -> 0.0027747868 | D18: =C18 -> 0.0027747868 | E18: =D18 -> 0.0027747868 | F18: =E18 -> 0.0027747868 | G18: =F18 -> 0.0027747868 | H18: =G18 -> 0.0027747868 | I18: =H18 -> 0.0027747868 | J18: =I18 -> 0.0027747868 | ... AG18: =AF18 -> 0.0027747868

Sheet AEEI_low
B1: 2019 | C1: 2020 | D1: 2021 | E1: 2022 | F1: 2023 | G1: 2024 | H1: 2025 | I1: 2026 | J1: 2027 | K1: 2028 | L1: 2029 | M1: 2030 | N1: 2031 | O1: 2032 | P1: 2033 | Q1: 2034 | R1: 2035 | S1: 2036 | T1: 2037 | U1: 2038 | V1: 2039 | W1: 2040 | X1: 2041 | Y1: 2042 | Z1: 2043 | AA1: 2044 | AB1: 2045 | AC1: 2046 | AD1: 2047 | AE1: 2048 | AF1: 2049 | AG1: 2050
A2: 01_KOR | B2: 1 | C2: =B2-B2*0.005 -> 0.995 | D2: =C2-C2*0.005 -> 0.990025 | E2: =D2-D2*0.005 -> 0.98507488 | F2: =E2-E2*0.005 -> 0.9801495 | G2: =F2-F2*0.005 -> 0.97524875 | H2: =G2-G2*0.005 -> 0.97037251 | I2: =H2-H2*0.005 -> 0.96552065 | J2: =I2-I2*0.005 -> 0.96069304 | ... AG2: =AF2-AF2*0.005 -> 0.85608227
A3: 02_CHN | B3: 1 | C3: =B3-B3*0.005 -> 0.995 | D3: =C3-C3*0.005 -> 0.990025 | E3: =D3-D3*0.005 -> 0.98507488 | F3: =E3-E3*0.005 -> 0.9801495 | G3: =F3-F3*0.005 -> 0.97524875 | H3: =G3-G3*0.005 -> 0.97037251 | I3: =H3-H3*0.005 -> 0.96552065 | J3: =I3-I3*0.005 -> 0.96069304 | ... AG3: =AF3-AF3*0.005 -> 0.85608227
A4: 03_JPN | B4: 1 | C4: =B4-B4*0.005 -> 0.995 | D4: =C4-C4*0.005 -> 0.990025 | E4: =D4-D4*0.005 -> 0.98507488 | F4: =E4-E4*0.005 -> 0.9801495 | G4: =F4-F4*0.005 -> 0.97524875 | H4: =G4-G4*0.005 -> 0.97037251 | I4: =H4-H4*0.005 -> 0.96552065 | J4: =I4-I4*0.005 -> 0.96069304 | ... AG4: =AF4-AF4*0.005 -> 0.85608227
A5: 04_RUS | B5: 1 | C5: =B5-B5*0.005 -> 0.995 | D5: =C5-C5*0.005 -> 0.990025 | E5: =D5-D5*0.005 -> 0.98507488 | F5: =E5-E5*0.005 -> 0.9801495 | G5: =F5-F5*0.005 -> 0.97524875 | H5: =G5-G5*0.005 -> 0.97037251 | I5: =H5-H5*0.005 -> 0.96552065 | J5: =I5-I5*0.005 -> 0.96069304 | ... AG5: =AF5-AF5*0.005 -> 0.85608227
A6: 05_MNG | B6: 1 | C6: =B6-B6*0.005 -> 0.995 | D6: =C6-C6*0.005 -> 0.990025 | E6: =D6-D6*0.005 -> 0.98507488 | F6: =E6-E6*0.005 -> 0.9801495 | G6: =F6-F6*0.005 -> 0.97524875 | H6: =G6-G6*0.005 -> 0.97037251 | I6: =H6-H6*0.005 -> 0.96552065 | J6: =I6-I6*0.005 -> 0.96069304 | ... AG6: =AF6-AF6*0.005 -> 0.85608227
A7: 06_PRK | B7: 1 | C7: =B7-B7*0.005 -> 0.995 | D7: =C7-C7*0.005 -> 0.990025 | E7: =D7-D7*0.005 -> 0.98507488 | F7: =E7-E7*0.005 -> 0.9801495 | G7: =F7-F7*0.005 -> 0.97524875 | H7: =G7-G7*0.005 -> 0.97037251 | I7: =H7-H7*0.005 -> 0.96552065 | J7: =I7-I7*0.005 -> 0.96069304 | ... AG7: =AF7-AF7*0.005 -> 0.85608227
A8: 07_NAM | B8: 1 | C8: =B8-B8*0.005 -> 0.995 | D8: =C8-C8*0.005 -> 0.990025 | E8: =D8-D8*0.005 -> 0.98507488 | F8: =E8-E8*0.005 -> 0.9801495 | G8: =F8-F8*0.005 -> 0.97524875 | H8: =G8-G8*0.005 -> 0.97037251 | I8: =H8-H8*0.005 -> 0.96552065 | J8: =I8-I8*0.005 -> 0.96069304 | ... AG8: =AF8-AF8*0.005 -> 0.85608227
A9: 08_LAM | B9: 1 | C9: =B9-B9*0.005 -> 0.995 | D9: =C9-C9*0.005 -> 0.990025 | E9: =D9-D9*0.005 -> 0.98507488 | F9: =E9-E9*0.005 -> 0.9801495 | G9: =F9-F9*0.005 -> 0.97524875 | H9: =G9-G9*0.005 -> 0.97037251 | I9: =H9-H9*0.005 -> 0.96552065 | J9: =I9-I9*0.005 -> 0.96069304 | ... AG9: =AF9-AF9*0.005 -> 0.85608227
A10: 09_WEU | B10: 1 | C10: =B10-B10*0.005 -> 0.995 | D10: =C10-C10*0.005 -> 0.990025 | E10: =D10-D10*0.005 -> 0.98507488 | F10: =E10-E10*0.005 -> 0.9801495 | G10: =F10-F10*0.005 -> 0.97524875 | H10: =G10-G10*0.005 -> 0.97037251 | I10: =H10-H10*0.005 -> 0.96552065 | J10: =I10-I10*0.005 -> 0.96069304 | ... AG10: =AF10-AF10*0.005 -> 0.85608227
A11: 10_EEU | B11: 1 | C11: =B11-B11*0.005 -> 0.995 | D11: =C11-C11*0.005 -> 0.990025 | E11: =D11-D11*0.005 -> 0.98507488 | F11: =E11-E11*0.005 -> 0.9801495 | G11: =F11-F11*0.005 -> 0.97524875 | H11: =G11-G11*0.005 -> 0.97037251 | I11: =H11-H11*0.005 -> 0.96552065 | J11: =I11-I11*0.005 -> 0.96069304 | ... AG11: =AF11-AF11*0.005 -> 0.85608227
A12: 11_FSU | B12: 1 | C12: =B12-B12*0.005 -> 0.995 | D12: =C12-C12*0.005 -> 0.990025 | E12: =D12-D12*0.005 -> 0.98507488 | F12: =E12-E12*0.005 -> 0.9801495 | G12: =F12-F12*0.005 -> 0.97524875 | H12: =G12-G12*0.005 -> 0.97037251 | I12: =H12-H12*0.005 -> 0.96552065 | J12: =I12-I12*0.005 -> 0.96069304 | ... AG12: =AF12-AF12*0.005 -> 0.85608227
A13: 12_MEA | B13: 1 | C13: =B13-B13*0.005 -> 0.995 | D13: =C13-C13*0.005 -> 0.990025 | E13: =D13-D13*0.005 -> 0.98507488 | F13: =E13-E13*0.005 -> 0.9801495 | G13: =F13-F13*0.005 -> 0.97524875 | H13: =G13-G13*0.005 -> 0.97037251 | I13: =H13-H13*0.005 -> 0.96552065 | J13: =I13-I13*0.005 -> 0.96069304 | ... AG13: =AF13-AF13*0.005 -> 0.85608227
... A18: 17_PAO | B18: 1 | C18: =B18-B18*0.005 -> 0.995 | D18: =C18-C18*0.005 -> 0.990025 | E18: =D18-D18*0.005 -> 0.98507488 | F18: =E18-E18*0.005 -> 0.9801495 | G18: =F18-F18*0.005 -> 0.97524875 | H18: =G18-G18*0.005 -> 0.97037251 | I18: =H18-H18*0.005 -> 0.96552065 | J18: =I18-I18*0.005 -> 0.96069304 | ... AG18: =AF18-AF18*0.005 -> 0.85608227

Sheet AEEI_high
B1: 2019 | C1: 2020 | D1: 2021 | E1: 2022 | F1: 2023 | G1: 2024 | H1: 2025 | I1: 2026 | J1: 2027 | K1: 2028 | L1: 2029 | M1: 2030 | N1: 2031 | O1: 2032 | P1: 2033 | Q1: 2034 | R1: 2035 | S1: 2036 | T1: 2037 | U1: 2038 | V1: 2039 | W1: 2040 | X1: 2041 | Y1: 2042 | Z1: 2043 | AA1: 2044 | AB1: 2045 | AC1: 2046 | AD1: 2047 | AE1: 2048 | AF1: 2049 | AG1: 2050
A2: 01_KOR | B2: 1 | C2: =B2-B2*0.01 -> 0.99 | D2: =C2-C2*0.01 -> 0.9801 | E2: =D2-D2*0.01 -> 0.970299 | F2: =E2-E2*0.01 -> 0.96059601 | G2: =F2-F2*0.01 -> 0.95099005 | H2: =G2-G2*0.01 -> 0.94148015 | I2: =H2-H2*0.01 -> 0.93206535 | J2: =I2-I2*0.01 -> 0.92274469 | ... AG2: =AF2-AF2*0.01 -> 0.73230337
A3: 02_CHN | B3: 1 | C3: =B3-B3*0.01 -> 0.99 | D3: =C3-C3*0.01 -> 0.9801 | E3: =D3-D3*0.01 -> 0.970299 | F3: =E3-E3*0.01 -> 0.96059601 | G3: =F3-F3*0.01 -> 0.95099005 | H3: =G3-G3*0.01 -> 0.94148015 | I3: =H3-H3*0.01 -> 0.93206535 | J3: =I3-I3*0.01 -> 0.92274469 | ... AG3: =AF3-AF3*0.01 -> 0.73230337
A4: 03_JPN | B4: 1 | C4: =B4-B4*0.01 -> 0.99 | D4: =C4-C4*0.01 -> 0.9801 | E4: =D4-D4*0.01 -> 0.970299 | F4: =E4-E4*0.01 -> 0.96059601 | G4: =F4-F4*0.01 -> 0.95099005 | H4: =G4-G4*0.01 -> 0.94148015 | I4: =H4-H4*0.01 -> 0.93206535 | J4: =I4-I4*0.01 -> 0.92274469 | ... AG4: =AF4-AF4*0.01 -> 0.73230337
A5: 04_RUS | B5: 1 | C5: =B5-B5*0.01 -> 0.99 | D5: =C5-C5*0.01 -> 0.9801 | E5: =D5-D5*0.01 -> 0.970299 | F5: =E5-E5*0.01 -> 0.96059601 | G5: =F5-F5*0.01 -> 0.95099005 | H5: =G5-G5*0.01 -> 0.94148015 | I5: =H5-H5*0.01 -> 0.93206535 | J5: =I5-I5*0.01 -> 0.92274469 | ... AG5: =AF5-AF5*0.01 -> 0.73230337
A6: 05_MNG | B6: 1 | C6: =B6-B6*0.01 -> 0.99 | D6: =C6-C6*0.01 -> 0.9801 | E6: =D6-D6*0.01 -> 0.970299 | F6: =E6-E6*0.01 -> 0.96059601 | G6: =F6-F6*0.01 -> 0.95099005 | H6: =G6-G6*0.01 -> 0.94148015 | I6: =H6-H6*0.01 -> 0.93206535 | J6: =I6-I6*0.01 -> 0.92274469 | ... AG6: =AF6-AF6*0.01 -> 0.73230337
A7: 06_PRK | B7: 1 | C7: =B7-B7*0.01 -> 0.99 | D7: =C7-C7*0.01 -> 0.9801 | E7: =D7-D7*0.01 -> 0.970299 | F7: =E7-E7*0.01 -> 0.96059601 | G7: =F7-F7*0.01 -> 0.95099005 | H7: =G7-G7*0.01 -> 0.94148015 | I7: =H7-H7*0.01 -> 0.93206535 | J7: =I7-I7*0.01 -> 0.92274469 | ... AG7: =AF7-AF7*0.01 -> 0.73230337
A8: 07_NAM | B8: 1 | C8: =B8-B8*0.01 -> 0.99 | D8: =C8-C8*0.01 -> 0.9801 | E8: =D8-D8*0.01 -> 0.970299 | F8: =E8-E8*0.01 -> 0.96059601 | G8: =F8-F8*0.01 -> 0.95099005 | H8: =G8-G8*0.01 -> 0.94148015 | I8: =H8-H8*0.01 -> 0.93206535 | J8: =I8-I8*0.01 -> 0.92274469 | ... AG8: =AF8-AF8*0.01 -> 0.73230337
A9: 08_LAM | B9: 1 | C9: =B9-B9*0.01 -> 0.99 | D9: =C9-C9*0.01 -> 0.9801 | E9: =D9-D9*0.01 -> 0.970299 | F9: =E9-E9*0.01 -> 0.96059601 | G9: =F9-F9*0.01 -> 0.95099005 | H9: =G9-G9*0.01 -> 0.94148015 | I9: =H9-H9*0.01 -> 0.93206535 | J9: =I9-I9*0.01 -> 0.92274469 | ... AG9: =AF9-AF9*0.01 -> 0.73230337
A10: 09_WEU | B10: 1 | C10: =B10-B10*0.01 -> 0.99 | D10: =C10-C10*0.01 -> 0.9801 | E10: =D10-D10*0.01 -> 0.970299 | F10: =E10-E10*0.01 -> 0.96059601 | G10: =F10-F10*0.01 -> 0.95099005 | H10: =G10-G10*0.01 -> 0.94148015 | I10: =H10-H10*0.01 -> 0.93206535 | J10: =I10-I10*0.01 -> 0.92274469 | ... AG10: =AF10-AF10*0.01 -> 0.73230337
A11: 10_EEU | B11: 1 | C11: =B11-B11*0.01 -> 0.99 | D11: =C11-C11*0.01 -> 0.9801 | E11: =D11-D11*0.01 -> 0.970299 | F11: =E11-E11*0.01 -> 0.96059601 | G11: =F11-F11*0.01 -> 0.95099005 | H11: =G11-G11*0.01 -> 0.94148015 | I11: =H11-H11*0.01 -> 0.93206535 | J11: =I11-I11*0.01 -> 0.92274469 | ... AG11: =AF11-AF11*0.01 -> 0.73230337
A12: 11_FSU | B12: 1 | C12: =B12-B12*0.01 -> 0.99 | D12: =C12-C12*0.01 -> 0.9801 | E12: =D12-D12*0.01 -> 0.970299 | F12: =E12-E12*0.01 -> 0.96059601 | G12: =F12-F12*0.01 -> 0.95099005 | H12: =G12-G12*0.01 -> 0.94148015 | I12: =H12-H12*0.01 -> 0.93206535 | J12: =I12-I12*0.01 -> 0.92274469 | ... AG12: =AF12-AF12*0.01 -> 0.73230337
A13: 12_MEA | B13: 1 | C13: =B13-B13*0.01 -> 0.99 | D13: =C13-C13*0.01 -> 0.9801 | E13: =D13-D13*0.01 -> 0.970299 | F13: =E13-E13*0.01 -> 0.96059601 | G13: =F13-F13*0.01 -> 0.95099005 | H13: =G13-G13*0.01 -> 0.94148015 | I13: =H13-H13*0.01 -> 0.93206535 | J13: =I13-I13*0.01 -> 0.92274469 | ... AG13: =AF13-AF13*0.01 -> 0.73230337
... A18: 17_PAO | B18: 1 | C18: =B18-B18*0.01 -> 0.99 | D18: =C18-C18*0.01 -> 0.9801 | E18: =D18-D18*0.01 -> 0.970299 | F18: =E18-E18*0.01 -> 0.96059601 | G18: =F18-F18*0.01 -> 0.95099005 | H18: =G18-G18*0.01 -> 0.94148015 | I18: =H18-H18*0.01 -> 0.93206535 | J18: =I18-I18*0.01 -> 0.92274469 | ... AG18: =AF18-AF18*0.01 -> 0.73230337

Sheet TREND
B1: 2019 | C1: 2020 | D1: 2021 | E1: 2022 | F1: 2023 | G1: 2024 | H1: 2025 | I1: 2026 | J1: 2027 | K1: 2028 | L1: 2029 | M1: 2030 | N1: 2031 | O1: 2032 | P1: 2033 | Q1: 2034 | R1: 2035 | S1: 2036 | T1: 2037 | U1: 2038 | V1: 2039 | W1: 2040 | X1: 2041 | Y1: 2042 | Z1: 2043 | AA1: 2044 | AB1: 2045 | AC1: 2046 | AD1: 2047 | AE1: 2048 | AF1: 2049 | AG1: 2050
A2: 01_KOR | B2: 1 | C2: 0.97 | D2: 0.9506 | E2: 0.931588 | F2: 0.91295624 | G2: 0.89469712 | H2: 0.87680317 | I2: 0.85926711 | J2: 0.84208177 | K2: 0.82524013 | L2: 0.80873533 | M2: 0.79256062 | N2: 0.77670941 | O2: 0.76117522 | P2: 0.74595172 | Q2: 0.73103268 | R2: 0.71641203 | S2: 0.70208379 | T2: 0.68804211 | U2: 0.67428127 | V2: 0.66079565 | W2: 0.64757973 | X2: 0.63462814 | Y2: 0.62193558 | Z2: 0.60949686 | AA2: 0.59730693 | AB2: 0.58536079 | AC2: 0.57365357 | AD2: 0.5621805 | AE2: 0.55093689 | AF2: 0.53991815 | AG2: 0.52911979
A3: 02_CHN | B3: 1 | C3: 0.97 | D3: 0.9506 | E3: 0.931588 | F3: 0.91295624 | G3: 0.89469712 | H3: 0.87680317 | I3: 0.85926711 | J3: 0.84208177 | K3: 0.82524013 | L3: 0.80873533 | M3: 0.79256062 | N3: 0.77670941 | O3: 0.76117522 | P3: 0.74595172 | Q3: 0.73103268 | R3: 0.71641203 | S3: 0.70208379 | T3: 0.68804211 | U3: 0.67428127 | V3: 0.66079565 | W3: 0.64757973 | X3: 0.63462814 | Y3: 0.62193558 | Z3: 0.60949686 | AA3: 0.59730693 | AB3: 0.58536079 | AC3: 0.57365357 | AD3: 0.5621805 | AE3: 0.55093689 | AF3: 0.53991815 | AG3: 0.52911979
A4: 03_JPN | B4: 1 | C4: 0.97 | D4: 0.9506 | E4: 0.931588 | F4: 0.91295624 | G4: 0.89469712 | H4: 0.87680317 | I4: 0.85926711 | J4: 0.84208177 | K4: 0.82524013 | L4: 0.80873533 | M4: 0.79256062 | N4: 0.77670941 | O4: 0.76117522 | P4: 0.74595172 | Q4: 0.73103268 | R4: 0.71641203 | S4: 0.70208379 | T4: 0.68804211 | U4: 0.67428127 | V4: 0.66079565 | W4: 0.64757973 | X4: 0.63462814 | Y4: 0.62193558 | Z4: 0.60949686 | AA4: 0.59730693 | AB4: 0.58536079 | AC4: 0.57365357 | AD4: 0.5621805 | AE4: 0.55093689 | AF4: 0.53991815 | AG4: 0.52911979
A5: 04_RUS | B5: 1 | C5: 0.97 | D5: 0.9506 | E5: 0.931588 | F5: 0.91295624 | G5: 0.89469712 | H5: 0.87680317 | I5: 0.85926711 | J5: 0.84208177 | K5: 0.82524013 | L5: 0.80873533 | M5: 0.79256062 | N5: 0.77670941 | O5: 0.76117522 | P5: 0.74595172 | Q5: 0.73103268 | R5: 0.71641203 | S5: 0.70208379 | T5: 0.68804211 | U5: 0.67428127 | V5: 0.66079565 | W5: 0.64757973 | X5: 0.63462814 | Y5: 0.62193558 | Z5: 0.60949686 | AA5: 0.59730693 | AB5: 0.58536079 | AC5: 0.57365357 | AD5: 0.5621805 | AE5: 0.55093689 | AF5: 0.53991815 | AG5: 0.52911979
A6: 05_MNG | B6: 1 | C6: 0.97 | D6: 0.9506 | E6: 0.931588 | F6: 0.91295624 | G6: 0.89469712 | H6: 0.87680317 | I6: 0.85926711 | J6: 0.84208177 | K6: 0.82524013 | L6: 0.80873533 | M6: 0.79256062 | N6: 0.77670941 | O6: 0.76117522 | P6: 0.74595172 | Q6: 0.73103268 | R6: 0.71641203 | S6: 0.70208379 | T6: 0.68804211 | U6: 0.67428127 | V6: 0.66079565 | W6: 0.64757973 | X6: 0.63462814 | Y6: 0.62193558 | Z6: 0.60949686 | AA6: 0.59730693 | AB6: 0.58536079 | AC6: 0.57365357 | AD6: 0.5621805 | AE6: 0.55093689 | AF6: 0.53991815 | AG6: 0.52911979
A7: 06_PRK | B7: 1 | C7: 0.97 | D7: 0.9506 | E7: 0.931588 | F7: 0.91295624 | G7: 0.89469712 | H7: 0.87680317 | I7: 0.85926711 | J7: 0.84208177 | K7: 0.82524013 | L7: 0.80873533 | M7: 0.79256062 | N7: 0.77670941 | O7: 0.76117522 | P7: 0.74595172 | Q7: 0.73103268 | R7: 0.71641203 | S7: 0.70208379 | T7: 0.68804211 | U7: 0.67428127 | V7: 0.66079565 | W7: 0.64757973 | X7: 0.63462814 | Y7: 0.62193558 | Z7: 0.60949686 | AA7: 0.59730693 | AB7: 0.58536079 | AC7: 0.57365357 | AD7: 0.5621805 | AE7: 0.55093689 | AF7: 0.53991815 | AG7: 0.52911979
A8: 07_NAM | B8: 1 | C8: 0.97 | D8: 0.9506 | E8: 0.931588 | F8: 0.91295624 | G8: 0.89469712 | H8: 0.87680317 | I8: 0.85926711 | J8: 0.84208177 | K8: 0.82524013 | L8: 0.80873533 | M8: 0.79256062 | N8: 0.77670941 | O8: 0.76117522 | P8: 0.74595172 | Q8: 0.73103268 | R8: 0.71641203 | S8: 0.70208379 | T8: 0.68804211 | U8: 0.67428127 | V8: 0.66079565 | W8: 0.64757973 | X8: 0.63462814 | Y8: 0.62193558 | Z8: 0.60949686 | AA8: 0.59730693 | AB8: 0.58536079 | AC8: 0.57365357 | AD8: 0.5621805 | AE8: 0.55093689 | AF8: 0.53991815 | AG8: 0.52911979
A9: 08_LAM | B9: 1 | C9: 0.97 | D9: 0.9506 | E9: 0.931588 | F9: 0.91295624 | G9: 0.89469712 | H9: 0.87680317 | I9: 0.85926711 | J9: 0.84208177 | K9: 0.82524013 | L9: 0.80873533 | M9: 0.79256062 | N9: 0.77670941 | O9: 0.76117522 | P9: 0.74595172 | Q9: 0.73103268 | R9: 0.71641203 | S9: 0.70208379 | T9: 0.68804211 | U9: 0.67428127 | V9: 0.66079565 | W9: 0.64757973 | X9: 0.63462814 | Y9: 0.62193558 | Z9: 0.60949686 | AA9: 0.59730693 | AB9: 0.58536079 | AC9: 0.57365357 | AD9: 0.5621805 | AE9: 0.55093689 | AF9: 0.53991815 | AG9: 0.52911979
A10: 09_WEU | B10: 1 | C10: 0.97 | D10: 0.9506 | E10: 0.931588 | F10: 0.91295624 | G10: 0.89469712 | H10: 0.87680317 | I10: 0.85926711 | J10: 0.84208177 | K10: 0.82524013 | L10: 0.80873533 | M10: 0.79256062 | N10: 0.77670941 | O10: 0.76117522 | P10: 0.74595172 | Q10: 0.73103268 | R10: 0.71641203 | S10: 0.70208379 | T10: 0.68804211 | U10: 0.67428127 | V10: 0.66079565 | W10: 0.64757973 | X10: 0.63462814 | Y10: 0.62193558 | Z10: 0.60949686 | AA10: 0.59730693 | AB10: 0.58536079 | AC10: 0.57365357 | AD10: 0.5621805 | AE10: 0.55093689 | AF10: 0.53991815 | AG10: 0.52911979
A11: 10_EEU | B11: 1 | C11: 0.97 | D11: 0.9506 | E11: 0.931588 | F11: 0.91295624 | G11: 0.89469712 | H11: 0.87680317 | I11: 0.85926711 | J11: 0.84208177 | K11: 0.82524013 | L11: 0.80873533 | M11: 0.79256062 | N11: 0.77670941 | O11: 0.76117522 | P11: 0.74595172 | Q11: 0.73103268 | R11: 0.71641203 | S11: 0.70208379 | T11: 0.68804211 | U11: 0.67428127 | V11: 0.66079565 | W11: 0.64757973 | X11: 0.63462814 | Y11: 0.62193558 | Z11: 0.60949686 | AA11: 0.59730693 | AB11: 0.58536079 | AC11: 0.57365357 | AD11: 0.5621805 | AE11: 0.55093689 | AF11: 0.53991815 | AG11: 0.52911979
A12: 11_FSU | B12: 1 | C12: 0.97 | D12: 0.9506 | E12: 0.931588 | F12: 0.91295624 | G12: 0.89469712 | H12: 0.87680317 | I12: 0.85926711 | J12: 0.84208177 | K12: 0.82524013 | L12: 0.80873533 | M12: 0.79256062 | N12: 0.77670941 | O12: 0.76117522 | P12: 0.74595172 | Q12: 0.73103268 | R12: 0.71641203 | S12: 0.70208379 | T12: 0.68804211 | U12: 0.67428127 | V12: 0.66079565 | W12: 0.64757973 | X12: 0.63462814 | Y12: 0.62193558 | Z12: 0.60949686 | AA12: 0.59730693 | AB12: 0.58536079 | AC12: 0.57365357 | AD12: 0.5621805 | AE12: 0.55093689 | AF12: 0.53991815 | AG12: 0.52911979
A13: 12_MEA | B13: 1 | C13: 0.97 | D13: 0.9506 | E13: 0.931588 | F13: 0.91295624 | G13: 0.89469712 | H13: 0.87680317 | I13: 0.85926711 | J13: 0.84208177 | K13: 0.82524013 | L13: 0.80873533 | M13: 0.79256062 | N13: 0.77670941 | O13: 0.76117522 | P13: 0.74595172 | Q13: 0.73103268 | R13: 0.71641203 | S13: 0.70208379 | T13: 0.68804211 | U13: 0.67428127 | V13: 0.66079565 | W13: 0.64757973 | X13: 0.63462814 | Y13: 0.62193558 | Z13: 0.60949686 | AA13: 0.59730693 | AB13: 0.58536079 | AC13: 0.57365357 | AD13: 0.5621805 | AE13: 0.55093689 | AF13: 0.53991815 | AG13: 0.52911979
... A18: 17_PAO | B18: 1 | C18: 0.97 | D18: 0.9506 | E18: 0.931588 | F18: 0.91295624 | G18: 0.89469712 | H18: 0.87680317 | I18: 0.85926711 | J18: 0.84208177 | K18: 0.82524013 | L18: 0.80873533 | M18: 0.79256062 | N18: 0.77670941 | O18: 0.76117522 | P18: 0.74595172 | Q18: 0.73103268 | R18: 0.71641203 | S18: 0.70208379 | T18: 0.68804211 | U18: 0.67428127 | V18: 0.66079565 | W18: 0.64757973 | X18: 0.63462814 | Y18: 0.62193558 | Z18: 0.60949686 | AA18: 0.59730693 | AB18: 0.58536079 | AC18: 0.57365357 | AD18: 0.5621805 | AE18: 0.55093689 | AF18: 0.53991815 | AG18: 0.52911979

Sheet TREND2
B1: 2019 | C1: 2020 | D1: 2021 | E1: 2022 | F1: 2023 | G1: 2024 | H1: 2025 | I1: 2026 | J1: 2027 | K1: 2028 | L1: 2029 | M1: 2030 | N1: 2031 | O1: 2032 | P1: 2033 | Q1: 2034 | R1: 2035 | S1: 2036 | T1: 2037 | U1: 2038 | V1: 2039 | W1: 2040 | X1: 2041 | Y1: 2042 | Z1: 2043 | AA1: 2044 | AB1: 2045 | AC1: 2046 | AD1: 2047 | AE1: 2048 | AF1: 2049 | AG1: 2050
A2: 01_KOR | B2: 1 | C2: 1 | D2: 1 | E2: 1 | F2: 1 | G2: 1 | H2: 1 | I2: 1 | J2: 1 | K2: 1 | L2: 1 | M2: 1 | N2: 0.955 | O2: 0.91 | P2: 0.865 | Q2: 0.82 | R2: 0.775 | S2: 0.73 | T2: 0.685 | U2: 0.64 | V2: 0.595 | W2: 0.55 | X2: 0.505 | Y2: 0.46 | Z2: 0.415 | AA2: 0.37 | AB2: 0.325 | AC2: 0.28 | AD2: 0.235 | AE2: 0.19 | AF2: 0.145 | AG2: 0.1
A3: 02_CHN | B3: 1 | C3: 1 | D3: 1 | E3: 1 | F3: 1 | G3: 1 | H3: 1 | I3: 1 | J3: 1 | K3: 1 | L3: 1 | M3: 1 | N3: 0.955 | O3: 0.91 | P3: 0.865 | Q3: 0.82 | R3: 0.775 | S3: 0.73 | T3: 0.685 | U3: 0.64 | V3: 0.595 | W3: 0.55 | X3: 0.505 | Y3: 0.46 | Z3: 0.415 | AA3: 0.37 | AB3: 0.325 | AC3: 0.28 | AD3: 0.235 | AE3: 0.19 | AF3: 0.145 | AG3: 0.1
A4: 03_JPN | B4: 1 | C4: 1 | D4: 1 | E4: 1 | F4: 1 | G4: 1 | H4: 1 | I4: 1 | J4: 1 | K4: 1 | L4: 1 | M4: 1 | N4: 0.955 | O4: 0.91 | P4: 0.865 | Q4: 0.82 | R4: 0.775 | S4: 0.73 | T4: 0.685 | U4: 0.64 | V4: 0.595 | W4: 0.55 | X4: 0.505 | Y4: 0.46 | Z4: 0.415 | AA4: 0.37 | AB4: 0.325 | AC4: 0.28 | AD4: 0.235 | AE4: 0.19 | AF4: 0.145 | AG4: 0.1
A5: 04_RUS | B5: 1 | C5: 1 | D5: 1 | E5: 1 | F5: 1 | G5: 1 | H5: 1 | I5: 1 | J5: 1 | K5: 1 | L5: 1 | M5: 1 | N5: 0.955 | O5: 0.91 | P5: 0.865 | Q5: 0.82 | R5: 0.775 | S5: 0.73 | T5: 0.685 | U5: 0.64 | V5: 0.595 | W5: 0.55 | X5: 0.505 | Y5: 0.46 | Z5: 0.415 | AA5: 0.37 | AB5: 0.325 | AC5: 0.28 | AD5: 0.235 | AE5: 0.19 | AF5: 0.145 | AG5: 0.1
A6: 05_MNG | B6: 1 | C6: 1 | D6: 1 | E6: 1 | F6: 1 | G6: 1 | H6: 1 | I6: 1 | J6: 1 | K6: 1 | L6: 1 | M6: 1 | N6: 0.955 | O6: 0.91 | P6: 0.865 | Q6: 0.82 | R6: 0.775 | S6: 0.73 | T6: 0.685 | U6: 0.64 | V6: 0.595 | W6: 0.55 | X6: 0.505 | Y6: 0.46 | Z6: 0.415 | AA6: 0.37 | AB6: 0.325 | AC6: 0.28 | AD6: 0.235 | AE6: 0.19 | AF6: 0.145 | AG6: 0.1
A7: 06_PRK | B7: 1 | C7: 1 | D7: 1 | E7: 1 | F7: 1 | G7: 1 | H7: 1 | I7: 1 | J7: 1 | K7: 1 | L7: 1 | M7: 1 | N7: 0.955 | O7: 0.91 | P7: 0.865 | Q7: 0.82 | R7: 0.775 | S7: 0.73 | T7: 0.685 | U7: 0.64 | V7: 0.595 | W7: 0.55 | X7: 0.505 | Y7: 0.46 | Z7: 0.415 | AA7: 0.37 | AB7: 0.325 | AC7: 0.28 | AD7: 0.235 | AE7: 0.19 | AF7: 0.145 | AG7: 0.1
A8: 07_NAM | B8: 1 | C8: 1 | D8: 1 | E8: 1 | F8: 1 | G8: 1 | H8: 1 | I8: 1 | J8: 1 | K8: 1 | L8: 1 | M8: 1 | N8: 0.955 | O8: 0.91 | P8: 0.865 | Q8: 0.82 | R8: 0.775 | S8: 0.73 | T8: 0.685 | U8: 0.64 | V8: 0.595 | W8: 0.55 | X8: 0.505 | Y8: 0.46 | Z8: 0.415 | AA8: 0.37 | AB8: 0.325 | AC8: 0.28 | AD8: 0.235 | AE8: 0.19 | AF8: 0.145 | AG8: 0.1
A9: 08_LAM | B9: 1 | C9: 1 | D9: 1 | E9: 1 | F9: 1 | G9: 1 | H9: 1 | I9: 1 | J9: 1 | K9: 1 | L9: 1 | M9: 1 | N9: 0.955 | O9: 0.91 | P9: 0.865 | Q9: 0.82 | R9: 0.775 | S9: 0.73 | T9: 0.685 | U9: 0.64 | V9: 0.595 | W9: 0.55 | X9: 0.505 | Y9: 0.46 | Z9: 0.415 | AA9: 0.37 | AB9: 0.325 | AC9: 0.28 | AD9: 0.235 | AE9: 0.19 | AF9: 0.145 | AG9: 0.1
A10: 09_WEU | B10: 1 | C10: 1 | D10: 1 | E10: 1 | F10: 1 | G10: 1 | H10: 1 | I10: 1 | J10: 1 | K10: 1 | L10: 1 | M10: 1 | N10: 0.955 | O10: 0.91 | P10: 0.865 | Q10: 0.82 | R10: 0.775 | S10: 0.73 | T10: 0.685 | U10: 0.64 | V10: 0.595 | W10: 0.55 | X10: 0.505 | Y10: 0.46 | Z10: 0.415 | AA10: 0.37 | AB10: 0.325 | AC10: 0.28 | AD10: 0.235 | AE10: 0.19 | AF10: 0.145 | AG10: 0.1
A11: 10_EEU | B11: 1 | C11: 1 | D11: 1 | E11: 1 | F11: 1 | G11: 1 | H11: 1 | I11: 1 | J11: 1 | K11: 1 | L11: 1 | M11: 1 | N11: 0.955 | O11: 0.91 | P11: 0.865 | Q11: 0.82 | R11: 0.775 | S11: 0.73 | T11: 0.685 | U11: 0.64 | V11: 0.595 | W11: 0.55 | X11: 0.505 | Y11: 0.46 | Z11: 0.415 | AA11: 0.37 | AB11: 0.325 | AC11: 0.28 | AD11: 0.235 | AE11: 0.19 | AF11: 0.145 | AG11: 0.1
A12: 11_FSU | B12: 1 | C12: 1 | D12: 1 | E12: 1 | F12: 1 | G12: 1 | H12: 1 | I12: 1 | J12: 1 | K12: 1 | L12: 1 | M12: 1 | N12: 0.955 | O12: 0.91 | P12: 0.865 | Q12: 0.82 | R12: 0.775 | S12: 0.73 | T12: 0.685 | U12: 0.64 | V12: 0.595 | W12: 0.55 | X12: 0.505 | Y12: 0.46 | Z12: 0.415 | AA12: 0.37 | AB12: 0.325 | AC12: 0.28 | AD12: 0.235 | AE12: 0.19 | AF12: 0.145 | AG12: 0.1
A13: 12_MEA | B13: 1 | C13: 1 | D13: 1 | E13: 1 | F13: 1 | G13: 1 | H13: 1 | I13: 1 | J13: 1 | K13: 1 | L13: 1 | M13: 1 | N13: 0.955 | O13: 0.91 | P13: 0.865 | Q13: 0.82 | R13: 0.775 | S13: 0.73 | T13: 0.685 | U13: 0.64 | V13: 0.595 | W13: 0.55 | X13: 0.505 | Y13: 0.46 | Z13: 0.415 | AA13: 0.37 | AB13: 0.325 | AC13: 0.28 | AD13: 0.235 | AE13: 0.19 | AF13: 0.145 | AG13: 0.1
... A18: 17_PAO | B18: 1 | C18: 1 | D18: 1 | E18: 1 | F18: 1 | G18: 1 | H18: 1 | I18: 1 | J18: 1 | K18: 1 | L18: 1 | M18: 1 | N18: 0.955 | O18: 0.91 | P18: 0.865 | Q18: 0.82 | R18: 0.775 | S18: 0.73 | T18: 0.685 | U18: 0.64 | V18: 0.595 | W18: 0.55 | X18: 0.505 | Y18: 0.46 | Z18: 0.415 | AA18: 0.37 | AB18: 0.325 | AC18: 0.28 | AD18: 0.235 | AE18: 0.19 | AF18: 0.145 | AG18: 0.1

Sheet CTAX_Cal
B1: 2019 | C1: 2020 | D1: 2021 | E1: 2022 | F1: 2023 | G1: 2024 | H1: 2025 | I1: 2026 | J1: 2027 | K1: 2028 | L1: 2029 | M1: 2030 | N1: 2031 | O1: 2032 | P1: 2033 | Q1: 2034 | R1: 2035 | S1: 2036 | T1: 2037 | U1: 2038 | V1: 2039 | W1: 2040 | X1: 2041 | Y1: 2042 | Z1: 2043 | AA1: 2044 | AB1: 2045 | AC1: 2046 | AD1: 2047 | AE1: 2048 | AF1: 2049 | AG1: 2050
A2: 01_KOR | B2: 0 | C2: 0.033333333 | D2: 0.066666667 | E2: 0.1 | F2: =E2 -> 0.1 | G2: =F2 -> 0.1 | H2: =G2 -> 0.1 | I2: =H2 -> 0.1 | J2: =I2 -> 0.1 | K2: =J2 -> 0.1 | L2: =K2 -> 0.1 | M2: =L2 -> 0.1 | ... AG2: =AF2 -> 0.1
A3: 02_CHN | B3: 0 | C3: 0.016666667 | D3: 0.033333333 | E3: 0.05 | F3: =E3 -> 0.05 | G3: =F3 -> 0.05 | H3: =G3 -> 0.05 | I3: =H3 -> 0.05 | J3: =I3 -> 0.05 | K3: =J3 -> 0.05 | L3: =K3 -> 0.05 | M3: =L3 -> 0.05 | ... AG3: =AF3 -> 0.05
A4: 03_JPN | B4: 0 | C4: 0.033333333 | D4: 0.066666667 | E4: 0.1 | F4: =E4 -> 0.1 | G4: =F4 -> 0.1 | H4: =G4 -> 0.1 | I4: =H4 -> 0.1 | J4: =I4 -> 0.1 | K4: =J4 -> 0.1 | L4: =K4 -> 0.1 | M4: =L4 -> 0.1 | ... AG4: =AF4 -> 0.1
A5: 04_RUS | B5: 0 | C5: 0.01 | D5: 0.01 | E5: 0.01 | F5: =E5 -> 0.01 | G5: =F5 -> 0.01 | H5: =G5 -> 0.01 | I5: =H5 -> 0.01 | J5: =I5 -> 0.01 | K5: =J5 -> 0.01 | L5: =K5 -> 0.01 | M5: =L5 -> 0.01 | ... AG5: =AF5 -> 0.01
A6: 05_MNG | B6: 0 | C6: 0.0001 | D6: 0.0001 | E6: 0.0001 | F6: 0.0001 | G6: 0.0001 | H6: 0.0001 | I6: 0.0001 | J6: 0.0001 | K6: 0.0001 | L6: 0.0001 | M6: 0.0001 | N6: 0.0001 | O6: 0.0001 | P6: 0.0001 | Q6: 0.0001 | R6: 0.0001 | S6: 0.0001 | T6: 0.0001 | U6: 0.0001 | V6: 0.0001 | W6: 0.0001 | X6: 0.0001 | Y6: 0.0001 | Z6: 0.0001 | AA6: 0.0001 | AB6: 0.0001 | AC6: 0.0001 | AD6: 0.0001 | AE6: 0.0001 | AF6: 0.0001 | AG6: 0.0001
A7: 06_PRK | B7: 0 | C7: 0.0001 | D7: 0.0001 | E7: 0.0001 | F7: 0.0001 | G7: 0.0001 | H7: 0.0001 | I7: 0.0001 | J7: 0.0001 | K7: 0.0001 | L7: 0.0001 | M7: 0.0001 | N7: 0.0001 | O7: 0.0001 | P7: 0.0001 | Q7: 0.0001 | R7: 0.0001 | S7: 0.0001 | T7: 0.0001 | U7: 0.0001 | V7: 0.0001 | W7: 0.0001 | X7: 0.0001 | Y7: 0.0001 | Z7: 0.0001 | AA7: 0.0001 | AB7: 0.0001 | AC7: 0.0001 | AD7: 0.0001 | AE7: 0.0001 | AF7: 0.0001 | AG7: 0.0001
A8: 07_NAM | B8: 0 | C8: 0.066666667 | D8: 0.13333333 | E8: 0.2 | F8: =E8 -> 0.2 | G8: =F8 -> 0.2 | H8: =G8 -> 0.2 | I8: =H8 -> 0.2 | J8: =I8 -> 0.2 | K8: =J8 -> 0.2 | L8: =K8 -> 0.2 | M8: =L8 -> 0.2 | ... AG8: =AF8 -> 0.2
A9: 08_LAM | B9: 0 | C9: 0.016666667 | D9: 0.033333333 | E9: 0.05 | F9: =E9 -> 0.05 | G9: =F9 -> 0.05 | H9: =G9 -> 0.05 | I9: =H9 -> 0.05 | J9: =I9 -> 0.05 | K9: =J9 -> 0.05 | L9: =K9 -> 0.05 | M9: =L9 -> 0.05 | ... AG9: =AF9 -> 0.05
A10: 09_WEU | B10: 0 | C10: 0.13333333 | D10: 0.26666667 | E10: 0.4 | F10: =E10 -> 0.4 | G10: =F10 -> 0.4 | H10: =G10 -> 0.4 | I10: =H10 -> 0.4 | J10: =I10 -> 0.4 | K10: =J10 -> 0.4 | L10: =K10 -> 0.4 | M10: =L10 -> 0.4 | ... AG10: =AF10 -> 0.4
A11: 10_EEU | B11: 0 | C11: 0.016666667 | D11: 0.033333333 | E11: 0.05 | F11: =E11 -> 0.05 | G11: =F11 -> 0.05 | H11: =G11 -> 0.05 | I11: =H11 -> 0.05 | J11: =I11 -> 0.05 | K11: =J11 -> 0.05 | L11: =K11 -> 0.05 | M11: =L11 -> 0.05 | ... AG11: =AF11 -> 0.05
A12: 11_FSU | B12: 0 | C12: 0.01 | D12: 0.01 | E12: 0.01 | F12: =E12 -> 0.01 | G12: =F12 -> 0.01 | H12: =G12 -> 0.01 | I12: =H12 -> 0.01 | J12: =I12 -> 0.01 | K12: =J12 -> 0.01 | L12: =K12 -> 0.01 | M12: =L12 -> 0.01 | ... AG12: =AF12 -> 0.01
A13: 12_MEA | B13: 0 | C13: 0.01 | D13: 0.01 | E13: 0.01 | F13: =E13 -> 0.01 | G13: =F13 -> 0.01 | H13: =G13 -> 0.01 | I13: =H13 -> 0.01 | J13: =I13 -> 0.01 | K13: =J13 -> 0.01 | L13: =K13 -> 0.01 | M13: =L13 -> 0.01 | ... AG13: =AF13 -> 0.01
A14: 13_AFR | B14: 0 | C14: 0.01 | D14: 0.01 | E14: 0.01 | F14: =E14 -> 0.01 | G14: =F14 -> 0.01 | H14: =G14 -> 0.01 | I14: =H14 -> 0.01 | J14: =I14 -> 0.01 | K14: =J14 -> 0.01 | L14: =K14 -> 0.01 | M14: =L14 -> 0.01 | ... AG14: =AF14 -> 0.01
A15: 14_CPA | B15: 0 | C15: 0.01 | D15: 0.01 | E15: 0.01 | F15: =E15 -> 0.01 | G15: =F15 -> 0.01 | H15: =G15 -> 0.01 | I15: =H15 -> 0.01 | J15: =I15 -> 0.01 | K15: =J15 -> 0.01 | L15: =K15 -> 0.01 | M15: =L15 -> 0.01 | ... AG15: =AF15 -> 0.01
A16: 15_SAS | B16: 0 | C16: 0.01 | D16: 0.01 | E16: 0.01 | F16: =E16 -> 0.01 | G16: =F16 -> 0.01 | H16: =G16 -> 0.01 | I16: =H16 -> 0.01 | J16: =I16 -> 0.01 | K16: =J16 -> 0.01 | L16: =K16 -> 0.01 | M16: =L16 -> 0.01 | ... AG16: =AF16 -> 0.01
A17: 16_PAS | B17: 0 | C17: 0.01 | D17: 0.01 | E17: 0.01 | F17: =E17 -> 0.01 | G17: =F17 -> 0.01 | H17: =G17 -> 0.01 | I17: =H17 -> 0.01 | J17: =I17 -> 0.01 | K17: =J17 -> 0.01 | L17: =K17 -> 0.01 | M17: =L17 -> 0.01 | ... AG17: =AF17 -> 0.01
A18: 17_PAO | B18: 0 | C18: 0.033333333 | D18: 0.066666667 | E18: 0.1 | F18: =E18 -> 0.1 | G18: =F18 -> 0.1 | H18: =G18 -> 0.1 | I18: =H18 -> 0.1 | J18: =I18 -> 0.1 | K18: =J18 -> 0.1 | L18: =K18 -> 0.1 | M18: =L18 -> 0.1 | ... AG18: =AF18 -> 0.1

Sheet CTAX_CPS
B1: 2019 | C1: 2020 | D1: 2021 | E1: 2022 | F1: 2023 | G1: 2024 | H1: 2025 | I1: 2026 | J1: 2027 | K1: 2028 | L1: 2029 | M1: 2030 | N1: 2031 | O1: 2032 | P1: 2033 | Q1: 2034 | R1: 2035 | S1: 2036 | T1: 2037 | U1: 2038 | V1: 2039 | W1: 2040 | X1: 2041 | Y1: 2042 | Z1: 2043 | AA1: 2044 | AB1: 2045 | AC1: 2046 | AD1: 2047 | AE1: 2048 | AF1: 2049 | AG1: 2050 | AI1: =AG1-E1 -> 28
A2: 01_KOR | B2: 0 | C2: 0.0333333 | D2: 0.0666667 | E2: 0.1 | F2: 0.12321429 | G2: 0.14642857 | H2: 0.16964286 | I2: 0.19285714 | J2: 0.21607143 | K2: 0.23928571 | L2: 0.2625 | M2: 0.28571429 | N2: 0.30892857 | O2: 0.33214286 | P2: 0.35535714 | Q2: 0.37857143 | R2: 0.40178571 | S2: 0.425 | T2: 0.44821429 | U2: 0.47142857 | V2: 0.49464286 | W2: 0.51785714 | X2: 0.54107143 | Y2: 0.56428571 | Z2: 0.5875 | AA2: 0.61071429 | AB2: 0.63392857 | AC2: 0.65714286 | AD2: 0.68035714 | AE2: 0.70357143 | AF2: 0.72678571 | AG2: 0.75 | AI2: =(AG2-E2)/$AI$1 -> 0.023214286
A3: 02_CHN | B3: 0 | C3: 0.016666667 | D3: 0.033333333 | E3: 0.05 | F3: 0.066071429 | G3: 0.082142857 | H3: 0.098214286 | I3: 0.11428571 | J3: 0.13035714 | K3: 0.14642857 | L3: 0.1625 | M3: 0.17857143 | N3: 0.19464286 | O3: 0.21071429 | P3: 0.22678571 | Q3: 0.24285714 | R3: 0.25892857 | S3: 0.275 | T3: 0.29107143 | U3: 0.30714286 | V3: 0.32321429 | W3: 0.33928571 | X3: 0.35535714 | Y3: 0.37142857 | Z3: 0.3875 | AA3: 0.40357143 | AB3: 0.41964286 | AC3: 0.43571429 | AD3: 0.45178571 | AE3: 0.46785714 | AF3: 0.48392857 | AG3: 0.5 | AI3: =(AG3-E3)/$AI$1 -> 0.016071429
A4: 03_JPN | B4: 0 | C4: 0.0333333 | D4: 0.0666667 | E4: 0.1 | F4: 0.185714 | G4: 0.271429 | H4: 0.357143 | I4: 0.442857 | J4: 0.528571 | K4: 0.614286 | L4: 0.7 | M4: 0.78571429 | N4: 0.83142857 | O4: 0.87714286 | P4: 0.92285714 | Q4: 0.96857143 | R4: 1.0142857 | S4: 1.06 | T4: 1.1057143 | U4: 1.1514286 | V4: 1.1971429 | W4: 1.2428571 | X4: 1.2885714 | Y4: 1.3342857 | Z4: 1.38 | AA4: 1.4257143 | AB4: 1.4714286 | AC4: 1.5171429 | AD4: 1.5628571 | AE4: 1.6085714 | AF4: 1.6542857 | AG4: 1.7 | AI4: =(AG4-E4)/$AI$1 -> 0.057142857
A5: 04_RUS | B5: 0 | C5: 0.016666667 | D5: 0.033333333 | E5: 0.05 | F5: =E5+$AI5 -> 0.055357143 | G5: =F5+$AI5 -> 0.060714286 | H5: =G5+$AI5 -> 0.066071429 | I5: =H5+$AI5 -> 0.071428571 | J5: =I5+$AI5 -> 0.076785714 | K5: =J5+$AI5 -> 0.082142857 | L5: =K5+$AI5 -> 0.0875 | M5: =L5+$AI5 -> 0.092857143 | ... AF5: =AE5+$AI5 -> 0.19464286 | AG5: 0.2 | AI5: =(AG5-E5)/$AI$1 -> 0.0053571429
A6: 05_MNG | B6: 0 | C6: 0.0001 | D6: 0.0001 | E6: 0.0001 | F6: 0.00081071429 | G6: 0.0015214286 | H6: 0.0022321429 | I6: 0.0029428571 | J6: 0.0036535714 | K6: 0.0043642857 | L6: 0.005075 | M6: 0.0057857143 | N6: 0.0064964286 | O6: 0.0072071429 | P6: 0.0079178571 | Q6: 0.0086285714 | R6: 0.0093392857 | S6: 0.01005 | T6: 0.010760714 | U6: 0.011471429 | V6: 0.012182143 | W6: 0.012892857 | X6: 0.013603571 | Y6: 0.014314286 | Z6: 0.015025 | AA6: 0.015735714 | AB6: 0.016446429 | AC6: 0.017157143 | AD6: 0.017867857 | AE6: 0.018578571 | AF6: 0.019289286 | AG6: 0.02 | AI6: =(AG6-E6)/$AI$1 -> 0.00071071429
A7: 06_PRK | B7: 0 | C7: 0.0001 | D7: 0.0001 | E7: 0.0001 | F7: =E7+$AI7 -> 0.0018821429 | G7: =F7+$AI7 -> 0.0036642857 | H7: =G7+$AI7 -> 0.0054464286 | I7: =H7+$AI7 -> 0.0072285714 | J7: =I7+$AI7 -> 0.0090107143 | K7: =J7+$AI7 -> 0.010792857 | L7: =K7+$AI7 -> 0.012575 | M7: =L7+$AI7 -> 0.014357143 | ... AF7: =AE7+$AI7 -> 0.048217857 | AG7: 0.05 | AI7: =(AG7-E7)/$AI$1 -> 0.0017821429
A8: 07_NAM | B8: 0 | C8: 0.066666667 | D8: 0.13333333 | E8: 0.2 | F8: =E8+$AI8 -> 0.22142857 | G8: =F8+$AI8 -> 0.24285714 | H8: =G8+$AI8 -> 0.26428571 | I8: =H8+$AI8 -> 0.28571429 | J8: =I8+$AI8 -> 0.30714286 | K8: =J8+$AI8 -> 0.32857143 | L8: =K8+$AI8 -> 0.35 | M8: =L8+$AI8 -> 0.37142857 | ... AF8: =AE8+$AI8 -> 0.77857143 | AG8: 0.8 | AI8: =(AG8-E8)/$AI$1 -> 0.021428571
A9: 08_LAM | B9: 0 | C9: 0.016666667 | D9: 0.033333333 | E9: 0.05 | F9: =E9+$AI9 -> 0.055357143 | G9: =F9+$AI9 -> 0.060714286 | H9: =G9+$AI9 -> 0.066071429 | I9: =H9+$AI9 -> 0.071428571 | J9: =I9+$AI9 -> 0.076785714 | K9: =J9+$AI9 -> 0.082142857 | L9: =K9+$AI9 -> 0.0875 | M9: =L9+$AI9 -> 0.092857143 | ... AF9: =AE9+$AI9 -> 0.19464286 | AG9: 0.2 | AI9: =(AG9-E9)/$AI$1 -> 0.0053571429
A10: 09_WEU | B10: 0 | C10: 0.13333333 | D10: 0.26666667 | E10: 0.4 | F10: =E10+$AI10 -> 0.44285714 | G10: =F10+$AI10 -> 0.48571429 | H10: =G10+$AI10 -> 0.52857143 | I10: =H10+$AI10 -> 0.57142857 | J10: =I10+$AI10 -> 0.61428571 | K10: =J10+$AI10 -> 0.65714286 | L10: =K10+$AI10 -> 0.7 | M10: =L10+$AI10 -> 0.74285714 | ... AF10: =AE10+$AI10 -> 1.5571429 | AG10: 1.6 | AI10: =(AG10-E10)/$AI$1 -> 0.042857143
A11: 10_EEU | B11: 0 | C11: 0.016666667 | D11: 0.033333333 | E11: 0.05 | F11: =E11+$AI11 -> 0.055357143 | G11: =F11+$AI11 -> 0.060714286 | H11: =G11+$AI11 -> 0.066071429 | I11: =H11+$AI11 -> 0.071428571 | J11: =I11+$AI11 -> 0.076785714 | K11: =J11+$AI11 -> 0.082142857 | L11: =K11+$AI11 -> 0.0875 | M11: =L11+$AI11 -> 0.092857143 | ... AF11: =AE11+$AI11 -> 0.19464286 | AG11: 0.2 | AI11: =(AG11-E11)/$AI$1 -> 0.0053571429
A12: 11_FSU | B12: 0 | C12: 0.01 | D12: 0.01 | E12: 0.01 | F12: =E12+$AI12 -> 0.013214286 | G12: =F12+$AI12 -> 0.016428571 | H12: =G12+$AI12 -> 0.019642857 | I12: =H12+$AI12 -> 0.022857143 | J12: =I12+$AI12 -> 0.026071429 | K12: =J12+$AI12 -> 0.029285714 | L12: =K12+$AI12 -> 0.0325 | M12: =L12+$AI12 -> 0.035714286 | ... AF12: =AE12+$AI12 -> 0.096785714 | AG12: 0.1 | AI12: =(AG12-E12)/$AI$1 -> 0.0032142857
A13: 12_MEA | B13: 0 | C13: 0.01 | D13: 0.01 | E13: 0.01 | F13: =E13+$AI13 -> 0.013214286 | G13: =F13+$AI13 -> 0.016428571 | H13: =G13+$AI13 -> 0.019642857 | I13: =H13+$AI13 -> 0.022857143 | J13: =I13+$AI13 -> 0.026071429 | K13: =J13+$AI13 -> 0.029285714 | L13: =K13+$AI13 -> 0.0325 | M13: =L13+$AI13 -> 0.035714286 | ... AF13: =AE13+$AI13 -> 0.096785714 | AG13: 0.1 | AI13: =(AG13-E13)/$AI$1 -> 0.0032142857
A14: 13_AFR | B14: 0 | C14: 0.01 | D14: 0.01 | E14: 0.01 | F14: =E14+$AI14 -> 0.013214286 | G14: =F14+$AI14 -> 0.016428571 | H14: =G14+$AI14 -> 0.019642857 | I14: =H14+$AI14 -> 0.022857143 | J14: =I14+$AI14 -> 0.026071429 | K14: =J14+$AI14 -> 0.029285714 | L14: =K14+$AI14 -> 0.0325 | M14: =L14+$AI14 -> 0.035714286 | ... AF14: =AE14+$AI14 -> 0.096785714 | AG14: 0.1 | AI14: =(AG14-E14)/$AI$1 -> 0.0032142857
A15: 14_CPA | B15: 0 | C15: 0.01 | D15: 0.01 | E15: 0.01 | F15: =E15+$AI15 -> 0.013214286 | G15: =F15+$AI15 -> 0.016428571 | H15: =G15+$AI15 -> 0.019642857 | I15: =H15+$AI15 -> 0.022857143 | J15: =I15+$AI15 -> 0.026071429 | K15: =J15+$AI15 -> 0.029285714 | L15: =K15+$AI15 -> 0.0325 | M15: =L15+$AI15 -> 0.035714286 | ... AF15: =AE15+$AI15 -> 0.096785714 | AG15: 0.1 | AI15: =(AG15-E15)/$AI$1 -> 0.0032142857
A16: 15_SAS | B16: 0 | C16: 0.01 | D16: 0.01 | E16: 0.01 | F16: =E16+$AI16 -> 0.013214286 | G16: =F16+$AI16 -> 0.016428571 | H16: =G16+$AI16 -> 0.019642857 | I16: =H16+$AI16 -> 0.022857143 | J16: =I16+$AI16 -> 0.026071429 | K16: =J16+$AI16 -> 0.029285714 | L16: =K16+$AI16 -> 0.0325 | M16: =L16+$AI16 -> 0.035714286 | ... AF16: =AE16+$AI16 -> 0.096785714 | AG16: 0.1 | AI16: =(AG16-E16)/$AI$1 -> 0.0032142857
A17: 16_PAS | B17: 0 | C17: 0.01 | D17: 0.01 | E17: 0.01 | F17: =E17+$AI17 -> 0.013214286 | G17: =F17+$AI17 -> 0.016428571 | H17: =G17+$AI17 -> 0.019642857 | I17: =H17+$AI17 -> 0.022857143 | J17: =I17+$AI17 -> 0.026071429 | K17: =J17+$AI17 -> 0.029285714 | L17: =K17+$AI17 -> 0.0325 | M17: =L17+$AI17 -> 0.035714286 | ... AF17: =AE17+$AI17 -> 0.096785714 | AG17: 0.1 | AI17: =(AG17-E17)/$AI$1 -> 0.0032142857
A18: 17_PAO | B18: 0 | C18: 0.033333333 | D18: 0.066666667 | E18: 0.1 | F18: =E18+$AI18 -> 0.11071429 | G18: =F18+$AI18 -> 0.12142857 | H18: =G18+$AI18 -> 0.13214286 | I18: =H18+$AI18 -> 0.14285714 | J18: =I18+$AI18 -> 0.15357143 | K18: =J18+$AI18 -> 0.16428571 | L18: =K18+$AI18 -> 0.175 | M18: =L18+$AI18 -> 0.18571429 | ... AF18: =AE18+$AI18 -> 0.38928571 | AG18: 0.4 | AI18: =(AG18-E18)/$AI$1 -> 0.010714286

Sheet CTAX_NZS
B1: 2019 | C1: 2020 | D1: 2021 | E1: 2022 | F1: 2023 | G1: 2024 | H1: 2025 | I1: 2026 | J1: 2027 | K1: 2028 | L1: 2029 | M1: 2030 | N1: 2031 | O1: 2032 | P1: 2033 | Q1: 2034 | R1: 2035 | S1: 2036 | T1: 2037 | U1: 2038 | V1: 2039 | W1: 2040 | X1: 2041 | Y1: 2042 | Z1: 2043 | AA1: 2044 | AB1: 2045 | AC1: 2046 | AD1: 2047 | AE1: 2048 | AF1: 2049 | AG1: 2050 | AI1: =AG1-E1 -> 28
A2: 01_KOR | B2: 0 | C2: 0.033333333 | D2: 0.066666667 | E2: 0.1 | F2: =E2+$AI2 -> 0.16785714 | G2: =F2+$AI2 -> 0.23571429 | H2: =G2+$AI2 -> 0.30357143 | I2: =H2+$AI2 -> 0.37142857 | J2: =I2+$AI2 -> 0.43928571 | K2: =J2+$AI2 -> 0.50714286 | L2: =K2+$AI2 -> 0.575 | M2: =L2+$AI2 -> 0.64285714 | ... AF2: =AE2+$AI2 -> 1.9321429 | AG2: 2 | AI2: =(AG2-E2)/$AI$1 -> 0.067857143
A3: 02_CHN | B3: 0 | C3: 0.016666667 | D3: 0.033333333 | E3: 0.05 | F3: =E3+$AI3 -> 0.083928571 | G3: =F3+$AI3 -> 0.11785714 | H3: =G3+$AI3 -> 0.15178571 | I3: =H3+$AI3 -> 0.18571429 | J3: =I3+$AI3 -> 0.21964286 | K3: =J3+$AI3 -> 0.25357143 | L3: =K3+$AI3 -> 0.2875 | M3: =L3+$AI3 -> 0.32142857 | ... AF3: =AE3+$AI3 -> 0.96607143 | AG3: 1 | AI3: =(AG3-E3)/$AI$1 -> 0.033928571
A4: 03_JPN | B4: 0 | C4: 0.033333333 | D4: 0.066666667 | E4: 0.1 | F4: 0.18571429 | G4: 0.27142857 | H4: 0.35714286 | I4: 0.44285714 | J4: 0.52857143 | K4: 0.61428571 | L4: 0.7 | M4: 0.78571429 | N4: 0.87142857 | O4: 0.95714286 | P4: 1.0428571 | Q4: 1.1285714 | R4: 1.2142857 | S4: 1.3 | T4: 1.3857143 | U4: 1.4714286 | V4: 1.5571429 | W4: 1.6428571 | X4: 1.7285714 | Y4: 1.8142857 | Z4: 1.9 | AA4: 1.9857143 | AB4: 2.0714286 | AC4: 2.1571429 | AD4: 2.2428571 | AE4: 2.3285714 | AF4: 2.4142857 | AG4: 2.5 | AI4: =(AG4-E4)/$AI$1 -> 0.085714286
A5: 04_RUS | B5: 0 | C5: 0.016666667 | D5: 0.033333333 | E5: 0.05 | F5: =E5+$AI5 -> 0.083928571 | G5: =F5+$AI5 -> 0.11785714 | H5: =G5+$AI5 -> 0.15178571 | I5: =H5+$AI5 -> 0.18571429 | J5: =I5+$AI5 -> 0.21964286 | K5: =J5+$AI5 -> 0.25357143 | L5: =K5+$AI5 -> 0.2875 | M5: =L5+$AI5 -> 0.32142857 | ... AF5: =AE5+$AI5 -> 0.96607143 | AG5: 1 | AI5: =(AG5-E5)/$AI$1 -> 0.033928571
A6: 05_MNG | B6: 0 | C6: 0.0001 | D6: 0.0001 | E6: 0.0001 | F6: 0.0036678571 | G6: 0.0072357143 | H6: 0.010803571 | I6: 0.014371429 | J6: 0.017939286 | K6: 0.021507143 | L6: 0.025075 | M6: 0.028642857 | N6: 0.032210714 | O6: 0.035778571 | P6: 0.039346429 | Q6: 0.042914286 | R6: 0.046482143 | S6: 0.05005 | T6: 0.053617857 | U6: 0.057185714 | V6: 0.060753571 | W6: 0.064321429 | X6: 0.067889286 | Y6: 0.071457143 | Z6: 0.075025 | AA6: 0.078592857 | AB6: 0.082160714 | AC6: 0.085728571 | AD6: 0.089296429 | AE6: 0.092864286 | AF6: 0.096432143 | AG6: 0.1 | AI6: =(AG6-E6)/$AI$1 -> 0.0035678571
A7: 06_PRK | B7: 0 | C7: 0.0001 | D7: 0.0001 | E7: 0.0001 | F7: 0.00366786 | G7: 0.00723571 | H7: 0.0108036 | I7: 0.0143714 | J7: 0.0179393 | K7: 0.0215071 | L7: 0.025075 | M7: 0.0286429 | N7: 0.0322107 | O7: 0.0357786 | P7: 0.0393464 | Q7: 0.0429143 | R7: 0.0464821 | S7: 0.05005 | T7: 0.0536179 | U7: 0.0571857 | V7: 0.0607536 | W7: 0.0643214 | X7: 0.0678893 | Y7: 0.0714571 | Z7: 0.075025 | AA7: 0.0785929 | AB7: 0.0821607 | AC7: 0.0857286 | AD7: 0.0892964 | AE7: 0.0928643 | AF7: 0.0964321 | AG7: 0.1 | AI7: =(AG7-E7)/$AI$1 -> 0.0035678571
A8: 07_NAM | B8: 0 | C8: 0.066666667 | D8: 0.13333333 | E8: 0.2 | F8: =E8+$AI8 -> 0.28214286 | G8: =F8+$AI8 -> 0.36428571 | H8: =G8+$AI8 -> 0.44642857 | I8: =H8+$AI8 -> 0.52857143 | J8: =I8+$AI8 -> 0.61071429 | K8: =J8+$AI8 -> 0.69285714 | L8: =K8+$AI8 -> 0.775 | M8: =L8+$AI8 -> 0.85714286 | ... AF8: =AE8+$AI8 -> 2.4178571 | AG8: 2.5 | AI8: =(AG8-E8)/$AI$1 -> 0.082142857
A9: 08_LAM | B9: 0 | C9: 0.016666667 | D9: 0.033333333 | E9: 0.05 | F9: =E9+$AI9 -> 0.083928571 | G9: =F9+$AI9 -> 0.11785714 | H9: =G9+$AI9 -> 0.15178571 | I9: =H9+$AI9 -> 0.18571429 | J9: =I9+$AI9 -> 0.21964286 | K9: =J9+$AI9 -> 0.25357143 | L9: =K9+$AI9 -> 0.2875 | M9: =L9+$AI9 -> 0.32142857 | ... AF9: =AE9+$AI9 -> 0.96607143 | AG9: 1 | AI9: =(AG9-E9)/$AI$1 -> 0.033928571
A10: 09_WEU | B10: 0 | C10: 0.13333333 | D10: 0.26666667 | E10: 0.4 | F10: =E10+$AI10 -> 0.475 | G10: =F10+$AI10 -> 0.55 | H10: =G10+$AI10 -> 0.625 | I10: =H10+$AI10 -> 0.7 | J10: =I10+$AI10 -> 0.775 | K10: =J10+$AI10 -> 0.85 | L10: =K10+$AI10 -> 0.925 | M10: =L10+$AI10 -> 1 | ... AF10: =AE10+$AI10 -> 2.425 | AG10: 2.5 | AI10: =(AG10-E10)/$AI$1 -> 0.075
A11: 10_EEU | B11: 0 | C11: 0.016666667 | D11: 0.033333333 | E11: 0.05 | F11: =E11+$AI11 -> 0.083928571 | G11: =F11+$AI11 -> 0.11785714 | H11: =G11+$AI11 -> 0.15178571 | I11: =H11+$AI11 -> 0.18571429 | J11: =I11+$AI11 -> 0.21964286 | K11: =J11+$AI11 -> 0.25357143 | L11: =K11+$AI11 -> 0.2875 | M11: =L11+$AI11 -> 0.32142857 | ... AF11: =AE11+$AI11 -> 0.96607143 | AG11: 1 | AI11: =(AG11-E11)/$AI$1 -> 0.033928571
A12: 11_FSU | B12: 0 | C12: 0.01 | D12: 0.01 | E12: 0.01 | F12: =E12+$AI12 -> 0.0275 | G12: =F12+$AI12 -> 0.045 | H12: =G12+$AI12 -> 0.0625 | I12: =H12+$AI12 -> 0.08 | J12: =I12+$AI12 -> 0.0975 | K12: =J12+$AI12 -> 0.115 | L12: =K12+$AI12 -> 0.1325 | M12: =L12+$AI12 -> 0.15 | ... AF12: =AE12+$AI12 -> 0.4825 | AG12: 0.5 | AI12: =(AG12-E12)/$AI$1 -> 0.0175
A13: 12_MEA | B13: 0 | C13: 0.01 | D13: 0.01 | E13: 0.01 | F13: =E13+$AI13 -> 0.0275 | G13: =F13+$AI13 -> 0.045 | H13: =G13+$AI13 -> 0.0625 | I13: =H13+$AI13 -> 0.08 | J13: =I13+$AI13 -> 0.0975 | K13: =J13+$AI13 -> 0.115 | L13: =K13+$AI13 -> 0.1325 | M13: =L13+$AI13 -> 0.15 | ... AF13: =AE13+$AI13 -> 0.4825 | AG13: 0.5 | AI13: =(AG13-E13)/$AI$1 -> 0.0175
A14: 13_AFR | B14: 0 | C14: 0.01 | D14: 0.01 | E14: 0.01 | F14: =E14+$AI14 -> 0.0275 | G14: =F14+$AI14 -> 0.045 | H14: =G14+$AI14 -> 0.0625 | I14: =H14+$AI14 -> 0.08 | J14: =I14+$AI14 -> 0.0975 | K14: =J14+$AI14 -> 0.115 | L14: =K14+$AI14 -> 0.1325 | M14: =L14+$AI14 -> 0.15 | ... AF14: =AE14+$AI14 -> 0.4825 | AG14: 0.5 | AI14: =(AG14-E14)/$AI$1 -> 0.0175
A15: 14_CPA | B15: 0 | C15: 0.01 | D15: 0.01 | E15: 0.01 | F15: =E15+$AI15 -> 0.0275 | G15: =F15+$AI15 -> 0.045 | H15: =G15+$AI15 -> 0.0625 | I15: =H15+$AI15 -> 0.08 | J15: =I15+$AI15 -> 0.0975 | K15: =J15+$AI15 -> 0.115 | L15: =K15+$AI15 -> 0.1325 | M15: =L15+$AI15 -> 0.15 | ... AF15: =AE15+$AI15 -> 0.4825 | AG15: 0.5 | AI15: =(AG15-E15)/$AI$1 -> 0.0175
A16: 15_SAS | B16: 0 | C16: 0.01 | D16: 0.01 | E16: 0.01 | F16: =E16+$AI16 -> 0.0275 | G16: =F16+$AI16 -> 0.045 | H16: =G16+$AI16 -> 0.0625 | I16: =H16+$AI16 -> 0.08 | J16: =I16+$AI16 -> 0.0975 | K16: =J16+$AI16 -> 0.115 | L16: =K16+$AI16 -> 0.1325 | M16: =L16+$AI16 -> 0.15 | ... AF16: =AE16+$AI16 -> 0.4825 | AG16: 0.5 | AI16: =(AG16-E16)/$AI$1 -> 0.0175
A17: 16_PAS | B17: 0 | C17: 0.01 | D17: 0.01 | E17: 0.01 | F17: =E17+$AI17 -> 0.0275 | G17: =F17+$AI17 -> 0.045 | H17: =G17+$AI17 -> 0.0625 | I17: =H17+$AI17 -> 0.08 | J17: =I17+$AI17 -> 0.0975 | K17: =J17+$AI17 -> 0.115 | L17: =K17+$AI17 -> 0.1325 | M17: =L17+$AI17 -> 0.15 | ... AF17: =AE17+$AI17 -> 0.4825 | AG17: 0.5 | AI17: =(AG17-E17)/$AI$1 -> 0.0175
A18: 17_PAO | B18: 0 | C18: 0.033333333 | D18: 0.066666667 | E18: 0.1 | F18: =E18+$AI18 -> 0.18571429 | G18: =F18+$AI18 -> 0.27142857 | H18: =G18+$AI18 -> 0.35714286 | I18: =H18+$AI18 -> 0.44285714 | J18: =I18+$AI18 -> 0.52857143 | K18: =J18+$AI18 -> 0.61428571 | L18: =K18+$AI18 -> 0.7 | M18: =L18+$AI18 -> 0.78571429 | ... AF18: =AE18+$AI18 -> 2.4142857 | AG18: 2.5 | AI18: =(AG18-E18)/$AI$1 -> 0.085714286

Sheet CTAX_61
B1: 2019 | C1: 2020 | D1: 2021 | E1: 2022 | F1: 2023 | G1: 2024 | H1: 2025 | I1: 2026 | J1: 2027 | K1: 2028 | L1: 2029 | M1: 2030 | N1: 2031 | O1: 2032 | P1: 2033 | Q1: 2034 | R1: 2035 | S1: 2036 | T1: 2037 | U1: 2038 | V1: 2039 | W1: 2040 | X1: 2041 | Y1: 2042 | Z1: 2043 | AA1: 2044 | AB1: 2045 | AC1: 2046 | AD1: 2047 | AE1: 2048 | AF1: 2049 | AG1: 2050
A2: 01_KOR | B2: 0 | C2: 0.033333333 | D2: 0.066666667 | E2: 0.1 | F2: =E2 -> 0.1 | G2: =F2+0.02 -> 0.12 | H2: =G2+0.02 -> 0.14 | I2: =H2+0.02 -> 0.16 | J2: =I2+0.02 -> 0.18 | K2: =J2+0.02 -> 0.2 | L2: =K2+0.02 -> 0.22 | M2: =L2+0.02 -> 0.24 | N2: =M2+0.02 -> 0.26 | ... AG2: =AF2+0.02 -> 0.64
A3: 02_CHN | B3: 0 | C3: 0.016666667 | D3: 0.033333333 | E3: 0.05 | F3: =E3 -> 0.05 | G3: =F3+0.02 -> 0.07 | H3: =G3+0.02 -> 0.09 | I3: =H3+0.02 -> 0.11 | J3: =I3+0.02 -> 0.13 | K3: =J3+0.02 -> 0.15 | L3: =K3+0.02 -> 0.17 | M3: =L3+0.02 -> 0.19 | N3: =M3+0.02 -> 0.21 | ... AG3: =AF3+0.02 -> 0.59
A4: 03_JPN | B4: 0 | C4: 0.033333333 | D4: 0.066666667 | E4: 0.1 | F4: =E4 -> 0.1 | G4: =F4+0.02 -> 0.12 | H4: =G4+0.02 -> 0.14 | I4: =H4+0.02 -> 0.16 | J4: =I4+0.02 -> 0.18 | K4: =J4+0.02 -> 0.2 | L4: =K4+0.02 -> 0.22 | M4: =L4+0.02 -> 0.24 | N4: =M4+0.02 -> 0.26 | ... AG4: =AF4+0.02 -> 0.64
A5: 04_RUS | B5: 0 | C5: 0.01 | D5: 0.01 | E5: 0.01 | F5: =E5 -> 0.01 | G5: =F5+0.02 -> 0.03 | H5: =G5+0.02 -> 0.05 | I5: =H5+0.02 -> 0.07 | J5: =I5+0.02 -> 0.09 | K5: =J5+0.02 -> 0.11 | L5: =K5+0.02 -> 0.13 | M5: =L5+0.02 -> 0.15 | N5: =M5+0.02 -> 0.17 | ... AG5: =AF5+0.02 -> 0.55
A6: 05_MNG | B6: 0 | C6: 0.01 | D6: 0.01 | E6: 0.01 | F6: =E6 -> 0.01 | G6: =F6+0.02 -> 0.03 | H6: =G6+0.02 -> 0.05 | I6: =H6+0.02 -> 0.07 | J6: =I6+0.02 -> 0.09 | K6: =J6+0.02 -> 0.11 | L6: =K6+0.02 -> 0.13 | M6: =L6+0.02 -> 0.15 | N6: =M6+0.02 -> 0.17 | ... AG6: =AF6+0.02 -> 0.55
A7: 06_PRK | B7: 0 | C7: 0.01 | D7: 0.01 | E7: 0.01 | F7: =E7 -> 0.01 | G7: =F7+0.02 -> 0.03 | H7: =G7+0.02 -> 0.05 | I7: =H7+0.02 -> 0.07 | J7: =I7+0.02 -> 0.09 | K7: =J7+0.02 -> 0.11 | L7: =K7+0.02 -> 0.13 | M7: =L7+0.02 -> 0.15 | N7: =M7+0.02 -> 0.17 | ... AG7: =AF7+0.02 -> 0.55
A8: 07_NAM | B8: 0 | C8: 0.066666667 | D8: 0.13333333 | E8: 0.2 | F8: =E8 -> 0.2 | G8: =F8+0.02 -> 0.22 | H8: =G8+0.02 -> 0.24 | I8: =H8+0.02 -> 0.26 | J8: =I8+0.02 -> 0.28 | K8: =J8+0.02 -> 0.3 | L8: =K8+0.02 -> 0.32 | M8: =L8+0.02 -> 0.34 | N8: =M8+0.02 -> 0.36 | ... AG8: =AF8+0.02 -> 0.74
A9: 08_LAM | B9: 0 | C9: 0.016666667 | D9: 0.033333333 | E9: 0.05 | F9: =E9 -> 0.05 | G9: =F9+0.02 -> 0.07 | H9: =G9+0.02 -> 0.09 | I9: =H9+0.02 -> 0.11 | J9: =I9+0.02 -> 0.13 | K9: =J9+0.02 -> 0.15 | L9: =K9+0.02 -> 0.17 | M9: =L9+0.02 -> 0.19 | N9: =M9+0.02 -> 0.21 | ... AG9: =AF9+0.02 -> 0.59
A10: 09_WEU | B10: 0 | C10: 0.13333333 | D10: 0.26666667 | E10: 0.4 | F10: =E10 -> 0.4 | G10: =F10+0.02 -> 0.42 | H10: =G10+0.02 -> 0.44 | I10: =H10+0.02 -> 0.46 | J10: =I10+0.02 -> 0.48 | K10: =J10+0.02 -> 0.5 | L10: =K10+0.02 -> 0.52 | M10: =L10+0.02 -> 0.54 | N10: =M10+0.02 -> 0.56 | ... AG10: =AF10+0.02 -> 0.94
A11: 10_EEU | B11: 0 | C11: 0.016666667 | D11: 0.033333333 | E11: 0.05 | F11: =E11 -> 0.05 | G11: =F11+0.02 -> 0.07 | H11: =G11+0.02 -> 0.09 | I11: =H11+0.02 -> 0.11 | J11: =I11+0.02 -> 0.13 | K11: =J11+0.02 -> 0.15 | L11: =K11+0.02 -> 0.17 | M11: =L11+0.02 -> 0.19 | N11: =M11+0.02 -> 0.21 | ... AG11: =AF11+0.02 -> 0.59
A12: 11_FSU | B12: 0 | C12: 0.01 | D12: 0.01 | E12: 0.01 | F12: =E12 -> 0.01 | G12: =F12+0.02 -> 0.03 | H12: =G12+0.02 -> 0.05 | I12: =H12+0.02 -> 0.07 | J12: =I12+0.02 -> 0.09 | K12: =J12+0.02 -> 0.11 | L12: =K12+0.02 -> 0.13 | M12: =L12+0.02 -> 0.15 | N12: =M12+0.02 -> 0.17 | ... AG12: =AF12+0.02 -> 0.55
A13: 12_MEA | B13: 0 | C13: 0.01 | D13: 0.01 | E13: 0.01 | F13: =E13 -> 0.01 | G13: =F13+0.02 -> 0.03 | H13: =G13+0.02 -> 0.05 | I13: =H13+0.02 -> 0.07 | J13: =I13+0.02 -> 0.09 | K13: =J13+0.02 -> 0.11 | L13: =K13+0.02 -> 0.13 | M13: =L13+0.02 -> 0.15 | N13: =M13+0.02 -> 0.17 | ... AG13: =AF13+0.02 -> 0.55
... A18: 17_PAO | B18: 0 | C18: 0.033333333 | D18: 0.066666667 | E18: 0.1 | F18: =E18 -> 0.1 | G18: =F18+0.02 -> 0.12 | H18: =G18+0.02 -> 0.14 | I18: =H18+0.02 -> 0.16 | J18: =I18+0.02 -> 0.18 | K18: =J18+0.02 -> 0.2 | L18: =K18+0.02 -> 0.22 | M18: =L18+0.02 -> 0.24 | N18: =M18+0.02 -> 0.26 | ... AG18: =AF18+0.02 -> 0.64

Sheet CTAX_145
B1: 2019 | C1: 2020 | D1: 2021 | E1: 2022 | F1: 2023 | G1: 2024 | H1: 2025 | I1: 2026 | J1: 2027 | K1: 2028 | L1: 2029 | M1: 2030 | N1: 2031 | O1: 2032 | P1: 2033 | Q1: 2034 | R1: 2035 | S1: 2036 | T1: 2037 | U1: 2038 | V1: 2039 | W1: 2040 | X1: 2041 | Y1: 2042 | Z1: 2043 | AA1: 2044 | AB1: 2045 | AC1: 2046 | AD1: 2047 | AE1: 2048 | AF1: 2049 | AG1: 2050
A2: 01_KOR | B2: 0 | C2: 0 | D2: 0 | E2: 0.05 | F2: =E2+0.05 -> 0.1 | G2: =F2+0.05 -> 0.15 | H2: =G2+0.05 -> 0.2 | I2: =H2+0.05 -> 0.25 | J2: =I2+0.05 -> 0.3 | K2: =J2+0.05 -> 0.35 | L2: =K2+0.05 -> 0.4 | M2: =L2+0.05 -> 0.45 | ... AG2: =AF2+0.05 -> 1.45
A3: 02_CHN | B3: 0 | C3: 0 | D3: 0 | E3: 0.05 | F3: =E3+0.05 -> 0.1 | G3: =F3+0.05 -> 0.15 | H3: =G3+0.05 -> 0.2 | I3: =H3+0.05 -> 0.25 | J3: =I3+0.05 -> 0.3 | K3: =J3+0.05 -> 0.35 | L3: =K3+0.05 -> 0.4 | M3: =L3+0.05 -> 0.45 | ... AG3: =AF3+0.05 -> 1.45
A4: 03_JPN | B4: 0 | C4: 0 | D4: 0 | E4: 0.05 | F4: =E4+0.05 -> 0.1 | G4: =F4+0.05 -> 0.15 | H4: =G4+0.05 -> 0.2 | I4: =H4+0.05 -> 0.25 | J4: =I4+0.05 -> 0.3 | K4: =J4+0.05 -> 0.35 | L4: =K4+0.05 -> 0.4 | M4: =L4+0.05 -> 0.45 | ... AG4: =AF4+0.05 -> 1.45
A5: 04_RUS | B5: 0 | C5: 0 | D5: 0 | E5: 0.05 | F5: =E5+0.05 -> 0.1 | G5: =F5+0.05 -> 0.15 | H5: =G5+0.05 -> 0.2 | I5: =H5+0.05 -> 0.25 | J5: =I5+0.05 -> 0.3 | K5: =J5+0.05 -> 0.35 | L5: =K5+0.05 -> 0.4 | M5: =L5+0.05 -> 0.45 | ... AG5: =AF5+0.05 -> 1.45
A6: 05_MNG | B6: 0 | C6: 0 | D6: 0 | E6: 0.05 | F6: =E6+0.05 -> 0.1 | G6: =F6+0.05 -> 0.15 | H6: =G6+0.05 -> 0.2 | I6: =H6+0.05 -> 0.25 | J6: =I6+0.05 -> 0.3 | K6: =J6+0.05 -> 0.35 | L6: =K6+0.05 -> 0.4 | M6: =L6+0.05 -> 0.45 | ... AG6: =AF6+0.05 -> 1.45
A7: 06_PRK | B7: 0 | C7: 0 | D7: 0 | E7: 0.05 | F7: =E7+0.05 -> 0.1 | G7: =F7+0.05 -> 0.15 | H7: =G7+0.05 -> 0.2 | I7: =H7+0.05 -> 0.25 | J7: =I7+0.05 -> 0.3 | K7: =J7+0.05 -> 0.35 | L7: =K7+0.05 -> 0.4 | M7: =L7+0.05 -> 0.45 | ... AG7: =AF7+0.05 -> 1.45
A8: 07_NAM | B8: 0 | C8: 0 | D8: 0 | E8: 0.05 | F8: =E8+0.05 -> 0.1 | G8: =F8+0.05 -> 0.15 | H8: =G8+0.05 -> 0.2 | I8: =H8+0.05 -> 0.25 | J8: =I8+0.05 -> 0.3 | K8: =J8+0.05 -> 0.35 | L8: =K8+0.05 -> 0.4 | M8: =L8+0.05 -> 0.45 | ... AG8: =AF8+0.05 -> 1.45
A9: 08_LAM | B9: 0 | C9: 0 | D9: 0 | E9: 0.05 | F9: =E9+0.05 -> 0.1 | G9: =F9+0.05 -> 0.15 | H9: =G9+0.05 -> 0.2 | I9: =H9+0.05 -> 0.25 | J9: =I9+0.05 -> 0.3 | K9: =J9+0.05 -> 0.35 | L9: =K9+0.05 -> 0.4 | M9: =L9+0.05 -> 0.45 | ... AG9: =AF9+0.05 -> 1.45
A10: 09_WEU | B10: 0 | C10: 0 | D10: 0 | E10: 0.05 | F10: =E10+0.05 -> 0.1 | G10: =F10+0.05 -> 0.15 | H10: =G10+0.05 -> 0.2 | I10: =H10+0.05 -> 0.25 | J10: =I10+0.05 -> 0.3 | K10: =J10+0.05 -> 0.35 | L10: =K10+0.05 -> 0.4 | M10: =L10+0.05 -> 0.45 | ... AG10: =AF10+0.05 -> 1.45
A11: 10_EEU | B11: 0 | C11: 0 | D11: 0 | E11: 0.05 | F11: =E11+0.05 -> 0.1 | G11: =F11+0.05 -> 0.15 | H11: =G11+0.05 -> 0.2 | I11: =H11+0.05 -> 0.25 | J11: =I11+0.05 -> 0.3 | K11: =J11+0.05 -> 0.35 | L11: =K11+0.05 -> 0.4 | M11: =L11+0.05 -> 0.45 | ... AG11: =AF11+0.05 -> 1.45
A12: 11_FSU | B12: 0 | C12: 0 | D12: 0 | E12: 0.05 | F12: =E12+0.05 -> 0.1 | G12: =F12+0.05 -> 0.15 | H12: =G12+0.05 -> 0.2 | I12: =H12+0.05 -> 0.25 | J12: =I12+0.05 -> 0.3 | K12: =J12+0.05 -> 0.35 | L12: =K12+0.05 -> 0.4 | M12: =L12+0.05 -> 0.45 | ... AG12: =AF12+0.05 -> 1.45
A13: 12_MEA | B13: 0 | C13: 0 | D13: 0 | E13: 0.05 | F13: =E13+0.05 -> 0.1 | G13: =F13+0.05 -> 0.15 | H13: =G13+0.05 -> 0.2 | I13: =H13+0.05 -> 0.25 | J13: =I13+0.05 -> 0.3 | K13: =J13+0.05 -> 0.35 | L13: =K13+0.05 -> 0.4 | M13: =L13+0.05 -> 0.45 | ... AG13: =AF13+0.05 -> 1.45
... A18: 17_PAO | B18: 0 | C18: 0 | D18: 0 | E18: 0.05 | F18: =E18+0.05 -> 0.1 | G18: =F18+0.05 -> 0.15 | H18: =G18+0.05 -> 0.2 | I18: =H18+0.05 -> 0.25 | J18: =I18+0.05 -> 0.3 | K18: =J18+0.05 -> 0.35 | L18: =K18+0.05 -> 0.4 | M18: =L18+0.05 -> 0.45 | ... AG18: =AF18+0.05 -> 1.45

Sheet CTAX_285
B1: 2019 | C1: 2020 | D1: 2021 | E1: 2022 | F1: 2023 | G1: 2024 | H1: 2025 | I1: 2026 | J1: 2027 | K1: 2028 | L1: 2029 | M1: 2030 | N1: 2031 | O1: 2032 | P1: 2033 | Q1: 2034 | R1: 2035 | S1: 2036 | T1: 2037 | U1: 2038 | V1: 2039 | W1: 2040 | X1: 2041 | Y1: 2042 | Z1: 2043 | AA1: 2044 | AB1: 2045 | AC1: 2046 | AD1: 2047 | AE1: 2048 | AF1: 2049 | AG1: 2050
A2: 01_KOR | B2: 0 | C2: 0 | D2: 0 | E2: 0.05 | F2: =E2+0.1 -> 0.15 | G2: =F2+0.1 -> 0.25 | H2: =G2+0.1 -> 0.35 | I2: =H2+0.1 -> 0.45 | J2: =I2+0.1 -> 0.55 | K2: =J2+0.1 -> 0.65 | L2: =K2+0.1 -> 0.75 | M2: =L2+0.1 -> 0.85 | ... AG2: =AF2+0.1 -> 2.85
A3: 02_CHN | B3: 0 | C3: 0 | D3: 0 | E3: 0.05 | F3: =E3+0.1 -> 0.15 | G3: =F3+0.1 -> 0.25 | H3: =G3+0.1 -> 0.35 | I3: =H3+0.1 -> 0.45 | J3: =I3+0.1 -> 0.55 | K3: =J3+0.1 -> 0.65 | L3: =K3+0.1 -> 0.75 | M3: =L3+0.1 -> 0.85 | ... AG3: =AF3+0.1 -> 2.85
A4: 03_JPN | B4: 0 | C4: 0 | D4: 0 | E4: 0.05 | F4: =E4+0.1 -> 0.15 | G4: =F4+0.1 -> 0.25 | H4: =G4+0.1 -> 0.35 | I4: =H4+0.1 -> 0.45 | J4: =I4+0.1 -> 0.55 | K4: =J4+0.1 -> 0.65 | L4: =K4+0.1 -> 0.75 | M4: =L4+0.1 -> 0.85 | ... AG4: =AF4+0.1 -> 2.85
A5: 04_RUS | B5: 0 | C5: 0 | D5: 0 | E5: 0.05 | F5: =E5+0.1 -> 0.15 | G5: =F5+0.1 -> 0.25 | H5: =G5+0.1 -> 0.35 | I5: =H5+0.1 -> 0.45 | J5: =I5+0.1 -> 0.55 | K5: =J5+0.1 -> 0.65 | L5: =K5+0.1 -> 0.75 | M5: =L5+0.1 -> 0.85 | ... AG5: =AF5+0.1 -> 2.85
A6: 05_MNG | B6: 0 | C6: 0 | D6: 0 | E6: 0.05 | F6: =E6+0.1 -> 0.15 | G6: =F6+0.1 -> 0.25 | H6: =G6+0.1 -> 0.35 | I6: =H6+0.1 -> 0.45 | J6: =I6+0.1 -> 0.55 | K6: =J6+0.1 -> 0.65 | L6: =K6+0.1 -> 0.75 | M6: =L6+0.1 -> 0.85 | ... AG6: =AF6+0.1 -> 2.85
A7: 06_PRK | B7: 0 | C7: 0 | D7: 0 | E7: 0.05 | F7: =E7+0.1 -> 0.15 | G7: =F7+0.1 -> 0.25 | H7: =G7+0.1 -> 0.35 | I7: =H7+0.1 -> 0.45 | J7: =I7+0.1 -> 0.55 | K7: =J7+0.1 -> 0.65 | L7: =K7+0.1 -> 0.75 | M7: =L7+0.1 -> 0.85 | ... AG7: =AF7+0.1 -> 2.85
A8: 07_NAM | B8: 0 | C8: 0 | D8: 0 | E8: 0.05 | F8: =E8+0.1 -> 0.15 | G8: =F8+0.1 -> 0.25 | H8: =G8+0.1 -> 0.35 | I8: =H8+0.1 -> 0.45 | J8: =I8+0.1 -> 0.55 | K8: =J8+0.1 -> 0.65 | L8: =K8+0.1 -> 0.75 | M8: =L8+0.1 -> 0.85 | ... AG8: =AF8+0.1 -> 2.85
A9: 08_LAM | B9: 0 | C9: 0 | D9: 0 | E9: 0.05 | F9: =E9+0.1 -> 0.15 | G9: =F9+0.1 -> 0.25 | H9: =G9+0.1 -> 0.35 | I9: =H9+0.1 -> 0.45 | J9: =I9+0.1 -> 0.55 | K9: =J9+0.1 -> 0.65 | L9: =K9+0.1 -> 0.75 | M9: =L9+0.1 -> 0.85 | ... AG9: =AF9+0.1 -> 2.85
A10: 09_WEU | B10: 0 | C10: 0 | D10: 0 | E10: 0.05 | F10: =E10+0.1 -> 0.15 | G10: =F10+0.1 -> 0.25 | H10: =G10+0.1 -> 0.35 | I10: =H10+0.1 -> 0.45 | J10: =I10+0.1 -> 0.55 | K10: =J10+0.1 -> 0.65 | L10: =K10+0.1 -> 0.75 | M10: =L10+0.1 -> 0.85 | ... AG10: =AF10+0.1 -> 2.85
A11: 10_EEU | B11: 0 | C11: 0 | D11: 0 | E11: 0.05 | F11: =E11+0.1 -> 0.15 | G11: =F11+0.1 -> 0.25 | H11: =G11+0.1 -> 0.35 | I11: =H11+0.1 -> 0.45 | J11: =I11+0.1 -> 0.55 | K11: =J11+0.1 -> 0.65 | L11: =K11+0.1 -> 0.75 | M11: =L11+0.1 -> 0.85 | ... AG11: =AF11+0.1 -> 2.85
A12: 11_FSU | B12: 0 | C12: 0 | D12: 0 | E12: 0.05 | F12: =E12+0.1 -> 0.15 | G12: =F12+0.1 -> 0.25 | H12: =G12+0.1 -> 0.35 | I12: =H12+0.1 -> 0.45 | J12: =I12+0.1 -> 0.55 | K12: =J12+0.1 -> 0.65 | L12: =K12+0.1 -> 0.75 | M12: =L12+0.1 -> 0.85 | ... AG12: =AF12+0.1 -> 2.85
A13: 12_MEA | B13: 0 | C13: 0 | D13: 0 | E13: 0.05 | F13: =E13+0.1 -> 0.15 | G13: =F13+0.1 -> 0.25 | H13: =G13+0.1 -> 0.35 | I13: =H13+0.1 -> 0.45 | J13: =I13+0.1 -> 0.55 | K13: =J13+0.1 -> 0.65 | L13: =K13+0.1 -> 0.75 | M13: =L13+0.1 -> 0.85 | ... AG13: =AF13+0.1 -> 2.85
... A18: 17_PAO | B18: 0 | C18: 0 | D18: 0 | E18: 0.05 | F18: =E18+0.1 -> 0.15 | G18: =F18+0.1 -> 0.25 | H18: =G18+0.1 -> 0.35 | I18: =H18+0.1 -> 0.45 | J18: =I18+0.1 -> 0.55 | K18: =J18+0.1 -> 0.65 | L18: =K18+0.1 -> 0.75 | M18: =L18+0.1 -> 0.85 | ... AG18: =AF18+0.1 -> 2.85

Sheet CTAX_425
B1: 2019 | C1: 2020 | D1: 2021 | E1: 2022 | F1: 2023 | G1: 2024 | H1: 2025 | I1: 2026 | J1: 2027 | K1: 2028 | L1: 2029 | M1: 2030 | N1: 2031 | O1: 2032 | P1: 2033 | Q1: 2034 | R1: 2035 | S1: 2036 | T1: 2037 | U1: 2038 | V1: 2039 | W1: 2040 | X1: 2041 | Y1: 2042 | Z1: 2043 | AA1: 2044 | AB1: 2045 | AC1: 2046 | AD1: 2047 | AE1: 2048 | AF1: 2049 | AG1: 2050
A2: 01_KOR | B2: 0 | C2: 0 | D2: 0 | E2: 0.05 | F2: =E2+0.15 -> 0.2 | G2: =F2+0.15 -> 0.35 | H2: =G2+0.15 -> 0.5 | I2: =H2+0.15 -> 0.65 | J2: =I2+0.15 -> 0.8 | K2: =J2+0.15 -> 0.95 | L2: =K2+0.15 -> 1.1 | M2: =L2+0.15 -> 1.25 | ... AG2: =AF2+0.15 -> 4.25
A3: 02_CHN | B3: 0 | C3: 0 | D3: 0 | E3: 0.05 | F3: =E3+0.15 -> 0.2 | G3: =F3+0.15 -> 0.35 | H3: =G3+0.15 -> 0.5 | I3: =H3+0.15 -> 0.65 | J3: =I3+0.15 -> 0.8 | K3: =J3+0.15 -> 0.95 | L3: =K3+0.15 -> 1.1 | M3: =L3+0.15 -> 1.25 | ... AG3: =AF3+0.15 -> 4.25
A4: 03_JPN | B4: 0 | C4: 0 | D4: 0 | E4: 0.05 | F4: =E4+0.15 -> 0.2 | G4: =F4+0.15 -> 0.35 | H4: =G4+0.15 -> 0.5 | I4: =H4+0.15 -> 0.65 | J4: =I4+0.15 -> 0.8 | K4: =J4+0.15 -> 0.95 | L4: =K4+0.15 -> 1.1 | M4: =L4+0.15 -> 1.25 | ... AG4: =AF4+0.15 -> 4.25
A5: 04_RUS | B5: 0 | C5: 0 | D5: 0 | E5: 0.05 | F5: =E5+0.15 -> 0.2 | G5: =F5+0.15 -> 0.35 | H5: =G5+0.15 -> 0.5 | I5: =H5+0.15 -> 0.65 | J5: =I5+0.15 -> 0.8 | K5: =J5+0.15 -> 0.95 | L5: =K5+0.15 -> 1.1 | M5: =L5+0.15 -> 1.25 | ... AG5: =AF5+0.15 -> 4.25
A6: 05_MNG | B6: 0 | C6: 0 | D6: 0 | E6: 0.05 | F6: =E6+0.15 -> 0.2 | G6: =F6+0.15 -> 0.35 | H6: =G6+0.15 -> 0.5 | I6: =H6+0.15 -> 0.65 | J6: =I6+0.15 -> 0.8 | K6: =J6+0.15 -> 0.95 | L6: =K6+0.15 -> 1.1 | M6: =L6+0.15 -> 1.25 | ... AG6: =AF6+0.15 -> 4.25
A7: 06_PRK | B7: 0 | C7: 0 | D7: 0 | E7: 0.05 | F7: =E7+0.15 -> 0.2 | G7: =F7+0.15 -> 0.35 | H7: =G7+0.15 -> 0.5 | I7: =H7+0.15 -> 0.65 | J7: =I7+0.15 -> 0.8 | K7: =J7+0.15 -> 0.95 | L7: =K7+0.15 -> 1.1 | M7: =L7+0.15 -> 1.25 | ... AG7: =AF7+0.15 -> 4.25
A8: 07_NAM | B8: 0 | C8: 0 | D8: 0 | E8: 0.05 | F8: =E8+0.15 -> 0.2 | G8: =F8+0.15 -> 0.35 | H8: =G8+0.15 -> 0.5 | I8: =H8+0.15 -> 0.65 | J8: =I8+0.15 -> 0.8 | K8: =J8+0.15 -> 0.95 | L8: =K8+0.15 -> 1.1 | M8: =L8+0.15 -> 1.25 | ... AG8: =AF8+0.15 -> 4.25
A9: 08_LAM | B9: 0 | C9: 0 | D9: 0 | E9: 0.05 | F9: =E9+0.15 -> 0.2 | G9: =F9+0.15 -> 0.35 | H9: =G9+0.15 -> 0.5 | I9: =H9+0.15 -> 0.65 | J9: =I9+0.15 -> 0.8 | K9: =J9+0.15 -> 0.95 | L9: =K9+0.15 -> 1.1 | M9: =L9+0.15 -> 1.25 | ... AG9: =AF9+0.15 -> 4.25
A10: 09_WEU | B10: 0 | C10: 0 | D10: 0 | E10: 0.05 | F10: =E10+0.15 -> 0.2 | G10: =F10+0.15 -> 0.35 | H10: =G10+0.15 -> 0.5 | I10: =H10+0.15 -> 0.65 | J10: =I10+0.15 -> 0.8 | K10: =J10+0.15 -> 0.95 | L10: =K10+0.15 -> 1.1 | M10: =L10+0.15 -> 1.25 | ... AG10: =AF10+0.15 -> 4.25
A11: 10_EEU | B11: 0 | C11: 0 | D11: 0 | E11: 0.05 | F11: =E11+0.15 -> 0.2 | G11: =F11+0.15 -> 0.35 | H11: =G11+0.15 -> 0.5 | I11: =H11+0.15 -> 0.65 | J11: =I11+0.15 -> 0.8 | K11: =J11+0.15 -> 0.95 | L11: =K11+0.15 -> 1.1 | M11: =L11+0.15 -> 1.25 | ... AG11: =AF11+0.15 -> 4.25
